Workbook

Sheet Board & Executives
A1: Company | B1: Board | C1: Exec | D1: Employer | E1: Fname | F1: MI | G1: Lname | H1: Gender | I1: State | J1: Age | K1: DOB | L1: Dem | M1: Rep | N1: Neu | O1: Reg | P1: Address
A3: Citigroup | B3: Y | C3: N | D3: Former President and Chief Executive Officer, BMO Financial Corporation, and Former U.S. Country Head, BMO Financial Group, Director Diebold Nixdorf, Inc | E3: Ellen | F3: M. | G3: Costello | H3: F | I3: IL? | J3: 66 | O3: D | Q3: =+E3&F3&G3 -> Ellen M. Costello | R3: No FEC Data
A4: Citigroup | B4: Y | C4: N | D4: Former Senior Deputy Comptroller for Bank Supervision Policy and Chief National Bank Examiner, Office of the Comptroller of the Currency | E4: Grace | F4: E. | G4: Dailey | H4: F | I4: DC? | J4: 60 | Q4: =+E4&F4&G4 -> Grace E. Dailey | R4: No FEC Data
A5: Citigroup | B5: Y | C5: N | D5: Chair | E5: Barbara | F5: J. | G5: Desoer | H5: F | I5: NY | J5: 68 | K5: 1953 | N5: =+GETPIVOTDATA("contribution_receipt_amount",'Barbara Desoer'!$A$9) -> 15000 | O5: R | P5: 300 E 56TH ST NEW YORK NY 100224146 | Q5: =+E5&F5&G5 -> Barbara J. Desoer
A6: Citigroup | B6: Y | C6: N | D6: Chair | E6: John | F6: C. | G6: Dugan | H6: M | I6: DC? | J6: 65 | K6: 20243 | Q6: =+E6&F6&G6 -> John C. Dugan | R6: No FEC Data
A7: Citigroup | B7: Y | C7: Y | D7: Chief Executive Officer | E7: Jane | F7: N. | G7: Fraser | H7: F | I7: FL | J7: 53 | L7: =+'JANE FRASER'!D250 -> 5831.5 | M7: =+'JANE FRASER'!D251 -> 1568.5 | N7: =+'JANE FRASER'!D252 -> 9422.7 | O7: D | P7: 201 S. BISCAYNE BLVD. MIAMI FL 33131 | Q7: =+E7&F7&G7 -> Jane N. Fraser
A8: Citigroup | B8: Y | C8: N | D8: Co-Founder and Partner Atrevida Partners, LLC | E8: Duncan | F8: P. | G8: Hennes | H8: M | I8: NY | J8: 64 | O8: R | P8: 170 Stuyvesant Ave, Rye NY 10580 | Q8: =+E8&F8&G8 -> Duncan P. Hennes | R8: No FEC Data
A9: Citigroup | B9: Y | C9: N | D9: Dean Emeritus and W. R. Berkley Professor of Economics and Finance, New York University, Leonard N. Stern School of Business | E9: Peter | F9: B. | G9: Henry | H9: M | I9: NY | J9: 51 | O9: D | P9: 14 Washington Mews,NY,NY 10003 | Q9: =+E9&F9&G9 -> Peter B. Henry | R9: No FEC Data
A10: Citigroup | B10: Y | C10: N | D10: Former Assistant Secretary for Intelligence and Analysis, U.S. Department of the Treasury, and National Intelligence Manager for Threat Finance, Office of the Director of National Intelligence | E10: S. | F10: Leslie | G10: Ireland | H10: F | I10: NY | J10: 61 | K10: 1959 | Q10: =+E10&F10&G10 -> S. Leslie Ireland | R10: No FEC Data
A11: Citigroup | B11: Y | C11: N | D11: Former President and Managing Director, Pacific Investment Management Company LLC (PIMCO) | E11: Lew | F11: W. (Jay) | G11: Jacobs, IV | H11: M | I11: MO | J11: 50 | Q11: =+E11&F11&G11 -> Lew W. (Jay) Jacobs, IV | R11: No FEC Data
A12: Citigroup | B12: Y | C12: N | D12: Founder, Chairman and CEO, Ampere Computing | E12: Renée | F12: J. | G12: James | H12: F | I12: OR | J12: 56 | K12: 1964 | O12: D | P12: 4422 SW Carl Pl, Portland 97239 | Q12: =+E12&F12&G12 -> Renée J. James | R12: No FEC Data
A13: Citigroup | B13: Y | C13: N | D13: Operating Partner General Atlantic LLC | E13: Gary | F13: M. | G13: Reiner | H13: M | I13: NY | J13: 66 | K13: 1954 | Q13: =+E13&F13&G13 -> Gary M. Reiner | R13: No FEC Data
A14: Citigroup | B14: Y | C14: N | D14: Former Superintendent of Banks, State of New York | E14: Diana | F14: L. | G14: Taylor | H14: F | I14: MA | J14: 66 | L14: =+GETPIVOTDATA("contribution_receipt_amount",'Diana Taylor'!$A$454) -> 15919.78 | O14: D | P14: 75 CAMBRIDGE PKWY CAMBRIDGE MA 21421229 | Q14: =+E14&F14&G14 -> Diana L. Taylor
A15: Citigroup | B15: Y | C15: N | D15: Former Chairman and CEO Ernst & Young | E15: James | F15: S. | G15: Turley | H15: M | I15: MO | J15: 65 | O15: R | P15: 9 Muirfield Ln, Saint Louis MO 63141 | Q15: =+E15&F15&G15 -> James S. Turley | R15: No FEC Data
A16: Citigroup | B16: Y | C16: N | D16: Former Chairman Carver Bancorp, Inc. | E16: Deborah | F16: C. | G16: Wright | H16: F | I16: NY | J16: 63 | L16: =+GETPIVOTDATA("contribution_receipt_amount",'Deborah Wright'!$A$15) -> 1364.78 | O16: D | P16: 285 W 110TH ST NEW YORK NY 100264299 | Q16: =+E16&F16&G16 -> Deborah C. Wright
A17: Citigroup | B17: Y | C17: N | D17: Former Chief Executive Officer and Chairman of the Executive Board Aegon NV | E17: Alexander | F17: R. | G17: Wynaendts | H17: M | I17: Hague Nethrelands | J17: 60 | Q17: =+E17&F17&G17 -> Alexander R. Wynaendts | R17: No FEC Data
A18: Citigroup | B18: Y | C18: N | D18: Director, Center for the Study of Globalization and Professor in the Field of International Economics and Politics, Yale University | E18: Ernesto Zedillo | G18: Ponce de Leon | H18: M | I18: Mexico | J18: 69 | Q18: =+E18&F18&G18 -> Ernesto Zedillo Ponce de Leon | R18: No FEC Data
A19: Citigroup | B19: N | C19: Y | D19: Former chief executive officer of Citigroup | E19: Michael | G19: Corbat | H19: M | I19: NY | J19: 61 | K19: 22038 | N19: =+GETPIVOTDATA("contribution_receipt_amount",'Michael Corbat'!$A$6) -> 10000 | P19: 388 GREENWICH STREET NEW YORK NY 10013 | Q19: =+E19&F19&G19 -> Michael Corbat
A20: Citigroup | B20: N | C20: Y | D20: Chief Financial Officer | E20: Mark | G20: Mason | H20: M | I20: NJ | N20: =+GETPIVOTDATA("contribution_receipt_amount",'Mark Mason'!$A$54) -> 9615 | O20: D | P20: 235 Tillou Rd, South Orange NJ 07079 | Q20: =+E20&F20&G20 -> Mark Mason
A21: Citigroup | B21: N | C21: Y | D21: Chief Executive Officer Institutional Clients Group | E21: Paco | G21: Ybarra | H21: M | I21: London England | Q21: =+E21&F21&G21 -> Paco Ybarra | R21: No FEC Data
A22: Citigroup | B22: N | C22: Y | D22: Head of Enterprise Operations & Technology | E22: Michael | G22: Whitaker | H22: M | I22: London England | Q22: =+E22&F22&G22 -> Michael Whitaker | R22: No FEC Data

Sheet Mark Mason
A1: committee_id | B1: committee_name | C1: report_year | D1: report_type | E1: image_number | F1: line_number | G1: transaction_id | H1: file_number | I1: committee_name | J1: entity_type | K1: entity_type_desc | L1: unused_contbr_id | M1: contributor_prefix | N1: contributor_name | O1: recipient_committee_type | P1: recipient_committee_org_type | Q1: recipient_committee_designation | R1: contributor_first_name | S1: contributor_middle_name | T1: contributor_last_name | U1: contributor_suffix | V1: contributor_street_1 | W1: contributor_street_2 | X1: contributor_city | Y1: contributor_state | Z1: contributor_zip | AA1: contributor_employer | AB1: contributor_occupation | AC1: contributor_id | AD1: receipt_type | AE1: receipt_type_desc | AF1: receipt_type_full | AG1: memo_code | AH1: memo_code_full | AI1: contribution_receipt_date | AJ1: contribution_receipt_amount | AK1: contributor_aggregate_ytd | AL1: candidate_id | AM1: candidate_name | AN1: candidate_first_name | AO1: candidate_last_name | AP1: candidate_middle_name | AQ1: candidate_prefix | AR1: candidate_suffix | AS1: candidate_office | AT1: candidate_office_full | AU1: candidate_office_state | AV1: candidate_office_state_full | AW1: candidate_office_district | AX1: conduit_committee_id | AY1: conduit_committee_name | AZ1: conduit_committee_street1 | BA1: conduit_committee_street2 | BB1: conduit_committee_city | BC1: conduit_committee_state | BD1: conduit_committee_zip | BE1: donor_committee_name | BF1: national_committee_nonfederal_account | BG1: election_type | BH1: election_type_full | BI1: fec_election_type_desc | BJ1: fec_election_year | BK1: amendment_indicator | BL1: amendment_indicator_desc | BM1: schedule_type_full | BN1: load_date | BO1: original_sub_id | BP1: back_reference_transaction_id | BQ1: back_reference_schedule_name | BR1: filing_form | BS1: link_id | BT1: is_individual | BU1: memo_text | BV1: two_year_transaction_period | BW1: schedule_type | BX1: increased_limit | BY1: sub_id | BZ1: pdf_url | CA1: line_number_label
A2: C00008474 | B2: CITIGROUP INC. POLITICAL ACTION COMMITTEE - FEDERAL (CITIGROUP PAC-FEDERAL) | C2: 2019 | D2: M2 | E2: 2.0191121e+17 | F2: 11AI | G2: A2019-26284 | H2: 1364266 | J2: IND | K2: INDIVIDUAL | N2: MASON, MARK | O2: Q | P2: C | Q2: B | R2: MARK | T2: MASON | V2: 388 GREENWICH ST | X2: NEW YORK | Y2: NY | Z2: 100132375 | AA2: CITIGROUP MANAGEMENT CORP | AB2: MANAGING DIRECTOR | AD2: 15 | AE2: CONTRIBUTION | AI2: 43483 | AJ2: 192.3 | AK2: 384.6 | BG2: P | BI2: PRIMARY | BK2: N | BL2: NO CHANGE | BM2: ITEMIZED RECEIPTS | BN2: 43792.075 | BR2: F3X | BS2: 4.1120202e+18 | BT2: t | BV2: 2020 | BW2: SA | BY2: 4.1122202e+18 | BZ2: http://docquery.fec.gov/cgi-bin/fecimg/?201911209165881175 | CA2: Contributions From Individuals/Persons Other Than Political Committees
A3: C00008474 | B3: CITIGROUP INC. POLITICAL ACTION COMMITTEE - FEDERAL (CITIGROUP PAC-FEDERAL) | C3: 2019 | D3: M11 | E3: 2.0191121e+17 | F3: 11AI | G3: A2019-2461445 | H3: 1364299 | J3: IND | K3: INDIVIDUAL | N3: MASON, MARK | O3: Q | P3: C | Q3: B | R3: MARK | T3: MASON | V3: 388 GREENWICH STREET | X3: NEW YORK | Y3: NY | Z3: 10013 | AA3: CITIBANK N.A. | AB3: MANAGING DIRECTOR | AD3: 15 | AE3: CONTRIBUTION | AI3: 43756 | AJ3: 192.3 | AK3: 4038.3 | BG3: P | BI3: PRIMARY | BK3: A | BL3: ADD | BM3: ITEMIZED RECEIPTS | BN3: 43793.08 | BR3: F3X | BS3: 4.1122202e+18 | BT3: t | BV3: 2020 | BW3: SA | BY3: 4.1123202e+18 | BZ3: http://docquery.fec.gov/cgi-bin/fecimg/?201911209165926308 | CA3: Contributions From Individuals/Persons Other Than Political Committees
A4: C00008474 | B4: CITIGROUP INC. POLITICAL ACTION COMMITTEE - FEDERAL (CITIGROUP PAC-FEDERAL) | C4: 2019 | D4: M4 | E4: 2.0191122e+17 | F4: 11AI | G4: A2019-377666 | H4: 1364444 | J4: IND | K4: INDIVIDUAL | N4: MASON, MARK | O4: Q | P4: C | Q4: B | R4: MARK | T4: MASON | V4: 388 GREENWICH ST | X4: NEW YORK | Y4: NY | Z4: 100132375 | AA4: CITIGROUP MANAGEMENT CORP | AB4: MANAGING DIRECTOR | AD4: 15 | AE4: CONTRIBUTION | AI4: 43525 | AJ4: 192.3 | AK4: 961.5 | BG4: P | BI4: PRIMARY | BK4: N | BL4: NO CHANGE | BM4: ITEMIZED RECEIPTS | BN4: 43793.082 | BR4: F3X | BS4: 4.1123202e+18 | BT4: t | BV4: 2020 | BW4: SA | BY4: 4.1123202e+18 | BZ4: http://docquery.fec.gov/cgi-bin/fecimg/?201911219166031799 | CA4: Contributions From Individuals/Persons Other Than Political Committees
A5: C00008474 | B5: CITIGROUP INC. POLITICAL ACTION COMMITTEE - FEDERAL (CITIGROUP PAC-FEDERAL) | C5: 2019 | D5: M11 | E5: 2.0191121e+17 | F5: 11AI | G5: A2019-2289143 | H5: 1364299 | J5: IND | K5: INDIVIDUAL | N5: MASON, MARK | O5: Q | P5: C | Q5: B | R5: MARK | T5: MASON | V5: 388 GREENWICH STREET | X5: NEW YORK | Y5: NY | Z5: 10013 | AA5: CITIBANK N.A. | AB5: MANAGING DIRECTOR | AD5: 15 | AE5: CONTRIBUTION | AI5: 43742 | AJ5: 192.3 | AK5: 3846 | BG5: P | BI5: PRIMARY | BK5: A | BL5: ADD | BM5: ITEMIZED RECEIPTS | BN5: 43793.08 | BR5: F3X | BS5: 4.1122202e+18 | BT5: t | BV5: 2020 | BW5: SA | BY5: 4.1123202e+18 | BZ5: http://docquery.fec.gov/cgi-bin/fecimg/?201911209165926308 | CA5: Contributions From Individuals/Persons Other Than Political Committees
A6: C00008474 | B6: CITIGROUP INC. POLITICAL ACTION COMMITTEE - FEDERAL (CITIGROUP PAC-FEDERAL) | C6: 2019 | D6: M3 | E6: 2.0191122e+17 | F6: 11AI | G6: A2019-93129 | H6: 1364440 | J6: IND | K6: INDIVIDUAL | N6: MASON, MARK | O6: Q | P6: C | Q6: B | R6: MARK | T6: MASON | V6: 388 GREENWICH ST | X6: NEW YORK | Y6: NY | Z6: 100132375 | AA6: CITIGROUP MANAGEMENT CORP | AB6: MANAGING DIRECTOR | AD6: 15 | AE6: CONTRIBUTION | AI6: 43497 | AJ6: 192.3 | AK6: 576.9 | BG6: P | BI6: PRIMARY | BK6: N | BL6: NO CHANGE | BM6: ITEMIZED RECEIPTS | BN6: 43793.082 | BR6: F3X | BS6: 4.1123202e+18 | BT6: t | BV6: 2020 | BW6: SA | BY6: 4.1123202e+18 | BZ6: http://docquery.fec.gov/cgi-bin/fecimg/?201911219166031597 | CA6: Contributions From Individuals/Persons Other Than Political Committees
A7: C00008474 | B7: CITIGROUP INC. POLITICAL ACTION COMMITTEE - FEDERAL (CITIGROUP PAC-FEDERAL) | C7: 2019 | D7: M3 | E7: 2.0191122e+17 | F7: 11AI | G7: A2019-271750 | H7: 1364440 | J7: IND | K7: INDIVIDUAL | N7: MASON, MARK | O7: Q | P7: C | Q7: B | R7: MARK | T7: MASON | V7: 388 GREENWICH ST | X7: NEW YORK | Y7: NY | Z7: 100132375 | AA7: CITIGROUP MANAGEMENT CORP | AB7: MANAGING DIRECTOR | AD7: 15 | AE7: CONTRIBUTION | AI7: 43511 | AJ7: 192.3 | AK7: 769.2 | BG7: P | BI7: PRIMARY | BK7: N | BL7: NO CHANGE | BM7: ITEMIZED RECEIPTS | BN7: 43793.082 | BR7: F3X | BS7: 4.1123202e+18 | BT7: t | BV7: 2020 | BW7: SA | BY7: 4.1123202e+18 | BZ7: http://docquery.fec.gov/cgi-bin/fecimg/?201911219166031598 | CA7: Contributions From Individuals/Persons Other Than Political Committees
A8: C00008474 | B8: CITIGROUP INC. POLITICAL ACTION COMMITTEE - FEDERAL (CITIGROUP PAC-FEDERAL) | C8: 2019 | D8: M4 | E8: 2.0191122e+17 | F8: 11AI | G8: A2019-523875 | H8: 1364444 | J8: IND | K8: INDIVIDUAL | N8: MASON, MARK | O8: Q | P8: C | Q8: B | R8: MARK | T8: MASON | V8: 388 GREENWICH ST | X8: NEW YORK | Y8: NY | Z8: 100132375 | AA8: CITIGROUP MANAGEMENT CORP | AB8: MANAGING DIRECTOR | AD8: 15 | AE8: CONTRIBUTION | AI8: 43539 | AJ8: 192.3 | AK8: 1153.8 | BG8: P | BI8: PRIMARY | BK8: N | BL8: NO CHANGE | BM8: ITEMIZED RECEIPTS | BN8: 43793.082 | BR8: F3X | BS8: 4.1123202e+18 | BT8: t | BV8: 2020 | BW8: SA | BY8: 4.1123202e+18 | BZ8: http://docquery.fec.gov/cgi-bin/fecimg/?201911219166031799 | CA8: Contributions From Individuals/Persons Other Than Political Committees
A9: C00008474 | B9: CITIGROUP INC. POLITICAL ACTION COMMITTEE - FEDERAL (CITIGROUP PAC-FEDERAL) | C9: 2019 | D9: M5 | E9: 2.0191122e+17 | F9: 11AI | G9: A2019-591861 | H9: 1364454 | J9: IND | K9: INDIVIDUAL | N9: MASON, MARK | O9: Q | P9: C | Q9: B | R9: MARK | T9: MASON | V9: 388 GREENWICH STREET | X9: NEW YORK | Y9: NY | Z9: 10013 | AA9: CITIBANK N.A. | AB9: MANAGING DIRECTOR | AD9: 15 | AE9: CONTRIBUTION | AI9: 43560 | AJ9: 192.3 | AK9: 1346.1 | BG9: P | BI9: PRIMARY | BK9: N | BL9: NO CHANGE | BM9: ITEMIZED RECEIPTS | BN9: 43793.086 | BR9: F3X | BS9: 4.1123202e+18 | BT9: t | BV9: 2020 | BW9: SA | BY9: 4.1123202e+18 | BZ9: http://docquery.fec.gov/cgi-bin/fecimg/?201911219166069822 | CA9: Contributions From Individuals/Persons Other Than Political Committees
A10: C00008474 | B10: CITIGROUP INC. POLITICAL ACTION COMMITTEE - FEDERAL (CITIGROUP PAC-FEDERAL) | C10: 2019 | D10: M5 | E10: 2.0191122e+17 | F10: 11AI | G10: A2019-804441 | H10: 1364454 | J10: IND | K10: INDIVIDUAL | N10: MASON, MARK | O10: Q | P10: C | Q10: B | R10: MARK | T10: MASON | V10: 388 GREENWICH STREET | X10: NEW YORK | Y10: NY | Z10: 10013 | AA10: CITIBANK N.A. | AB10: MANAGING DIRECTOR | AD10: 15 | AE10: CONTRIBUTION | AI10: 43574 | AJ10: 192.3 | AK10: 1538.4 | BG10: P | BI10: PRIMARY | BK10: N | BL10: NO CHANGE | BM10: ITEMIZED RECEIPTS | BN10: 43793.086 | BR10: F3X | BS10: 4.1123202e+18 | BT10: t | BV10: 2020 | BW10: SA | BY10: 4.1123202e+18 | BZ10: http://docquery.fec.gov/cgi-bin/fecimg/?201911219166069823 | CA10: Contributions From Individuals/Persons Other Than Political Committees
A11: C00008474 | B11: CITIGROUP INC. POLITICAL ACTION COMMITTEE - FEDERAL (CITIGROUP PAC-FEDERAL) | C11: 2019 | D11: M7 | E11: 2.0191122e+17 | F11: 11AI | G11: A2019-1264055 | H11: 1364461 | J11: IND | K11: INDIVIDUAL | N11: MASON, MARK | O11: Q | P11: C | Q11: B | R11: MARK | T11: MASON | V11: 388 GREENWICH STREET | X11: NEW YORK | Y11: NY | Z11: 10013 | AA11: CITIBANK N.A. | AB11: MANAGING DIRECTOR | AD11: 15 | AE11: CONTRIBUTION | AI11: 43630 | AJ11: 192.3 | AK11: 2307.6 | BG11: P | BI11: PRIMARY | BK11: N | BL11: NO CHANGE | BM11: ITEMIZED RECEIPTS | BN11: 43793.086 | BR11: F3X | BS11: 4.1123202e+18 | BT11: t | BV11: 2020 | BW11: SA | BY11: 4.1123202e+18 | BZ11: http://docquery.fec.gov/cgi-bin/fecimg/?201911219166070440 | CA11: Contributions From Individuals/Persons Other Than Political Committees
A12: C00008474 | B12: CITIGROUP INC. POLITICAL ACTION COMMITTEE - FEDERAL (CITIGROUP PAC-FEDERAL) | C12: 2019 | D12: M7 | E12: 2.0191122e+17 | F12: 11AI | G12: A2019-1404079 | H12: 1364461 | J12: IND | K12: INDIVIDUAL | N12: MASON, MARK | O12: Q | P12: C | Q12: B | R12: MARK | T12: MASON | V12: 388 GREENWICH STREET | X12: NEW YORK | Y12: NY | Z12: 10013 | AA12: CITIBANK N.A. | AB12: MANAGING DIRECTOR | AD12: 15 | AE12: CONTRIBUTION | AI12: 43644 | AJ12: 192.3 | AK12: 2499.9 | BG12: P | BI12: PRIMARY | BK12: N | BL12: NO CHANGE | BM12: ITEMIZED RECEIPTS | BN12: 43793.086 | BR12: F3X | BS12: 4.1123202e+18 | BT12: t | BV12: 2020 | BW12: SA | BY12: 4.1123202e+18 | BZ12: http://docquery.fec.gov/cgi-bin/fecimg/?201911219166070440 | CA12: Contributions From Individuals/Persons Other Than Political Committees
A13: C00008474 | B13: CITIGROUP INC. POLITICAL ACTION COMMITTEE - FEDERAL (CITIGROUP PAC-FEDERAL) | C13: 2019 | D13: M10 | E13: 2.0191122e+17 | F13: 11AI | G13: A2019-1996396 | H13: 1364475 | J13: IND | K13: INDIVIDUAL | N13: MASON, MARK | O13: Q | P13: C | Q13: B | R13: MARK | T13: MASON | V13: 388 GREENWICH STREET | X13: NEW YORK | Y13: NY | Z13: 10013 | AA13: CITIBANK N.A. | AB13: MANAGING DIRECTOR | AD13: 15 | AE13: CONTRIBUTION | AI13: 43714 | AJ13: 192.3 | AK13: 3461.4 | BG13: P | BI13: PRIMARY | BK13: N | BL13: NO CHANGE | BM13: ITEMIZED RECEIPTS | BN13: 43793.087 | BR13: F3X | BS13: 4.1123202e+18 | BT13: t | BV13: 2020 | BW13: SA | BY13: 4.1123202e+18 | BZ13: http://docquery.fec.gov/cgi-bin/fecimg/?201911219166072938 | CA13: Contributions From Individuals/Persons Other Than Political Committees
... A51: C00008474 | B51: CITIGROUP INC. POLITICAL ACTION COMMITTEE - FEDERAL (CITIGROUP PAC-FEDERAL) | C51: 2020 | D51: 12G | E51: 2.0201023e+17 | F51: 11AI | G51: A2020-2154184 | H51: 1462787 | J51: IND | K51: INDIVIDUAL | N51: MASON, MARK | O51: Q | P51: C | Q51: B | R51: MARK | T51: MASON | V51: 388 GREENWICH STREET | X51: NEW YORK | Y51: NY | Z51: 10013 | AA51: CITIBANK N.A. | AB51: MANAGING DIRECTOR | AD51: 15 | AE51: CONTRIBUTION | AI51: 44106 | AJ51: 192.3 | AK51: 3846 | BG51: P | BI51: PRIMARY | BK51: A | BL51: ADD | BM51: ITEMIZED RECEIPTS | BN51: 44169.187 | BR51: F3X | BS51: 4.1023202e+18 | BT51: t | BV51: 2020 | BW51: SA | BY51: 4.1204202e+18 | BZ51: http://docquery.fec.gov/cgi-bin/fecimg/?202010229333029497 | CA51: Contributions From Individuals/Persons Other Than Political Committees
V53: =+V51&X51&Y51&Z51 -> 388 GREENWICH STREETNEW YORKNY10013
A54: Row Labels | B54: Sum of contribution_receipt_amount
A55: CITIGROUP INC. POLITICAL ACTION COMMITTEE - FEDERAL (CITIGROUP PAC-FEDERAL) | B55: 9615
A56: Grand Total | B56: 9615

Sheet Michael Corbat
A1: committee_id | B1: committee_name | C1: report_year | D1: report_type | E1: image_number | F1: line_number | G1: transaction_id | H1: file_number | I1: committee_name | J1: entity_type | K1: entity_type_desc | L1: unused_contbr_id | M1: contributor_prefix | N1: contributor_name | O1: recipient_committee_type | P1: recipient_committee_org_type | Q1: recipient_committee_designation | R1: contributor_first_name | S1: contributor_middle_name | T1: contributor_last_name | U1: contributor_suffix | V1: contributor_street_1 | W1: contributor_street_2 | X1: contributor_city | Y1: contributor_state | Z1: contributor_zip | AA1: contributor_employer | AB1: contributor_occupation | AC1: contributor_id | AD1: receipt_type | AE1: receipt_type_desc | AF1: receipt_type_full | AG1: memo_code | AH1: memo_code_full | AI1: contribution_receipt_date | AJ1: contribution_receipt_amount | AK1: contributor_aggregate_ytd | AL1: candidate_id | AM1: candidate_name | AN1: candidate_first_name | AO1: candidate_last_name | AP1: candidate_middle_name | AQ1: candidate_prefix | AR1: candidate_suffix | AS1: candidate_office | AT1: candidate_office_full | AU1: candidate_office_state | AV1: candidate_office_state_full | AW1: candidate_office_district | AX1: conduit_committee_id | AY1: conduit_committee_name | AZ1: conduit_committee_street1 | BA1: conduit_committee_street2 | BB1: conduit_committee_city | BC1: conduit_committee_state | BD1: conduit_committee_zip | BE1: donor_committee_name | BF1: national_committee_nonfederal_account | BG1: election_type | BH1: election_type_full | BI1: fec_election_type_desc | BJ1: fec_election_year | BK1: amendment_indicator | BL1: amendment_indicator_desc | BM1: schedule_type_full | BN1: load_date | BO1: original_sub_id | BP1: back_reference_transaction_id | BQ1: back_reference_schedule_name | BR1: filing_form | BS1: link_id | BT1: is_individual | BU1: memo_text | BV1: two_year_transaction_period | BW1: schedule_type | BX1: increased_limit | BY1: sub_id | BZ1: pdf_url | CA1: line_number_label
A2: C00008474 | B2: CITIGROUP INC. POLITICAL ACTION COMMITTEE - FEDERAL (CITIGROUP PAC-FEDERAL) | C2: 2019 | D2: M5 | E2: 2.0191122e+17 | F2: 11AI | G2: A2019-841516 | H2: 1364454 | J2: IND | K2: INDIVIDUAL | N2: CORBAT, MICHAEL L | O2: Q | P2: C | Q2: B | R2: MICHAEL | S2: L | T2: CORBAT | V2: 388 GREENWICH STREET | X2: NEW YORK | Y2: NY | Z2: 10013 | AA2: CITIBANK N.A. | AB2: MANAGING DIRECTOR | AD2: 15 | AE2: CONTRIBUTION | AI2: 43566 | AJ2: 5000 | AK2: 5000 | BG2: P | BI2: PRIMARY | BK2: N | BL2: NO CHANGE | BM2: ITEMIZED RECEIPTS | BN2: 43793.086 | BR2: F3X | BS2: 4.1123202e+18 | BT2: t | BV2: 2020 | BW2: SA | BY2: 4.1123202e+18 | BZ2: http://docquery.fec.gov/cgi-bin/fecimg/?201911219166069773 | CA2: Contributions From Individuals/Persons Other Than Political Committees
A3: C00008474 | B3: CITIGROUP INC. POLITICAL ACTION COMMITTEE - FEDERAL (CITIGROUP PAC-FEDERAL) | C3: 2020 | D3: YE | E3: 2.021013e+17 | F3: 11AI | G3: A2020-2624038 | H3: 1494727 | J3: IND | K3: INDIVIDUAL | N3: CORBAT, MICHAEL L | O3: Q | P3: C | Q3: B | R3: MICHAEL | S3: L | T3: CORBAT | V3: 388 GREENWICH STREET | X3: NEW YORK | Y3: NY | Z3: 10013 | AA3: CITIBANK N.A. | AB3: MANAGING DIRECTOR | AD3: 15 | AE3: CONTRIBUTION | AI3: 44160 | AJ3: 5000 | AK3: 5000 | BG3: P | BI3: PRIMARY | BK3: A | BL3: ADD | BM3: ITEMIZED RECEIPTS | BN3: 44230.156 | BR3: F3X | BS3: 4.0130202e+18 | BT3: t | BV3: 2020 | BW3: SA | BY3: 4.0203202e+18 | BZ3: https://docquery.fec.gov/cgi-bin/fecimg/?202101299418056947 | CA3: Contributions From Individuals/Persons Other Than Political Committees
A6: Row Labels | B6: Sum of contribution_receipt_amount | D6: D | E6: R | V6: =+V3&X3&Y3&Z3 -> 388 GREENWICH STREETNEW YORKNY10013
A7: CITIGROUP INC. POLITICAL ACTION COMMITTEE - FEDERAL (CITIGROUP PAC-FEDERAL) | B7: 10000 | C7: N | D7: 0.4381 | E7: 0.5619
A8: Grand Total | B8: 10000

Sheet Deborah Wright
A1: committee_id | B1: committee_name | C1: report_year | D1: report_type | E1: image_number | F1: line_number | G1: transaction_id | H1: file_number | I1: committee_name | J1: entity_type | K1: entity_type_desc | L1: unused_contbr_id | M1: contributor_prefix | N1: contributor_name | O1: recipient_committee_type | P1: recipient_committee_org_type | Q1: recipient_committee_designation | R1: contributor_first_name | S1: contributor_middle_name | T1: contributor_last_name | U1: contributor_suffix | V1: contributor_street_1 | W1: contributor_street_2 | X1: contributor_city | Y1: contributor_state | Z1: contributor_zip | AA1: contributor_employer | AB1: contributor_occupation | AC1: contributor_id | AD1: receipt_type | AE1: receipt_type_desc | AF1: receipt_type_full | AG1: memo_code | AH1: memo_code_full | AI1: contribution_receipt_date | AJ1: contribution_receipt_amount | AK1: contributor_aggregate_ytd | AL1: candidate_id | AM1: candidate_name | AN1: candidate_first_name | AO1: candidate_last_name | AP1: candidate_middle_name | AQ1: candidate_prefix | AR1: candidate_suffix | AS1: candidate_office | AT1: candidate_office_full | AU1: candidate_office_state | AV1: candidate_office_state_full | AW1: candidate_office_district | AX1: conduit_committee_id | AY1: conduit_committee_name | AZ1: conduit_committee_street1 | BA1: conduit_committee_street2 | BB1: conduit_committee_city | BC1: conduit_committee_state | BD1: conduit_committee_zip | BE1: donor_committee_name | BF1: national_committee_nonfederal_account | BG1: election_type | BH1: election_type_full | BI1: fec_election_type_desc | BJ1: fec_election_year | BK1: amendment_indicator | BL1: amendment_indicator_desc | BM1: schedule_type_full | BN1: load_date | BO1: original_sub_id | BP1: back_reference_transaction_id | BQ1: back_reference_schedule_name | BR1: filing_form | BS1: link_id | BT1: is_individual | BU1: memo_text | BV1: two_year_transaction_period | BW1: schedule_type | BX1: increased_limit | BY1: sub_id | BZ1: pdf_url | CA1: line_number_label
A2: C00744946 | B2: BIDEN VICTORY FUND | C2: 2020 | D2: 12G | E2: 2.0210309e+17 | F2: 11AI | G2: 20405806 | H2: 1503262 | J2: IND | K2: INDIVIDUAL | N2: WRIGHT, DEBORAH | O2: N | Q2: J | R2: DEBORAH | T2: WRIGHT | V2: 285 W 110TH ST | X2: NEW YORK | Y2: NY | Z2: 100264299 | AA2: CITIGROUP | AB2: BOARD MEMBER | AD2: 15 | AE2: CONTRIBUTION | AI2: 44111 | AJ2: 14.56 | AK2: 932.39 | BG2: P | BI2: PRIMARY | BK2: A | BL2: ADD | BM2: ITEMIZED RECEIPTS | BN2: 44329.167 | BR2: F3X | BS2: 4.0309202e+18 | BT2: t | BV2: 2020 | BW2: SA | BY2: 4.0309202e+18 | BZ2: https://docquery.fec.gov/cgi-bin/fecimg/?202103089440336576 | CA2: Contributions From Individuals/Persons Other Than Political Committees
A3: C00703975 | B3: BIDEN FOR PRESIDENT | C3: 2020 | E3: 2.0201022e+17 | F3: 18 | G3: 21887143 | H3: 1458940 | J3: IND | K3: INDIVIDUAL | N3: WRIGHT, DEBORAH | O3: P | Q3: P | R3: DEBORAH | T3: WRIGHT | V3: 285 W 110TH ST | W3: APT 7F | X3: NEW YORK | Y3: NY | Z3: 100264299 | AA3: CITIGROUP | AB3: BOARD MEMBER | AD3: 15J | AE3: MEMO (FILER'S % OF CONTRIBUTION GIVEN TO JOIN | AG3: X | AI3: 44089 | AJ3: 250 | AK3: 917.83 | BG3: G2020 | BI3: GENERAL | BJ3: 2020 | BK3: A | BL3: ADD | BM3: ITEMIZED RECEIPTS | BN3: 44140.217 | BP3: 20811179 | BQ3: SA18 | BR3: F3P | BS3: 4.1022202e+18 | BT3: t | BU3: * BIDEN VICTORY FUND | BV3: 2020 | BW3: SA | BY3: 4.1023202e+18 | BZ3: http://docquery.fec.gov/cgi-bin/fecimg/?202010219326733310 | CA3: Transfers From Other Authorized Committees
A4: C00703975 | B4: BIDEN FOR PRESIDENT | C4: 2020 | D4: 12G | E4: 2.0201023e+17 | F4: 18 | G4: 24798128 | H4: 1463690 | J4: IND | K4: INDIVIDUAL | N4: WRIGHT, DEBORAH | O4: P | Q4: P | R4: DEBORAH | T4: WRIGHT | V4: 285 W 110TH ST | W4: APT 7F | X4: NEW YORK | Y4: NY | Z4: 100264299 | AA4: CITIGROUP | AB4: BOARD MEMBER | AD4: 15J | AE4: MEMO (FILER'S % OF CONTRIBUTION GIVEN TO JOIN | AG4: X | AI4: 44111 | AJ4: 14.56 | AK4: 932.39 | BG4: G2020 | BI4: GENERAL | BJ4: 2020 | BK4: A | BL4: ADD | BM4: ITEMIZED RECEIPTS | BN4: 44132.2 | BP4: 20811384 | BQ4: SA18 | BR4: F3P | BS4: 4.1024202e+18 | BT4: t | BU4: * BIDEN VICTORY FUND | BV4: 2020 | BW4: SA | BY4: 4.1028202e+18 | BZ4: http://docquery.fec.gov/cgi-bin/fecimg/?202010229336171829 | CA4: Transfers From Other Authorized Committees
A5: C00703975 | B5: BIDEN FOR PRESIDENT | C5: 2020 | E5: 2.0201022e+17 | F5: 18 | G5: 17056815 | H5: 1458940 | J5: IND | K5: INDIVIDUAL | N5: WRIGHT, DEBORAH | O5: P | Q5: P | R5: DEBORAH | T5: WRIGHT | V5: 285 W 110TH ST | W5: APT 7F | X5: NEW YORK | Y5: NY | Z5: 100264299 | AA5: CITIGROUP | AB5: BOARD MEMBER | AD5: 15J | AE5: MEMO (FILER'S % OF CONTRIBUTION GIVEN TO JOIN | AG5: X | AI5: 44055 | AJ5: 124.58 | AK5: 624.58 | BG5: P2020 | BI5: PRIMARY | BJ5: 2020 | BK5: A | BL5: ADD | BM5: ITEMIZED RECEIPTS | BN5: 44140.244 | BP5: 13794280 | BQ5: SA18 | BR5: F3P | BS5: 4.1022202e+18 | BT5: t | BU5: * BIDEN VICTORY FUND | BV5: 2020 | BW5: SA | BY5: 4.1023202e+18 | BZ5: http://docquery.fec.gov/cgi-bin/fecimg/?202010219326620824 | CA5: Transfers From Other Authorized Committees
A6: C00703975 | B6: BIDEN FOR PRESIDENT | C6: 2020 | E6: 2.0201022e+17 | F6: 18 | G6: 21210207 | H6: 1458940 | J6: IND | K6: INDIVIDUAL | N6: WRIGHT, DEBORAH | O6: P | Q6: P | R6: DEBORAH | T6: WRIGHT | V6: 285 W 110TH ST | W6: APT 7F | X6: NEW YORK | Y6: NY | Z6: 100264299 | AA6: CITIGROUP | AB6: BOARD MEMBER | AD6: 15J | AE6: MEMO (FILER'S % OF CONTRIBUTION GIVEN TO JOIN | AG6: X | AI6: 44066 | AJ6: 43.25 | AK6: 667.83 | BG6: G2020 | BI6: GENERAL | BJ6: 2020 | BK6: A | BL6: ADD | BM6: ITEMIZED RECEIPTS | BN6: 44140.247 | BP6: 16969473 | BQ6: SA18 | BR6: F3P | BS6: 4.1022202e+18 | BT6: t | BU6: * BIDEN VICTORY FUND | BV6: 2020 | BW6: SA | BY6: 4.1023202e+18 | BZ6: http://docquery.fec.gov/cgi-bin/fecimg/?202010219326640672 | CA6: Transfers From Other Authorized Committees
A7: C00744946 | B7: BIDEN VICTORY FUND | C7: 2020 | D7: Q3 | E7: 2.0210115e+17 | F7: 11AI | G7: 14967170 | H7: 1487959 | J7: IND | K7: INDIVIDUAL | N7: WRIGHT, DEBORAH | O7: N | Q7: J | R7: DEBORAH | T7: WRIGHT | V7: 285 W 110TH ST | X7: NEW YORK | Y7: NY | Z7: 100264299 | AA7: CITIGROUP | AB7: BOARD MEMBER | AD7: 15 | AE7: CONTRIBUTION | AI7: 44089 | AJ7: 250 | AK7: 917.83 | BG7: P | BI7: PRIMARY | BK7: A | BL7: ADD | BM7: ITEMIZED RECEIPTS | BN7: 44231.432 | BR7: F3X | BS7: 4.0115202e+18 | BT7: t | BV7: 2020 | BW7: SA | BY7: 4.0203202e+18 | BZ7: https://docquery.fec.gov/cgi-bin/fecimg/?202101149404582160 | CA7: Contributions From Individuals/Persons Other Than Political Committees
A8: C00744946 | B8: BIDEN VICTORY FUND | C8: 2020 | D8: Q3 | E8: 2.0210115e+17 | F8: 11AI | G8: 7449648 | H8: 1487959 | J8: IND | K8: INDIVIDUAL | N8: WRIGHT, DEBORAH | O8: N | Q8: J | R8: DEBORAH | T8: WRIGHT | V8: 285 W 110TH ST | X8: NEW YORK | Y8: NY | Z8: 100264299 | AA8: CITIGROUP | AB8: BOARD MEMBER | AD8: 15 | AE8: CONTRIBUTION | AI8: 44018 | AJ8: 500 | AK8: 500 | BG8: P | BI8: PRIMARY | BK8: A | BL8: ADD | BM8: ITEMIZED RECEIPTS | BN8: 44231.445 | BR8: F3X | BS8: 4.0115202e+18 | BT8: t | BV8: 2020 | BW8: SA | BY8: 4.0203202e+18 | BZ8: https://docquery.fec.gov/cgi-bin/fecimg/?202101149404682569 | CA8: Contributions From Individuals/Persons Other Than Political Committees
A9: C00744946 | B9: BIDEN VICTORY FUND | C9: 2020 | D9: Q3 | E9: 2.0210115e+17 | F9: 11AI | G9: 11856823 | H9: 1487959 | J9: IND | K9: INDIVIDUAL | N9: WRIGHT, DEBORAH | O9: N | Q9: J | R9: DEBORAH | T9: WRIGHT | V9: 285 W 110TH ST | X9: NEW YORK | Y9: NY | Z9: 100264299 | AA9: CITIGROUP | AB9: BOARD MEMBER | AD9: 15 | AE9: CONTRIBUTION | AI9: 44066 | AJ9: 43.25 | AK9: 667.83 | BG9: P | BI9: PRIMARY | BK9: A | BL9: ADD | BM9: ITEMIZED RECEIPTS | BN9: 44231.447 | BR9: F3X | BS9: 4.0115202e+18 | BT9: t | BV9: 2020 | BW9: SA | BY9: 4.0203202e+18 | BZ9: https://docquery.fec.gov/cgi-bin/fecimg/?202101149404614421 | CA9: Contributions From Individuals/Persons Other Than Political Committees
A10: C00744946 | B10: BIDEN VICTORY FUND | C10: 2020 | D10: Q3 | E10: 2.0210115e+17 | F10: 11AI | G10: 10238617 | H10: 1487959 | J10: IND | K10: INDIVIDUAL | N10: WRIGHT, DEBORAH | O10: N | Q10: J | R10: DEBORAH | T10: WRIGHT | V10: 285 W 110TH ST | X10: NEW YORK | Y10: NY | Z10: 100264299 | AA10: CITIGROUP | AB10: BOARD MEMBER | AD10: 15 | AE10: CONTRIBUTION | AI10: 44055 | AJ10: 124.58 | AK10: 624.58 | BG10: P | BI10: PRIMARY | BK10: A | BL10: ADD | BM10: ITEMIZED RECEIPTS | BN10: 44231.448 | BR10: F3X | BS10: 4.0115202e+18 | BT10: t | BV10: 2020 | BW10: SA | BY10: 4.0203202e+18 | BZ10: https://docquery.fec.gov/cgi-bin/fecimg/?202101149404665219 | CA10: Contributions From Individuals/Persons Other Than Political Committees
V13: =+V10&X10&Y10&Z10 -> 285 W 110TH STNEW YORKNY100264299
A15: Row Labels | B15: Sum of contribution_receipt_amount
A16: BIDEN FOR PRESIDENT | B16: 432.39
A17: BIDEN VICTORY FUND | B17: 932.39
A18: Grand Total | B18: 1364.78

Sheet Diana Taylor
A1: committee_id | B1: committee_name | C1: report_year | D1: report_type | E1: image_number | F1: line_number | G1: transaction_id | H1: file_number | I1: committee_name | J1: entity_type | K1: entity_type_desc | L1: unused_contbr_id | M1: contributor_prefix | N1: contributor_name | O1: recipient_committee_type | P1: recipient_committee_org_type | Q1: recipient_committee_designation | R1: contributor_first_name | S1: contributor_middle_name | T1: contributor_last_name | U1: contributor_suffix | V1: contributor_street_1 | W1: contributor_street_2 | X1: contributor_city | Y1: contributor_state | Z1: contributor_zip | AA1: contributor_employer | AB1: contributor_occupation | AC1: contributor_id | AD1: receipt_type | AE1: receipt_type_desc | AF1: receipt_type_full | AG1: memo_code | AH1: memo_code_full | AI1: contribution_receipt_date | AJ1: contribution_receipt_amount | AK1: contributor_aggregate_ytd | AL1: candidate_id | AM1: candidate_name | AN1: candidate_first_name | AO1: candidate_last_name | AP1: candidate_middle_name | AQ1: candidate_prefix | AR1: candidate_suffix | AS1: candidate_office | AT1: candidate_office_full | AU1: candidate_office_state | AV1: candidate_office_state_full | AW1: candidate_office_district | AX1: conduit_committee_id | AY1: conduit_committee_name | AZ1: conduit_committee_street1 | BA1: conduit_committee_street2 | BB1: conduit_committee_city | BC1: conduit_committee_state | BD1: conduit_committee_zip | BE1: donor_committee_name | BF1: national_committee_nonfederal_account | BG1: election_type | BH1: election_type_full | BI1: fec_election_type_desc | BJ1: fec_election_year | BK1: amendment_indicator | BL1: amendment_indicator_desc | BM1: schedule_type_full | BN1: load_date | BO1: original_sub_id | BP1: back_reference_transaction_id | BQ1: back_reference_schedule_name | BR1: filing_form | BS1: link_id | BT1: is_individual | BU1: memo_text | BV1: two_year_transaction_period | BW1: schedule_type | BX1: increased_limit | BY1: sub_id | BZ1: pdf_url | CA1: line_number_label
A2: C00693234 | B2: WARREN FOR PRESIDENT, INC. | C2: 2019 | D2: Q3 | E2: 2.0191213e+17 | F2: 17A | G2: 3888874 | H2: 1366132 | J2: IND | K2: INDIVIDUAL | L2: C00401224 | N2: TAYLOR, DIANA | O2: P | Q2: P | R2: DIANA | T2: TAYLOR | V2: 75 CAMBRIDGE PKWY | X2: CAMBRIDGE | Y2: MA | Z2: 21421229 | AA2: NONE | AB2: NOT EMPLOYED | AC2: C00401224 | AD2: 15E | AE2: EARMARKED CONTRIBUTION | AI2: 43692 | AJ2: 50 | AK2: 610 | BG2: P2020 | BI2: PRIMARY | BJ2: 2020 | BK2: N | BL2: NO CHANGE | BM2: ITEMIZED RECEIPTS | BN2: 43822.094 | BP2: 3888874E | BQ2: SA17A | BR2: F3P | BS2: 4.1213202e+18 | BT2: t | BU2: * EARMARKED CONTRIBUTION: SEE BELOW | BV2: 2020 | BW2: SA | BY2: 4.1222202e+18 | BZ2: http://docquery.fec.gov/cgi-bin/fecimg/?201912129166268735 | CA2: Contributions From Individuals/Persons Other Than Political Committees
A3: C00693234 | B3: WARREN FOR PRESIDENT, INC. | C3: 2019 | D3: Q3 | E3: 2.0191213e+17 | F3: 17A | G3: 3636565 | H3: 1366132 | J3: IND | K3: INDIVIDUAL | L3: C00401224 | N3: TAYLOR, DIANA | O3: P | Q3: P | R3: DIANA | T3: TAYLOR | V3: 75 CAMBRIDGE PKWY | X3: CAMBRIDGE | Y3: MA | Z3: 21421229 | AA3: NONE | AB3: NOT EMPLOYED | AC3: C00401224 | AD3: 15E | AE3: EARMARKED CONTRIBUTION | AI3: 43663 | AJ3: 10 | AK3: 610 | BG3: P2020 | BI3: PRIMARY | BJ3: 2020 | BK3: N | BL3: NO CHANGE | BM3: ITEMIZED RECEIPTS | BN3: 43822.094 | BP3: 3636565E | BQ3: SA17A | BR3: F3P | BS3: 4.1213202e+18 | BT3: t | BU3: * EARMARKED CONTRIBUTION: SEE BELOW | BV3: 2020 | BW3: SA | BY3: 4.1222202e+18 | BZ3: http://docquery.fec.gov/cgi-bin/fecimg/?201912129166268733 | CA3: Contributions From Individuals/Persons Other Than Political Committees
A4: C00693234 | B4: WARREN FOR PRESIDENT, INC. | C4: 2019 | D4: Q3 | E4: 2.0191213e+17 | F4: 17A | G4: 3695363 | H4: 1366132 | J4: IND | K4: INDIVIDUAL | L4: C00401224 | N4: TAYLOR, DIANA | O4: P | Q4: P | R4: DIANA | T4: TAYLOR | V4: 75 CAMBRIDGE PKWY | X4: CAMBRIDGE | Y4: MA | Z4: 21421229 | AA4: NONE | AB4: NOT EMPLOYED | AC4: C00401224 | AD4: 15E | AE4: EARMARKED CONTRIBUTION | AI4: 43674 | AJ4: 50 | AK4: 610 | BG4: P2020 | BI4: PRIMARY | BJ4: 2020 | BK4: N | BL4: NO CHANGE | BM4: ITEMIZED RECEIPTS | BN4: 43822.094 | BP4: 3695363E | BQ4: SA17A | BR4: F3P | BS4: 4.1213202e+18 | BT4: t | BU4: * EARMARKED CONTRIBUTION: SEE BELOW | BV4: 2020 | BW4: SA | BY4: 4.1222202e+18 | BZ4: http://docquery.fec.gov/cgi-bin/fecimg/?201912129166268733 | CA4: Contributions From Individuals/Persons Other Than Political Committees
A5: C00693234 | B5: WARREN FOR PRESIDENT, INC. | C5: 2019 | D5: Q3 | E5: 2.0191213e+17 | F5: 17A | G5: 3720103 | H5: 1366132 | J5: IND | K5: INDIVIDUAL | L5: C00401224 | N5: TAYLOR, DIANA | O5: P | Q5: P | R5: DIANA | T5: TAYLOR | V5: 75 CAMBRIDGE PKWY | X5: CAMBRIDGE | Y5: MA | Z5: 21421229 | AA5: NONE | AB5: NOT EMPLOYED | AC5: C00401224 | AD5: 15E | AE5: EARMARKED CONTRIBUTION | AI5: 43675 | AJ5: 50 | AK5: 610 | BG5: P2020 | BI5: PRIMARY | BJ5: 2020 | BK5: N | BL5: NO CHANGE | BM5: ITEMIZED RECEIPTS | BN5: 43822.094 | BP5: 3720103E | BQ5: SA17A | BR5: F3P | BS5: 4.1213202e+18 | BT5: t | BU5: * EARMARKED CONTRIBUTION: SEE BELOW | BV5: 2020 | BW5: SA | BY5: 4.1222202e+18 | BZ5: http://docquery.fec.gov/cgi-bin/fecimg/?201912129166268734 | CA5: Contributions From Individuals/Persons Other Than Political Committees
A6: C00693234 | B6: WARREN FOR PRESIDENT, INC. | C6: 2019 | D6: Q3 | E6: 2.0191213e+17 | F6: 17A | G6: 3738867 | H6: 1366132 | J6: IND | K6: INDIVIDUAL | L6: C00401224 | N6: TAYLOR, DIANA | O6: P | Q6: P | R6: DIANA | T6: TAYLOR | V6: 75 CAMBRIDGE PKWY | X6: CAMBRIDGE | Y6: MA | Z6: 21421229 | AA6: NONE | AB6: NOT EMPLOYED | AC6: C00401224 | AD6: 15E | AE6: EARMARKED CONTRIBUTION | AI6: 43676 | AJ6: 10 | AK6: 610 | BG6: P2020 | BI6: PRIMARY | BJ6: 2020 | BK6: N | BL6: NO CHANGE | BM6: ITEMIZED RECEIPTS | BN6: 43822.094 | BP6: 3738867E | BQ6: SA17A | BR6: F3P | BS6: 4.1213202e+18 | BT6: t | BU6: * EARMARKED CONTRIBUTION: SEE BELOW | BV6: 2020 | BW6: SA | BY6: 4.1222202e+18 | BZ6: http://docquery.fec.gov/cgi-bin/fecimg/?201912129166268735 | CA6: Contributions From Individuals/Persons Other Than Political Committees
A7: C00693234 | B7: WARREN FOR PRESIDENT, INC. | C7: 2019 | D7: Q3 | E7: 2.0191213e+17 | F7: 17A | G7: 4384456 | H7: 1366132 | J7: IND | K7: INDIVIDUAL | L7: C00401224 | N7: TAYLOR, DIANA | O7: P | Q7: P | R7: DIANA | T7: TAYLOR | V7: 75 CAMBRIDGE PKWY | X7: CAMBRIDGE | Y7: MA | Z7: 21421229 | AA7: NONE | AB7: NOT EMPLOYED | AC7: C00401224 | AD7: 15E | AE7: EARMARKED CONTRIBUTION | AI7: 43735 | AJ7: 50 | AK7: 610 | BG7: P2020 | BI7: PRIMARY | BJ7: 2020 | BK7: N | BL7: NO CHANGE | BM7: ITEMIZED RECEIPTS | BN7: 43822.094 | BP7: 4384456E | BQ7: SA17A | BR7: F3P | BS7: 4.1213202e+18 | BT7: t | BU7: * EARMARKED CONTRIBUTION: SEE BELOW | BV7: 2020 | BW7: SA | BY7: 4.1222202e+18 | BZ7: http://docquery.fec.gov/cgi-bin/fecimg/?201912129166268739 | CA7: Contributions From Individuals/Persons Other Than Political Committees
A8: C00693234 | B8: WARREN FOR PRESIDENT, INC. | C8: 2019 | D8: Q3 | E8: 2.0191213e+17 | F8: 17A | G8: 3888875 | H8: 1366132 | J8: IND | K8: INDIVIDUAL | L8: C00401224 | N8: TAYLOR, DIANA | O8: P | Q8: P | R8: DIANA | T8: TAYLOR | V8: 75 CAMBRIDGE PKWY | X8: CAMBRIDGE | Y8: MA | Z8: 21421229 | AA8: NONE | AB8: NOT EMPLOYED | AC8: C00401224 | AD8: 15E | AE8: EARMARKED CONTRIBUTION | AI8: 43692 | AJ8: 50 | AK8: 610 | BG8: P2020 | BI8: PRIMARY | BJ8: 2020 | BK8: N | BL8: NO CHANGE | BM8: ITEMIZED RECEIPTS | BN8: 43822.094 | BP8: 3888875E | BQ8: SA17A | BR8: F3P | BS8: 4.1213202e+18 | BT8: t | BU8: * EARMARKED CONTRIBUTION: SEE BELOW | BV8: 2020 | BW8: SA | BY8: 4.1222202e+18 | BZ8: http://docquery.fec.gov/cgi-bin/fecimg/?201912129166268736 | CA8: Contributions From Individuals/Persons Other Than Political Committees
A9: C00693234 | B9: WARREN FOR PRESIDENT, INC. | C9: 2019 | D9: Q3 | E9: 2.0191213e+17 | F9: 17A | G9: 3911771 | H9: 1366132 | J9: IND | K9: INDIVIDUAL | L9: C00401224 | N9: TAYLOR, DIANA | O9: P | Q9: P | R9: DIANA | T9: TAYLOR | V9: 75 CAMBRIDGE PKWY | X9: CAMBRIDGE | Y9: MA | Z9: 21421229 | AA9: NONE | AB9: NOT EMPLOYED | AC9: C00401224 | AD9: 15E | AE9: EARMARKED CONTRIBUTION | AI9: 43694 | AJ9: 10 | AK9: 610 | BG9: P2020 | BI9: PRIMARY | BJ9: 2020 | BK9: N | BL9: NO CHANGE | BM9: ITEMIZED RECEIPTS | BN9: 43822.094 | BP9: 3911771E | BQ9: SA17A | BR9: F3P | BS9: 4.1213202e+18 | BT9: t | BU9: * EARMARKED CONTRIBUTION: SEE BELOW | BV9: 2020 | BW9: SA | BY9: 4.1222202e+18 | BZ9: http://docquery.fec.gov/cgi-bin/fecimg/?201912129166268737 | CA9: Contributions From Individuals/Persons Other Than Political Committees
A10: C00693234 | B10: WARREN FOR PRESIDENT, INC. | C10: 2019 | D10: Q3 | E10: 2.0191213e+17 | F10: 17A | G10: 3991456 | H10: 1366132 | J10: IND | K10: INDIVIDUAL | L10: C00401224 | N10: TAYLOR, DIANA | O10: P | Q10: P | R10: DIANA | T10: TAYLOR | V10: 75 CAMBRIDGE PKWY | X10: CAMBRIDGE | Y10: MA | Z10: 21421229 | AA10: NONE | AB10: NOT EMPLOYED | AC10: C00401224 | AD10: 15E | AE10: EARMARKED CONTRIBUTION | AI10: 43703 | AJ10: 50 | AK10: 610 | BG10: P2020 | BI10: PRIMARY | BJ10: 2020 | BK10: N | BL10: NO CHANGE | BM10: ITEMIZED RECEIPTS | BN10: 43822.094 | BP10: 3991456E | BQ10: SA17A | BR10: F3P | BS10: 4.1213202e+18 | BT10: t | BU10: * EARMARKED CONTRIBUTION: SEE BELOW | BV10: 2020 | BW10: SA | BY10: 4.1222202e+18 | BZ10: http://docquery.fec.gov/cgi-bin/fecimg/?201912129166268737 | CA10: Contributions From Individuals/Persons Other Than Political Committees
A11: C00693234 | B11: WARREN FOR PRESIDENT, INC. | C11: 2019 | D11: Q3 | E11: 2.0191213e+17 | F11: 17A | G11: 4064227 | H11: 1366132 | J11: IND | K11: INDIVIDUAL | L11: C00401224 | N11: TAYLOR, DIANA | O11: P | Q11: P | R11: DIANA | T11: TAYLOR | V11: 75 CAMBRIDGE PKWY | X11: CAMBRIDGE | Y11: MA | Z11: 21421229 | AA11: NONE | AB11: NOT EMPLOYED | AC11: C00401224 | AD11: 15E | AE11: EARMARKED CONTRIBUTION | AI11: 43707 | AJ11: 10 | AK11: 610 | BG11: P2020 | BI11: PRIMARY | BJ11: 2020 | BK11: N | BL11: NO CHANGE | BM11: ITEMIZED RECEIPTS | BN11: 43822.094 | BP11: 4064227E | BQ11: SA17A | BR11: F3P | BS11: 4.1213202e+18 | BT11: t | BU11: * EARMARKED CONTRIBUTION: SEE BELOW | BV11: 2020 | BW11: SA | BY11: 4.1222202e+18 | BZ11: http://docquery.fec.gov/cgi-bin/fecimg/?201912129166268738 | CA11: Contributions From Individuals/Persons Other Than Political Committees
A12: C00693234 | B12: WARREN FOR PRESIDENT, INC. | C12: 2019 | D12: Q3 | E12: 2.0191213e+17 | F12: 17A | G12: 4222813 | H12: 1366132 | J12: IND | K12: INDIVIDUAL | L12: C00401224 | N12: TAYLOR, DIANA | O12: P | Q12: P | R12: DIANA | T12: TAYLOR | V12: 75 CAMBRIDGE PKWY | X12: CAMBRIDGE | Y12: MA | Z12: 21421229 | AA12: NONE | AB12: NOT EMPLOYED | AC12: C00401224 | AD12: 15E | AE12: EARMARKED CONTRIBUTION | AI12: 43725 | AJ12: 10 | AK12: 610 | BG12: P2020 | BI12: PRIMARY | BJ12: 2020 | BK12: N | BL12: NO CHANGE | BM12: ITEMIZED RECEIPTS | BN12: 43822.094 | BP12: 4222813E | BQ12: SA17A | BR12: F3P | BS12: 4.1213202e+18 | BT12: t | BU12: * EARMARKED CONTRIBUTION: SEE BELOW | BV12: 2020 | BW12: SA | BY12: 4.1222202e+18 | BZ12: http://docquery.fec.gov/cgi-bin/fecimg/?201912129166268739 | CA12: Contributions From Individuals/Persons Other Than Political Committees
A13: C00492645 | B13: FRIENDS OF CHRIS MURPHY | C13: 2020 | D13: Q3 | E13: 2.0201016e+17 | F13: 11AI | G13: VTRAAS2NCM4 | H13: 1452197 | J13: IND | K13: INDIVIDUAL | L13: C00401224 | N13: TAYLOR, DIANA | O13: S | Q13: P | R13: DIANA | T13: TAYLOR | V13: 75 CAMBRIDGE PKWY | X13: CAMBRIDGE | Y13: MA | Z13: 21421229 | AA13: NOT EMPLOYED | AB13: NOT EMPLOYED | AC13: C00401224 | AD13: 15E | AE13: EARMARKED CONTRIBUTION | AI13: 44077 | AJ13: 50 | AK13: 225 | BG13: C2024 | BH13: CONVENTION | BI13: CONVENTION | BJ13: 2024 | BK13: A | BL13: ADD | BM13: ITEMIZED RECEIPTS | BN13: 44143.152 | BP13: VTRAAS2NCM4E | BQ13: SA11AI | BR13: F3 | BS13: 4.1016202e+18 | BT13: t | BU13: * EARMARKED CONTRIBUTION: SEE BELOW | BV13: 2020 | BW13: SA | BY13: 4.1108202e+18 | BZ13: http://docquery.fec.gov/cgi-bin/fecimg/?202010159295321107 | CA13: Contributions From Individuals/Persons Other Than Political Committees
A14: C00492645 | B14: FRIENDS OF CHRIS MURPHY | C14: 2020 | D14: Q3 | E14: 2.0201016e+17 | F14: 11AI | G14: VTRAAVM03N3 | H14: 1452197 | J14: IND | K14: INDIVIDUAL | L14: C00401224 | N14: TAYLOR, DIANA | O14: S | Q14: P | R14: DIANA | T14: TAYLOR | V14: 75 CAMBRIDGE PKWY | X14: CAMBRIDGE | Y14: MA | Z14: 21421229 | AA14: NOT EMPLOYED | AB14: NOT EMPLOYED | AC14: C00401224 | AD14: 15E | AE14: EARMARKED CONTRIBUTION | AI14: 44103 | AJ14: 25 | AK14: 250 | BG14: C2024 | BH14: CONVENTION | BI14: CONVENTION | BJ14: 2024 | BK14: A | BL14: ADD | BM14: ITEMIZED RECEIPTS | BN14: 44143.152 | BP14: VTRAAVM03N3E | BQ14: SA11AI | BR14: F3 | BS14: 4.1016202e+18 | BT14: t | BU14: * EARMARKED CONTRIBUTION: SEE BELOW | BV14: 2020 | BW14: SA | BY14: 4.1108202e+18 | BZ14: http://docquery.fec.gov/cgi-bin/fecimg/?202010159295320940 | CA14: Contributions From Individuals/Persons Other Than Political Committees
A15: C00630012 | B15: IT STARTS TODAY | C15: 2019 | D15: M3 | E15: 2.019081e+17 | F15: 11AI | G15: L22056391 | H15: 1347375 | J15: IND | K15: INDIVIDUAL | N15: TAYLOR, DIANA | O15: N | Q15: U | R15: DIANA | T15: TAYLOR | V15: 75 CAMBRIDGE PARKWAY, UNIT E708 | X15: CAMBRIDGE | Y15: MA | Z15: 2142 | AA15: RETIRED | AB15: RETIRED | AF15: EARMARKED FOR S-ME-02-D NOMINEE FUND 2020 | AI15: 43516 | AJ15: 17.36 | AK15: 19.19 | BG15: O2019 | BH15: NON-CAND COMMITTEE | BJ15: 2019 | BK15: A | BL15: ADD | BM15: ITEMIZED RECEIPTS | BN15: 43701.114 | BR15: F3X | BS15: 4.0811202e+18 | BT15: t | BV15: 2020 | BW15: SA | BY15: 4.0823202e+18 | BZ15: http://docquery.fec.gov/cgi-bin/fecimg/?201908099162759369 | CA15: Contributions From Individuals/Persons Other Than Political Committees
A16: C00630012 | B16: IT STARTS TODAY | C16: 2019 | D16: M3 | E16: 2.019081e+17 | F16: 11AI | G16: L22056392 | H16: 1347375 | J16: IND | K16: INDIVIDUAL | N16: TAYLOR, DIANA | O16: N | Q16: U | R16: DIANA | T16: TAYLOR | V16: 75 CAMBRIDGE PARKWAY, UNIT E708 | X16: CAMBRIDGE | Y16: MA | Z16: 2142 | AA16: RETIRED | AB16: RETIRED | AI16: 43516 | AJ16: 1.83 | AK16: 19.19 | BG16: O2019 | BH16: NON-CAND COMMITTEE | BJ16: 2019 | BK16: A | BL16: ADD | BM16: ITEMIZED RECEIPTS | BN16: 43701.114 | BR16: F3X | BS16: 4.0811202e+18 | BT16: t | BV16: 2020 | BW16: SA | BY16: 4.0823202e+18 | BZ16: http://docquery.fec.gov/cgi-bin/fecimg/?201908099162759369 | CA16: Contributions From Individuals/Persons Other Than Political Committees
A17: C00401224 | B17: ACTBLUE | C17: 2019 | D17: MY | E17: 2.019073e+17 | F17: 11AI | G17: SA11AI_145687594 | H17: 1344765 | J17: IND | K17: INDIVIDUAL | N17: TAYLOR, DIANA | O17: W | Q17: U | R17: DIANA | T17: TAYLOR | V17: 75 CAMBRIDGE PARKWAY | X17: CAMBRIDGE | Y17: MA | Z17: 2142 | AA17: NOT EMPLOYED | AB17: NOT EMPLOYED | AF17: CONTRIBUTION TO ACT BLUE | AI17: 43487 | AJ17: 2.5 | AK17: 69.3 | BK17: A | BL17: ADD | BM17: ITEMIZED RECEIPTS | BN17: 43706.652 | BR17: F3X | BS17: 4.0801202e+18 | BT17: t | BU17: CONTRIBUTION TO ACTBLUE | BV17: 2020 | BW17: SA | BY17: 4.0828202e+18 | BZ17: http://docquery.fec.gov/cgi-bin/fecimg/?201907299156850314 | CA17: Contributions From Individuals/Persons Other Than Political Committees
A18: C00401224 | B18: ACTBLUE | C18: 2019 | D18: MY | E18: 2.019073e+17 | F18: 11AI | G18: SA11AI_145687587 | H18: 1344765 | J18: IND | K18: INDIVIDUAL | N18: TAYLOR, DIANA | O18: W | Q18: U | R18: DIANA | T18: TAYLOR | V18: 75 CAMBRIDGE PARKWAY | X18: CAMBRIDGE | Y18: MA | Z18: 2142 | AA18: NOT EMPLOYED | AB18: NOT EMPLOYED | AF18: EARMARK | AI18: 43487 | AJ18: 25 | AK18: 75 | BK18: A | BL18: ADD | BM18: ITEMIZED RECEIPTS | BN18: 43706.652 | BR18: F3X | BS18: 4.0801202e+18 | BT18: t | BU18: EARMARKED FOR KAMALA HARRIS FOR THE PEOPLE (C00694455) | BV18: 2020 | BW18: SA | BY18: 4.0828202e+18 | BZ18: http://docquery.fec.gov/cgi-bin/fecimg/?201907299156850315 | CA18: Contributions From Individuals/Persons Other Than Political Committees
A19: C00401224 | B19: ACTBLUE | C19: 2019 | D19: MY | E19: 2.019073e+17 | F19: 11AI | G19: SA11AI_146790800 | H19: 1344765 | J19: IND | K19: INDIVIDUAL | N19: TAYLOR, DIANA | O19: W | Q19: U | R19: DIANA | T19: TAYLOR | V19: 75 CAMBRIDGE PARKWAY | X19: CAMBRIDGE | Y19: MA | Z19: 2142 | AA19: NOT EMPLOYED | AB19: NOT EMPLOYED | AF19: CONTRIBUTION TO ACT BLUE | AI19: 43502 | AJ19: 5 | AK19: 69.3 | BK19: A | BL19: ADD | BM19: ITEMIZED RECEIPTS | BN19: 43706.652 | BR19: F3X | BS19: 4.0801202e+18 | BT19: t | BU19: CONTRIBUTION TO ACTBLUE | BV19: 2020 | BW19: SA | BY19: 4.0828202e+18 | BZ19: http://docquery.fec.gov/cgi-bin/fecimg/?201907299156850318 | CA19: Contributions From Individuals/Persons Other Than Political Committees
A20: C00401224 | B20: ACTBLUE | C20: 2019 | D20: MY | E20: 2.019073e+17 | F20: 11AI | G20: SA11AI_146790798 | H20: 1344765 | J20: IND | K20: INDIVIDUAL | N20: TAYLOR, DIANA | O20: W | Q20: U | R20: DIANA | T20: TAYLOR | V20: 75 CAMBRIDGE PARKWAY | X20: CAMBRIDGE | Y20: MA | Z20: 2142 | AA20: NOT EMPLOYED | AB20: NOT EMPLOYED | AF20: EARMARK | AI20: 43502 | AJ20: 25 | AK20: 183 | BK20: A | BL20: ADD | BM20: ITEMIZED RECEIPTS | BN20: 43706.652 | BR20: F3X | BS20: 4.0801202e+18 | BT20: t | BU20: EARMARKED FOR ALEXANDRIA OCASIO-CORTEZ FOR CONGRESS (C00639591) | BV20: 2020 | BW20: SA | BY20: 4.0828202e+18 | BZ20: http://docquery.fec.gov/cgi-bin/fecimg/?201907299156850318 | CA20: Contributions From Individuals/Persons Other Than Political Committees
A21: C00401224 | B21: ACTBLUE | C21: 2019 | D21: MY | E21: 2.019073e+17 | F21: 11AI | G21: SA11AI_147329080 | H21: 1344765 | J21: IND | K21: INDIVIDUAL | N21: TAYLOR, DIANA | O21: W | Q21: U | R21: DIANA | T21: TAYLOR | V21: 75 CAMBRIDGE PARKWAY | X21: CAMBRIDGE | Y21: MA | Z21: 2142 | AA21: NOT EMPLOYED | AB21: NOT EMPLOYED | AF21: CONTRIBUTION TO ACT BLUE | AI21: 43510 | AJ21: 2.5 | AK21: 69.3 | BK21: A | BL21: ADD | BM21: ITEMIZED RECEIPTS | BN21: 43706.652 | BR21: F3X | BS21: 4.0801202e+18 | BT21: t | BU21: CONTRIBUTION TO ACTBLUE | BV21: 2020 | BW21: SA | BY21: 4.0828202e+18 | BZ21: http://docquery.fec.gov/cgi-bin/fecimg/?201907299156850320 | CA21: Contributions From Individuals/Persons Other Than Political Committees
A22: C00401224 | B22: ACTBLUE | C22: 2019 | D22: MY | E22: 2.019073e+17 | F22: 11AI | G22: SA11AI_146790799 | H22: 1344765 | J22: IND | K22: INDIVIDUAL | N22: TAYLOR, DIANA | O22: W | Q22: U | R22: DIANA | T22: TAYLOR | V22: 75 CAMBRIDGE PARKWAY | X22: CAMBRIDGE | Y22: MA | Z22: 2142 | AA22: NOT EMPLOYED | AB22: NOT EMPLOYED | AF22: EARMARK | AI22: 43502 | AJ22: 25 | AK22: 50 | BK22: A | BL22: ADD | BM22: ITEMIZED RECEIPTS | BN22: 43706.652 | BR22: F3X | BS22: 4.0801202e+18 | BT22: t | BU22: EARMARKED FOR BE A HERO PAC (C00678995) | BV22: 2020 | BW22: SA | BY22: 4.0828202e+18 | BZ22: http://docquery.fec.gov/cgi-bin/fecimg/?201907299156850319 | CA22: Contributions From Individuals/Persons Other Than Political Committees
A23: C00401224 | B23: ACTBLUE | C23: 2019 | D23: MY | E23: 2.019073e+17 | F23: 11AI | G23: SA11AI_151798284 | H23: 1344765 | J23: IND | K23: INDIVIDUAL | N23: TAYLOR, DIANA | O23: W | Q23: U | R23: DIANA | T23: TAYLOR | V23: 75 CAMBRIDGE PARKWAY | X23: CAMBRIDGE | Y23: MA | Z23: 2142 | AA23: NOT EMPLOYED | AB23: NOT EMPLOYED | AF23: CONTRIBUTION TO ACT BLUE | AI23: 43551 | AJ23: 2.7 | AK23: 69.3 | BK23: A | BL23: ADD | BM23: ITEMIZED RECEIPTS | BN23: 43706.652 | BR23: F3X | BS23: 4.0801202e+18 | BT23: t | BU23: CONTRIBUTION TO ACTBLUE | BV23: 2020 | BW23: SA | BY23: 4.0828202e+18 | BZ23: http://docquery.fec.gov/cgi-bin/fecimg/?201907299156850324 | CA23: Contributions From Individuals/Persons Other Than Political Committees
A24: C00401224 | B24: ACTBLUE | C24: 2019 | D24: MY | E24: 2.019073e+17 | F24: 11AI | G24: SA11AI_153175442 | H24: 1344765 | J24: IND | K24: INDIVIDUAL | N24: TAYLOR, DIANA | O24: W | Q24: U | R24: DIANA | T24: TAYLOR | V24: 75 CAMBRIDGE PARKWAY | X24: CAMBRIDGE | Y24: MA | Z24: 2142 | AA24: NOT EMPLOYED | AB24: NOT EMPLOYED | AF24: CONTRIBUTION TO ACT BLUE | AI24: 43559 | AJ24: 10 | AK24: 69.3 | BK24: A | BL24: ADD | BM24: ITEMIZED RECEIPTS | BN24: 43706.652 | BR24: F3X | BS24: 4.0801202e+18 | BT24: t | BU24: CONTRIBUTION TO ACTBLUE | BV24: 2020 | BW24: SA | BY24: 4.0828202e+18 | BZ24: http://docquery.fec.gov/cgi-bin/fecimg/?201907299156850326 | CA24: Contributions From Individuals/Persons Other Than Political Committees
A25: C00401224 | B25: ACTBLUE | C25: 2019 | D25: MY | E25: 2.019073e+17 | F25: 11AI | G25: SA11AI_155733981 | H25: 1344765 | J25: IND | K25: INDIVIDUAL | N25: TAYLOR, DIANA | O25: W | Q25: U | R25: DIANA | T25: TAYLOR | V25: 75 CAMBRIDGE PARKWAY | X25: CAMBRIDGE | Y25: MA | Z25: 2142 | AA25: NOT EMPLOYED | AB25: NOT EMPLOYED | AF25: CONTRIBUTION TO ACT BLUE | AI25: 43582 | AJ25: 2.5 | AK25: 69.3 | BK25: A | BL25: ADD | BM25: ITEMIZED RECEIPTS | BN25: 43706.652 | BR25: F3X | BS25: 4.0801202e+18 | BT25: t | BU25: CONTRIBUTION TO ACTBLUE | BV25: 2020 | BW25: SA | BY25: 4.0828202e+18 | BZ25: http://docquery.fec.gov/cgi-bin/fecimg/?201907299156850332 | CA25: Contributions From Individuals/Persons Other Than Political Committees
A26: C00401224 | B26: ACTBLUE | C26: 2019 | D26: MY | E26: 2.019073e+17 | F26: 11AI | G26: SA11AI_155733975 | H26: 1344765 | J26: IND | K26: INDIVIDUAL | N26: TAYLOR, DIANA | O26: W | Q26: U | R26: DIANA | T26: TAYLOR | V26: 75 CAMBRIDGE PARKWAY | X26: CAMBRIDGE | Y26: MA | Z26: 2142 | AA26: NOT EMPLOYED | AB26: NOT EMPLOYED | AF26: EARMARK | AI26: 43582 | AJ26: 25 | AK26: 50 | BK26: A | BL26: ADD | BM26: ITEMIZED RECEIPTS | BN26: 43706.652 | BR26: F3X | BS26: 4.0801202e+18 | BT26: t | BU26: EARMARKED FOR BE A HERO PAC (C00678995) | BV26: 2020 | BW26: SA | BY26: 4.0828202e+18 | BZ26: http://docquery.fec.gov/cgi-bin/fecimg/?201907299156850332 | CA26: Contributions From Individuals/Persons Other Than Political Committees
A27: C00401224 | B27: ACTBLUE | C27: 2019 | D27: MY | E27: 2.019073e+17 | F27: 11AI | G27: SA11AI_155688451 | H27: 1344765 | J27: IND | K27: INDIVIDUAL | N27: TAYLOR, DIANA | O27: W | Q27: U | R27: DIANA | T27: TAYLOR | V27: 75 CAMBRIDGE PARKWAY | X27: CAMBRIDGE | Y27: MA | Z27: 2142 | AA27: NOT EMPLOYED | AB27: NOT EMPLOYED | AF27: CONTRIBUTION TO ACT BLUE | AI27: 43582 | AJ27: 2.7 | AK27: 69.3 | BK27: A | BL27: ADD | BM27: ITEMIZED RECEIPTS | BN27: 43706.652 | BR27: F3X | BS27: 4.0801202e+18 | BT27: t | BU27: CONTRIBUTION TO ACTBLUE | BV27: 2020 | BW27: SA | BY27: 4.0828202e+18 | BZ27: http://docquery.fec.gov/cgi-bin/fecimg/?201907299156850333 | CA27: Contributions From Individuals/Persons Other Than Political Committees
A28: C00401224 | B28: ACTBLUE | C28: 2019 | D28: MY | E28: 2.019073e+17 | F28: 11AI | G28: SA11AI_157993114 | H28: 1344765 | J28: IND | K28: INDIVIDUAL | L28: C00693234 | N28: TAYLOR, DIANA | O28: W | Q28: U | R28: DIANA | T28: TAYLOR | V28: 75 CAMBRIDGE PARKWAY | X28: CAMBRIDGE | Y28: MA | Z28: 2142 | AA28: NOT EMPLOYED | AB28: NOT EMPLOYED | AC28: C00693234 | AD28: 24T | AE28: EARMARKED INTERMEDIARY TREASURY OUT | AF28: EARMARK | AI28: 43602 | AJ28: 50 | AK28: 260 | AL28: P00009621 | BK28: A | BL28: ADD | BM28: ITEMIZED RECEIPTS | BN28: 43706.652 | BR28: F3X | BS28: 4.0801202e+18 | BT28: t | BU28: EARMARKED FOR WARREN FOR PRESIDENT, INC. (C00693234) | BV28: 2020 | BW28: SA | BY28: 4.0828202e+18 | BZ28: http://docquery.fec.gov/cgi-bin/fecimg/?201907299156850340 | CA28: Contributions From Individuals/Persons Other Than Political Committees
A29: C00401224 | B29: ACTBLUE | C29: 2019 | D29: MY | E29: 2.019073e+17 | F29: 11AI | G29: SA11AI_159006610 | H29: 1344765 | J29: IND | K29: INDIVIDUAL | N29: TAYLOR, DIANA | O29: W | Q29: U | R29: DIANA | T29: TAYLOR | V29: 75 CAMBRIDGE PARKWAY | X29: CAMBRIDGE | Y29: MA | Z29: 2142 | AA29: NOT EMPLOYED | AB29: NOT EMPLOYED | AF29: EARMARK | AI29: 43612 | AJ29: 27 | AK29: 183 | BK29: A | BL29: ADD | BM29: ITEMIZED RECEIPTS | BN29: 43706.652 | BR29: F3X | BS29: 4.0801202e+18 | BT29: t | BU29: EARMARKED FOR ALEXANDRIA OCASIO-CORTEZ FOR CONGRESS (C00639591) | BV29: 2020 | BW29: SA | BY29: 4.0828202e+18 | BZ29: http://docquery.fec.gov/cgi-bin/fecimg/?201907299156850342 | CA29: Contributions From Individuals/Persons Other Than Political Committees
A30: C00401224 | B30: ACTBLUE | C30: 2019 | D30: MY | E30: 2.019073e+17 | F30: 11AI | G30: SA11AI_157993123 | H30: 1344765 | J30: IND | K30: INDIVIDUAL | N30: TAYLOR, DIANA | O30: W | Q30: U | R30: DIANA | T30: TAYLOR | V30: 75 CAMBRIDGE PARKWAY | X30: CAMBRIDGE | Y30: MA | Z30: 2142 | AA30: NOT EMPLOYED | AB30: NOT EMPLOYED | AF30: CONTRIBUTION TO ACT BLUE | AI30: 43602 | AJ30: 5 | AK30: 69.3 | BK30: A | BL30: ADD | BM30: ITEMIZED RECEIPTS | BN30: 43706.652 | BR30: F3X | BS30: 4.0801202e+18 | BT30: t | BU30: CONTRIBUTION TO ACTBLUE | BV30: 2020 | BW30: SA | BY30: 4.0828202e+18 | BZ30: http://docquery.fec.gov/cgi-bin/fecimg/?201907299156850339 | CA30: Contributions From Individuals/Persons Other Than Political Committees
A31: C00401224 | B31: ACTBLUE | C31: 2019 | D31: MY | E31: 2.019073e+17 | F31: 11AI | G31: SA11AI_159006609 | H31: 1344765 | J31: IND | K31: INDIVIDUAL | N31: TAYLOR, DIANA | O31: W | Q31: U | R31: DIANA | T31: TAYLOR | V31: 75 CAMBRIDGE PARKWAY | X31: CAMBRIDGE | Y31: MA | Z31: 2142 | AA31: NOT EMPLOYED | AB31: NOT EMPLOYED | AF31: CONTRIBUTION TO ACT BLUE | AI31: 43612 | AJ31: 2.7 | AK31: 69.3 | BK31: A | BL31: ADD | BM31: ITEMIZED RECEIPTS | BN31: 43706.652 | BR31: F3X | BS31: 4.0801202e+18 | BT31: t | BU31: CONTRIBUTION TO ACTBLUE | BV31: 2020 | BW31: SA | BY31: 4.0828202e+18 | BZ31: http://docquery.fec.gov/cgi-bin/fecimg/?201907299156850341 | CA31: Contributions From Individuals/Persons Other Than Political Committees
A32: C00401224 | B32: ACTBLUE | C32: 2019 | D32: MY | E32: 2.019073e+17 | F32: 11AI | G32: SA11AI_161492067 | H32: 1344765 | J32: IND | K32: INDIVIDUAL | L32: C00693234 | N32: TAYLOR, DIANA | O32: W | Q32: U | R32: DIANA | T32: TAYLOR | V32: 75 CAMBRIDGE PARKWAY | X32: CAMBRIDGE | Y32: MA | Z32: 2142 | AA32: NOT EMPLOYED | AB32: NOT EMPLOYED | AC32: C00693234 | AD32: 24T | AE32: EARMARKED INTERMEDIARY TREASURY OUT | AF32: EARMARK | AI32: 43633 | AJ32: 10 | AK32: 260 | AL32: P00009621 | BK32: A | BL32: ADD | BM32: ITEMIZED RECEIPTS | BN32: 43706.652 | BR32: F3X | BS32: 4.0801202e+18 | BT32: t | BU32: EARMARKED FOR WARREN FOR PRESIDENT, INC. (C00693234) | BV32: 2020 | BW32: SA | BY32: 4.0828202e+18 | BZ32: http://docquery.fec.gov/cgi-bin/fecimg/?201907299156850347 | CA32: Contributions From Individuals/Persons Other Than Political Committees
A33: C00401224 | B33: ACTBLUE | C33: 2019 | D33: MY | E33: 2.019073e+17 | F33: 11AI | G33: SA11AI_162641216 | H33: 1344765 | J33: IND | K33: INDIVIDUAL | N33: TAYLOR, DIANA | O33: W | Q33: U | R33: DIANA | T33: TAYLOR | V33: 75 CAMBRIDGE PARKWAY | X33: CAMBRIDGE | Y33: MA | Z33: 2142 | AA33: NOT EMPLOYED | AB33: NOT EMPLOYED | AF33: CONTRIBUTION TO ACT BLUE | AI33: 43641 | AJ33: 5 | AK33: 69.3 | BK33: A | BL33: ADD | BM33: ITEMIZED RECEIPTS | BN33: 43706.652 | BR33: F3X | BS33: 4.0801202e+18 | BT33: t | BU33: CONTRIBUTION TO ACTBLUE | BV33: 2020 | BW33: SA | BY33: 4.0828202e+18 | BZ33: http://docquery.fec.gov/cgi-bin/fecimg/?201907299156850350 | CA33: Contributions From Individuals/Persons Other Than Political Committees
A34: C00401224 | B34: ACTBLUE | C34: 2019 | D34: MY | E34: 2.019073e+17 | F34: 11AI | G34: SA11AI_161492068 | H34: 1344765 | J34: IND | K34: INDIVIDUAL | N34: TAYLOR, DIANA | O34: W | Q34: U | R34: DIANA | T34: TAYLOR | V34: 75 CAMBRIDGE PARKWAY | X34: CAMBRIDGE | Y34: MA | Z34: 2142 | AA34: NOT EMPLOYED | AB34: NOT EMPLOYED | AF34: CONTRIBUTION TO ACT BLUE | AI34: 43633 | AJ34: 1 | AK34: 69.3 | BK34: A | BL34: ADD | BM34: ITEMIZED RECEIPTS | BN34: 43706.652 | BR34: F3X | BS34: 4.0801202e+18 | BT34: t | BU34: CONTRIBUTION TO ACTBLUE | BV34: 2020 | BW34: SA | BY34: 4.0828202e+18 | BZ34: http://docquery.fec.gov/cgi-bin/fecimg/?201907299156850348 | CA34: Contributions From Individuals/Persons Other Than Political Committees
A35: C00401224 | B35: ACTBLUE | C35: 2019 | D35: MY | E35: 2.019073e+17 | F35: 11AI | G35: SA11AI_164439737 | H35: 1344765 | J35: IND | K35: INDIVIDUAL | L35: C00693234 | N35: TAYLOR, DIANA | O35: W | Q35: U | R35: DIANA | T35: TAYLOR | V35: 75 CAMBRIDGE PARKWAY | X35: CAMBRIDGE | Y35: MA | Z35: 2142 | AA35: NOT EMPLOYED | AB35: NOT EMPLOYED | AC35: C00693234 | AD35: 24T | AE35: EARMARKED INTERMEDIARY TREASURY OUT | AF35: EARMARK | AI35: 43646 | AJ35: 50 | AK35: 260 | AL35: P00009621 | BK35: A | BL35: ADD | BM35: ITEMIZED RECEIPTS | BN35: 43706.652 | BR35: F3X | BS35: 4.0801202e+18 | BT35: t | BU35: EARMARKED FOR WARREN FOR PRESIDENT, INC. (C00693234) | BV35: 2020 | BW35: SA | BY35: 4.0828202e+18 | BZ35: http://docquery.fec.gov/cgi-bin/fecimg/?201907299156850351 | CA35: Contributions From Individuals/Persons Other Than Political Committees
A36: C00401224 | B36: ACTBLUE | C36: 2019 | D36: MY | E36: 2.019073e+17 | F36: 11AI | G36: SA11AI_162641194 | H36: 1344765 | J36: IND | K36: INDIVIDUAL | L36: C00693234 | N36: TAYLOR, DIANA | O36: W | Q36: U | R36: DIANA | T36: TAYLOR | V36: 75 CAMBRIDGE PARKWAY | X36: CAMBRIDGE | Y36: MA | Z36: 2142 | AA36: NOT EMPLOYED | AB36: NOT EMPLOYED | AC36: C00693234 | AD36: 24T | AE36: EARMARKED INTERMEDIARY TREASURY OUT | AF36: EARMARK | AI36: 43641 | AJ36: 50 | AK36: 260 | AL36: P00009621 | BK36: A | BL36: ADD | BM36: ITEMIZED RECEIPTS | BN36: 43706.652 | BR36: F3X | BS36: 4.0801202e+18 | BT36: t | BU36: EARMARKED FOR WARREN FOR PRESIDENT, INC. (C00693234) | BV36: 2020 | BW36: SA | BY36: 4.0828202e+18 | BZ36: http://docquery.fec.gov/cgi-bin/fecimg/?201907299156850350 | CA36: Contributions From Individuals/Persons Other Than Political Committees
A37: C00401224 | B37: ACTBLUE | C37: 2019 | D37: MY | E37: 2.019073e+17 | F37: 11AI | G37: SA11AI_164439835 | H37: 1344765 | J37: IND | K37: INDIVIDUAL | N37: TAYLOR, DIANA | O37: W | Q37: U | R37: DIANA | T37: TAYLOR | V37: 75 CAMBRIDGE PARKWAY | X37: CAMBRIDGE | Y37: MA | Z37: 2142 | AA37: NOT EMPLOYED | AB37: NOT EMPLOYED | AF37: CONTRIBUTION TO ACT BLUE | AI37: 43646 | AJ37: 5 | AK37: 69.3 | BK37: A | BL37: ADD | BM37: ITEMIZED RECEIPTS | BN37: 43706.652 | BR37: F3X | BS37: 4.0801202e+18 | BT37: t | BU37: CONTRIBUTION TO ACTBLUE | BV37: 2020 | BW37: SA | BY37: 4.0828202e+18 | BZ37: http://docquery.fec.gov/cgi-bin/fecimg/?201907299156850352 | CA37: Contributions From Individuals/Persons Other Than Political Committees
A38: C00401224 | B38: ACTBLUE | C38: 2019 | D38: MY | E38: 2.019073e+17 | F38: 11AI | G38: SA11AI_164441612 | H38: 1344765 | J38: IND | K38: INDIVIDUAL | N38: TAYLOR, DIANA | O38: W | Q38: U | R38: DIANA | T38: TAYLOR | V38: 75 CAMBRIDGE PARKWAY | X38: CAMBRIDGE | Y38: MA | Z38: 2142 | AA38: NOT EMPLOYED | AB38: NOT EMPLOYED | AF38: CONTRIBUTION TO ACT BLUE | AI38: 43646 | AJ38: 5 | AK38: 69.3 | BK38: A | BL38: ADD | BM38: ITEMIZED RECEIPTS | BN38: 43706.652 | BR38: F3X | BS38: 4.0801202e+18 | BT38: t | BU38: CONTRIBUTION TO ACTBLUE | BV38: 2020 | BW38: SA | BY38: 4.0828202e+18 | BZ38: http://docquery.fec.gov/cgi-bin/fecimg/?201907299156850353 | CA38: Contributions From Individuals/Persons Other Than Political Committees
A39: C00401224 | B39: ACTBLUE | C39: 2019 | D39: MY | E39: 2.019073e+17 | F39: 11AI | G39: SA11AI_164441581 | H39: 1344765 | J39: IND | K39: INDIVIDUAL | N39: TAYLOR, DIANA | O39: W | Q39: U | R39: DIANA | T39: TAYLOR | V39: 75 CAMBRIDGE PARKWAY | X39: CAMBRIDGE | Y39: MA | Z39: 2142 | AA39: NOT EMPLOYED | AB39: NOT EMPLOYED | AF39: EARMARK | AI39: 43646 | AJ39: 50 | AK39: 150 | BK39: A | BL39: ADD | BM39: ITEMIZED RECEIPTS | BN39: 43706.652 | BR39: F3X | BS39: 4.0801202e+18 | BT39: t | BU39: EARMARKED FOR PETE FOR AMERICA, INC (C00697441) | BV39: 2020 | BW39: SA | BY39: 4.0828202e+18 | BZ39: http://docquery.fec.gov/cgi-bin/fecimg/?201907299156850353 | CA39: Contributions From Individuals/Persons Other Than Political Committees
A40: C00401224 | B40: ACTBLUE | C40: 2019 | D40: MY | E40: 2.019073e+17 | F40: 11AI | G40: SA11AI_160667996 | H40: 1344765 | J40: IND | K40: INDIVIDUAL | N40: TAYLOR, DIANA | O40: W | Q40: U | R40: DIANA | T40: TAYLOR | V40: 75 CAMBRIDGE PARKWAY | X40: CAMBRIDGE | Y40: MA | Z40: 2142 | AA40: NOT EMPLOYED | AB40: NOT EMPLOYED | AF40: CONTRIBUTION TO ACT BLUE | AI40: 43625 | AJ40: 5 | AK40: 69.3 | BK40: A | BL40: ADD | BM40: ITEMIZED RECEIPTS | BN40: 43706.746 | BR40: F3X | BS40: 4.0801202e+18 | BT40: t | BU40: CONTRIBUTION TO ACTBLUE | BV40: 2020 | BW40: SA | BY40: 4.0828202e+18 | BZ40: http://docquery.fec.gov/cgi-bin/fecimg/?201907299156850345 | CA40: Contributions From Individuals/Persons Other Than Political Committees
A41: C00401224 | B41: ACTBLUE | C41: 2019 | D41: MY | E41: 2.019073e+17 | F41: 11AI | G41: SA11AI_153175436 | H41: 1344765 | J41: IND | K41: INDIVIDUAL | N41: TAYLOR, DIANA | O41: W | Q41: U | R41: DIANA | T41: TAYLOR | V41: 75 CAMBRIDGE PARKWAY | X41: CAMBRIDGE | Y41: MA | Z41: 2142 | AA41: NOT EMPLOYED | AB41: NOT EMPLOYED | AF41: EARMARK | AI41: 43559 | AJ41: 100 | AK41: 150 | BK41: A | BL41: ADD | BM41: ITEMIZED RECEIPTS | BN41: 43706.762 | BR41: F3X | BS41: 4.0801202e+18 | BT41: t | BU41: EARMARKED FOR PETE FOR AMERICA, INC (C00697441) | BV41: 2020 | BW41: SA | BY41: 4.0828202e+18 | BZ41: http://docquery.fec.gov/cgi-bin/fecimg/?201907299156850327 | CA41: Contributions From Individuals/Persons Other Than Political Committees
A42: C00401224 | B42: ACTBLUE | C42: 2019 | D42: MY | E42: 2.019073e+17 | F42: 11AI | G42: SA11AI_151798275 | H42: 1344765 | J42: IND | K42: INDIVIDUAL | N42: TAYLOR, DIANA | O42: W | Q42: U | R42: DIANA | T42: TAYLOR | V42: 75 CAMBRIDGE PARKWAY | X42: CAMBRIDGE | Y42: MA | Z42: 2142 | AA42: NOT EMPLOYED | AB42: NOT EMPLOYED | AF42: EARMARK | AI42: 43551 | AJ42: 27 | AK42: 183 | BK42: A | BL42: ADD | BM42: ITEMIZED RECEIPTS | BN42: 43706.762 | BR42: F3X | BS42: 4.0801202e+18 | BT42: t | BU42: EARMARKED FOR ALEXANDRIA OCASIO-CORTEZ FOR CONGRESS (C00639591) | BV42: 2020 | BW42: SA | BY42: 4.0828202e+18 | BZ42: http://docquery.fec.gov/cgi-bin/fecimg/?201907299156850324 | CA42: Contributions From Individuals/Persons Other Than Political Committees
A43: C00401224 | B43: ACTBLUE | C43: 2019 | D43: MY | E43: 2.019073e+17 | F43: 11AI | G43: SA11AI_157593231 | H43: 1344765 | J43: IND | K43: INDIVIDUAL | N43: TAYLOR, DIANA | O43: W | Q43: U | R43: DIANA | T43: TAYLOR | V43: 75 CAMBRIDGE PARKWAY | X43: CAMBRIDGE | Y43: MA | Z43: 2142 | AA43: NOT EMPLOYED | AB43: NOT EMPLOYED | AF43: CONTRIBUTION TO ACT BLUE | AI43: 43599 | AJ43: 5 | AK43: 69.3 | BK43: A | BL43: ADD | BM43: ITEMIZED RECEIPTS | BN43: 43706.777 | BR43: F3X | BS43: 4.0801202e+18 | BT43: t | BU43: CONTRIBUTION TO ACTBLUE | BV43: 2020 | BW43: SA | BY43: 4.0828202e+18 | BZ43: http://docquery.fec.gov/cgi-bin/fecimg/?201907299156850338 | CA43: Contributions From Individuals/Persons Other Than Political Committees
A44: C00401224 | B44: ACTBLUE | C44: 2019 | D44: MY | E44: 2.019073e+17 | F44: 11AI | G44: SA11AI_164440556 | H44: 1344765 | J44: IND | K44: INDIVIDUAL | N44: TAYLOR, DIANA | O44: W | Q44: U | R44: DIANA | T44: TAYLOR | V44: 75 CAMBRIDGE PARKWAY | X44: CAMBRIDGE | Y44: MA | Z44: 2142 | AA44: NOT EMPLOYED | AB44: NOT EMPLOYED | AF44: CONTRIBUTION TO ACT BLUE | AI44: 43646 | AJ44: 5 | AK44: 69.3 | BK44: A | BL44: ADD | BM44: ITEMIZED RECEIPTS | BN44: 43706.777 | BR44: F3X | BS44: 4.0801202e+18 | BT44: t | BU44: CONTRIBUTION TO ACTBLUE | BV44: 2020 | BW44: SA | BY44: 4.0828202e+18 | BZ44: http://docquery.fec.gov/cgi-bin/fecimg/?201907299156850352 | CA44: Contributions From Individuals/Persons Other Than Political Committees
A45: C00401224 | B45: ACTBLUE | C45: 2019 | D45: MY | E45: 2.019073e+17 | F45: 11AI | G45: SA11AI_145696847 | H45: 1344765 | J45: IND | K45: INDIVIDUAL | N45: TAYLOR, DIANA | O45: W | Q45: U | R45: DIANA | T45: TAYLOR | V45: 75 CAMBRIDGE PARKWAY | X45: CAMBRIDGE | Y45: MA | Z45: 2142 | AA45: NOT EMPLOYED | AB45: NOT EMPLOYED | AF45: EARMARK | AI45: 43487 | AJ45: 25 | AK45: 75 | BK45: A | BL45: ADD | BM45: ITEMIZED RECEIPTS | BN45: 43706.793 | BR45: F3X | BS45: 4.0801202e+18 | BT45: t | BU45: EARMARKED FOR KAMALA HARRIS FOR THE PEOPLE (C00694455) | BV45: 2020 | BW45: SA | BY45: 4.0828202e+18 | BZ45: http://docquery.fec.gov/cgi-bin/fecimg/?201907299156850315 | CA45: Contributions From Individuals/Persons Other Than Political Committees
A46: C00401224 | B46: ACTBLUE | C46: 2019 | D46: MY | E46: 2.019073e+17 | F46: 11AI | G46: SA11AI_147329076 | H46: 1344765 | J46: IND | K46: INDIVIDUAL | N46: TAYLOR, DIANA | O46: W | Q46: U | R46: DIANA | T46: TAYLOR | V46: 75 CAMBRIDGE PARKWAY | X46: CAMBRIDGE | Y46: MA | Z46: 2142 | AA46: NOT EMPLOYED | AB46: NOT EMPLOYED | AF46: EARMARK | AI46: 43510 | AJ46: 25 | AK46: 75 | BK46: A | BL46: ADD | BM46: ITEMIZED RECEIPTS | BN46: 43706.808 | BR46: F3X | BS46: 4.0801202e+18 | BT46: t | BU46: EARMARKED FOR KAMALA HARRIS FOR THE PEOPLE (C00694455) | BV46: 2020 | BW46: SA | BY46: 4.0828202e+18 | BZ46: http://docquery.fec.gov/cgi-bin/fecimg/?201907299156850319 | CA46: Contributions From Individuals/Persons Other Than Political Committees
A47: C00401224 | B47: ACTBLUE | C47: 2019 | D47: MY | E47: 2.019073e+17 | F47: 11AI | G47: SA11AI_162964087 | H47: 1344765 | J47: IND | K47: INDIVIDUAL | N47: TAYLOR, DIANA | O47: W | Q47: U | R47: DIANA | T47: TAYLOR | V47: 75 CAMBRIDGE PARKWAY | X47: CAMBRIDGE | Y47: MA | Z47: 2142 | AA47: NOT EMPLOYED | AB47: NOT EMPLOYED | AF47: CONTRIBUTION TO ACT BLUE | AI47: 43643 | AJ47: 2.7 | AK47: 69.3 | BK47: A | BL47: ADD | BM47: ITEMIZED RECEIPTS | BN47: 43706.824 | BR47: F3X | BS47: 4.0801202e+18 | BT47: t | BU47: CONTRIBUTION TO ACTBLUE | BV47: 2020 | BW47: SA | BY47: 4.0828202e+18 | BZ47: http://docquery.fec.gov/cgi-bin/fecimg/?201907299156850351 | CA47: Contributions From Individuals/Persons Other Than Political Committees
A48: C00401224 | B48: ACTBLUE | C48: 2019 | D48: MY | E48: 2.019073e+17 | F48: 11AI | G48: SA11AI_164440535 | H48: 1344765 | J48: IND | K48: INDIVIDUAL | N48: TAYLOR, DIANA | O48: W | Q48: U | R48: DIANA | T48: TAYLOR | V48: 75 CAMBRIDGE PARKWAY | X48: CAMBRIDGE | Y48: MA | Z48: 2142 | AA48: NOT EMPLOYED | AB48: NOT EMPLOYED | AF48: EARMARK | AI48: 43646 | AJ48: 50 | AK48: 183 | BK48: A | BL48: ADD | BM48: ITEMIZED RECEIPTS | BN48: 43706.824 | BR48: F3X | BS48: 4.0801202e+18 | BT48: t | BU48: EARMARKED FOR ALEXANDRIA OCASIO-CORTEZ FOR CONGRESS (C00639591) | BV48: 2020 | BW48: SA | BY48: 4.0828202e+18 | BZ48: http://docquery.fec.gov/cgi-bin/fecimg/?201907299156850353 | CA48: Contributions From Individuals/Persons Other Than Political Committees
... A50: C00401224 | B50: ACTBLUE | C50: 2019 | D50: MY | E50: 2.019073e+17 | F50: 11AI | G50: SA11AI_162964088 | H50: 1344765 | J50: IND | K50: INDIVIDUAL | N50: TAYLOR, DIANA | O50: W | Q50: U | R50: DIANA | T50: TAYLOR | V50: 75 CAMBRIDGE PARKWAY | X50: CAMBRIDGE | Y50: MA | Z50: 2142 | AA50: NOT EMPLOYED | AB50: NOT EMPLOYED | AF50: EARMARK | AI50: 43643 | AJ50: 27 | AK50: 183 | BK50: A | BL50: ADD | BM50: ITEMIZED RECEIPTS | BN50: 43706.84 | BR50: F3X | BS50: 4.0801202e+18 | BT50: t | BU50: EARMARKED FOR ALEXANDRIA OCASIO-CORTEZ FOR CONGRESS (C00639591) | BV50: 2020 | BW50: SA | BY50: 4.0828202e+18 | BZ50: http://docquery.fec.gov/cgi-bin/fecimg/?201907299156850351 | CA50: Contributions From Individuals/Persons Other Than Political Committees
A51: C00401224 | B51: ACTBLUE | C51: 2019 | D51: MY | E51: 2.019073e+17 | F51: 11AI | G51: SA11AI_160667992 | H51: 1344765 | J51: IND | K51: INDIVIDUAL | L51: C00693234 | N51: TAYLOR, DIANA | O51: W | Q51: U | R51: DIANA | T51: TAYLOR | V51: 75 CAMBRIDGE PARKWAY | X51: CAMBRIDGE | Y51: MA | Z51: 2142 | AA51: NOT EMPLOYED | AB51: NOT EMPLOYED | AC51: C00693234 | AD51: 24T | AE51: EARMARKED INTERMEDIARY TREASURY OUT | AF51: EARMARK | AI51: 43625 | AJ51: 50 | AK51: 260 | AL51: P00009621 | BK51: A | BL51: ADD | BM51: ITEMIZED RECEIPTS | BN51: 43706.855 | BR51: F3X | BS51: 4.0801202e+18 | BT51: t | BU51: EARMARKED FOR WARREN FOR PRESIDENT, INC. (C00693234) | BV51: 2020 | BW51: SA | BY51: 4.0828202e+18 | BZ51: http://docquery.fec.gov/cgi-bin/fecimg/?201907299156850346 | CA51: Contributions From Individuals/Persons Other Than Political Committees
A52: C00401224 | B52: ACTBLUE | C52: 2019 | D52: MY | E52: 2.019073e+17 | F52: 11AI | G52: SA11AI_157593224 | H52: 1344765 | J52: IND | K52: INDIVIDUAL | L52: C00693234 | N52: TAYLOR, DIANA | O52: W | Q52: U | R52: DIANA | T52: TAYLOR | V52: 75 CAMBRIDGE PARKWAY | X52: CAMBRIDGE | Y52: MA | Z52: 2142 | AA52: NOT EMPLOYED | AB52: NOT EMPLOYED | AC52: C00693234 | AD52: 24T | AE52: EARMARKED INTERMEDIARY TREASURY OUT | AF52: EARMARK | AI52: 43599 | AJ52: 50 | AK52: 260 | AL52: P00009621 | BK52: A | BL52: ADD | BM52: ITEMIZED RECEIPTS | BN52: 43706.869 | BR52: F3X | BS52: 4.0801202e+18 | BT52: t | BU52: EARMARKED FOR WARREN FOR PRESIDENT, INC. (C00693234) | BV52: 2020 | BW52: SA | BY52: 4.0828202e+18 | BZ52: http://docquery.fec.gov/cgi-bin/fecimg/?201907299156850339 | CA52: Contributions From Individuals/Persons Other Than Political Committees
A53: C00693234 | B53: WARREN FOR PRESIDENT, INC. | C53: 2019 | D53: Q2 | E53: 2.0190907e+17 | F53: 17A | G53: 3080420 | H53: 1350879 | J53: IND | K53: INDIVIDUAL | L53: C00401224 | N53: TAYLOR, DIANA | O53: P | Q53: P | R53: DIANA | T53: TAYLOR | V53: 75 CAMBRIDGE PKWY | X53: CAMBRIDGE | Y53: MA | Z53: 21421229 | AA53: NONE | AB53: NOT EMPLOYED | AC53: C00401224 | AD53: 15E | AE53: EARMARKED CONTRIBUTION | AI53: 43599 | AJ53: 50 | AK53: 260 | BG53: P2020 | BI53: PRIMARY | BJ53: 2020 | BK53: N | BL53: NO CHANGE | BM53: ITEMIZED RECEIPTS | BN53: 43720.113 | BP53: 3080420E | BQ53: SA17A | BR53: F3P | BS53: 4.0906202e+18 | BT53: t | BU53: * EARMARKED CONTRIBUTION: SEE BELOW | BV53: 2020 | BW53: SA | BY53: 4.0911202e+18 | BZ53: http://docquery.fec.gov/cgi-bin/fecimg/?201909069163195372 | CA53: Contributions From Individuals/Persons Other Than Political Committees
A54: C00693234 | B54: WARREN FOR PRESIDENT, INC. | C54: 2019 | D54: Q2 | E54: 2.0190907e+17 | F54: 17A | G54: 3526780 | H54: 1350879 | J54: IND | K54: INDIVIDUAL | L54: C00401224 | N54: TAYLOR, DIANA | O54: P | Q54: P | R54: DIANA | T54: TAYLOR | V54: 75 CAMBRIDGE PKWY | X54: CAMBRIDGE | Y54: MA | Z54: 21421229 | AA54: NONE | AB54: NOT EMPLOYED | AC54: C00401224 | AD54: 15E | AE54: EARMARKED CONTRIBUTION | AI54: 43646 | AJ54: 50 | AK54: 260 | BG54: P2020 | BI54: PRIMARY | BJ54: 2020 | BK54: N | BL54: NO CHANGE | BM54: ITEMIZED RECEIPTS | BN54: 43720.113 | BP54: 3526780E | BQ54: SA17A | BR54: F3P | BS54: 4.0906202e+18 | BT54: t | BU54: * EARMARKED CONTRIBUTION: SEE BELOW | BV54: 2020 | BW54: SA | BY54: 4.0911202e+18 | BZ54: http://docquery.fec.gov/cgi-bin/fecimg/?201909069163195375 | CA54: Contributions From Individuals/Persons Other Than Political Committees
A55: C00693234 | B55: WARREN FOR PRESIDENT, INC. | C55: 2019 | D55: Q2 | E55: 2.0190907e+17 | F55: 17A | G55: 3103432 | H55: 1350879 | J55: IND | K55: INDIVIDUAL | L55: C00401224 | N55: TAYLOR, DIANA | O55: P | Q55: P | R55: DIANA | T55: TAYLOR | V55: 75 CAMBRIDGE PKWY | X55: CAMBRIDGE | Y55: MA | Z55: 21421229 | AA55: NONE | AB55: NOT EMPLOYED | AC55: C00401224 | AD55: 15E | AE55: EARMARKED CONTRIBUTION | AI55: 43602 | AJ55: 50 | AK55: 260 | BG55: P2020 | BI55: PRIMARY | BJ55: 2020 | BK55: N | BL55: NO CHANGE | BM55: ITEMIZED RECEIPTS | BN55: 43720.113 | BP55: 3103432E | BQ55: SA17A | BR55: F3P | BS55: 4.0906202e+18 | BT55: t | BU55: * EARMARKED CONTRIBUTION: SEE BELOW | BV55: 2020 | BW55: SA | BY55: 4.0911202e+18 | BZ55: http://docquery.fec.gov/cgi-bin/fecimg/?201909069163195373 | CA55: Contributions From Individuals/Persons Other Than Political Committees
A56: C00693234 | B56: WARREN FOR PRESIDENT, INC. | C56: 2019 | D56: Q2 | E56: 2.0190907e+17 | F56: 17A | G56: 3239822 | H56: 1350879 | J56: IND | K56: INDIVIDUAL | L56: C00401224 | N56: TAYLOR, DIANA | O56: P | Q56: P | R56: DIANA | T56: TAYLOR | V56: 75 CAMBRIDGE PKWY | X56: CAMBRIDGE | Y56: MA | Z56: 21421229 | AA56: NONE | AB56: NOT EMPLOYED | AC56: C00401224 | AD56: 15E | AE56: EARMARKED CONTRIBUTION | AI56: 43625 | AJ56: 50 | AK56: 260 | BG56: P2020 | BI56: PRIMARY | BJ56: 2020 | BK56: N | BL56: NO CHANGE | BM56: ITEMIZED RECEIPTS | BN56: 43720.113 | BP56: 3239822E | BQ56: SA17A | BR56: F3P | BS56: 4.0906202e+18 | BT56: t | BU56: * EARMARKED CONTRIBUTION: SEE BELOW | BV56: 2020 | BW56: SA | BY56: 4.0911202e+18 | BZ56: http://docquery.fec.gov/cgi-bin/fecimg/?201909069163195373 | CA56: Contributions From Individuals/Persons Other Than Political Committees
A57: C00693234 | B57: WARREN FOR PRESIDENT, INC. | C57: 2019 | D57: Q2 | E57: 2.0190907e+17 | F57: 17A | G57: 3308067 | H57: 1350879 | J57: IND | K57: INDIVIDUAL | L57: C00401224 | N57: TAYLOR, DIANA | O57: P | Q57: P | R57: DIANA | T57: TAYLOR | V57: 75 CAMBRIDGE PKWY | X57: CAMBRIDGE | Y57: MA | Z57: 21421229 | AA57: NONE | AB57: NOT EMPLOYED | AC57: C00401224 | AD57: 15E | AE57: EARMARKED CONTRIBUTION | AI57: 43633 | AJ57: 10 | AK57: 260 | BG57: P2020 | BI57: PRIMARY | BJ57: 2020 | BK57: N | BL57: NO CHANGE | BM57: ITEMIZED RECEIPTS | BN57: 43720.113 | BP57: 3308067E | BQ57: SA17A | BR57: F3P | BS57: 4.0906202e+18 | BT57: t | BU57: * EARMARKED CONTRIBUTION: SEE BELOW | BV57: 2020 | BW57: SA | BY57: 4.0911202e+18 | BZ57: http://docquery.fec.gov/cgi-bin/fecimg/?201909069163195374 | CA57: Contributions From Individuals/Persons Other Than Political Committees
A58: C00693234 | B58: WARREN FOR PRESIDENT, INC. | C58: 2019 | D58: Q2 | E58: 2.0190907e+17 | F58: 17A | G58: 3385626 | H58: 1350879 | J58: IND | K58: INDIVIDUAL | L58: C00401224 | N58: TAYLOR, DIANA | O58: P | Q58: P | R58: DIANA | T58: TAYLOR | V58: 75 CAMBRIDGE PKWY | X58: CAMBRIDGE | Y58: MA | Z58: 21421229 | AA58: NONE | AB58: NOT EMPLOYED | AC58: C00401224 | AD58: 15E | AE58: EARMARKED CONTRIBUTION | AI58: 43641 | AJ58: 50 | AK58: 260 | BG58: P2020 | BI58: PRIMARY | BJ58: 2020 | BK58: N | BL58: NO CHANGE | BM58: ITEMIZED RECEIPTS | BN58: 43720.113 | BP58: 3385626E | BQ58: SA17A | BR58: F3P | BS58: 4.0906202e+18 | BT58: t | BU58: * EARMARKED CONTRIBUTION: SEE BELOW | BV58: 2020 | BW58: SA | BY58: 4.0911202e+18 | BZ58: http://docquery.fec.gov/cgi-bin/fecimg/?201909069163195375 | CA58: Contributions From Individuals/Persons Other Than Political Committees
A59: C00693234 | B59: WARREN FOR PRESIDENT, INC. | C59: 2020 | D59: M3 | E59: 2.0200321e+17 | F59: 17A | G59: 5828532 | H59: 1391678 | J59: IND | K59: INDIVIDUAL | L59: C00401224 | N59: TAYLOR, DIANA | O59: P | Q59: P | R59: DIANA | T59: TAYLOR | V59: 75 CAMBRIDGE PKWY | X59: CAMBRIDGE | Y59: MA | Z59: 21421229 | AA59: NONE | AB59: NOT EMPLOYED | AC59: C00401224 | AD59: 15E | AE59: EARMARKED CONTRIBUTION | AI59: 43864 | AJ59: 50 | AK59: 1040 | BG59: P2020 | BI59: PRIMARY | BJ59: 2020 | BK59: A | BL59: ADD | BM59: ITEMIZED RECEIPTS | BN59: 43917.118 | BP59: 5828532E | BQ59: SA17A | BR59: F3P | BS59: 4.0321202e+18 | BT59: t | BU59: * EARMARKED CONTRIBUTION: SEE BELOW | BV59: 2020 | BW59: SA | BY59: 4.0326202e+18 | BZ59: http://docquery.fec.gov/cgi-bin/fecimg/?202003209210196741 | CA59: Contributions From Individuals/Persons Other Than Political Committees
A60: C00213512 | B60: NANCY PELOSI FOR CONGRESS | C60: 2019 | D60: YE | E60: 2.0200132e+17 | F60: 11AI | G60: VSHCDJM34Q4 | H60: 1376755 | J60: IND | K60: INDIVIDUAL | L60: C00401224 | N60: TAYLOR, DIANA | O60: H | Q60: P | R60: DIANA | T60: TAYLOR | V60: 75 CAMBRIDGE PKWY | X60: CAMBRIDGE | Y60: MA | Z60: 21421229 | AA60: N/A | AB60: RETIRED | AC60: C00401224 | AD60: 15E | AE60: EARMARKED CONTRIBUTION | AI60: 43770 | AJ60: 50 | AK60: 600 | BG60: P2020 | BI60: PRIMARY | BJ60: 2020 | BK60: A | BL60: ADD | BM60: ITEMIZED RECEIPTS | BN60: 43862.074 | BP60: VSHCDJM34Q4E | BQ60: SA11AI | BR60: F3 | BS60: 4.0131202e+18 | BT60: t | BU60: * EARMARKED CONTRIBUTION: SEE BELOW | BV60: 2020 | BW60: SA | BY60: 4.0131202e+18 | BZ60: http://docquery.fec.gov/cgi-bin/fecimg/?202001319184152175 | CA60: Contributions From Individuals/Persons Other Than Political Committees
A61: C00693234 | B61: WARREN FOR PRESIDENT, INC. | C61: 2020 | D61: M3 | E61: 2.0200321e+17 | F61: 17A | G61: 6508310 | H61: 1391678 | J61: IND | K61: INDIVIDUAL | L61: C00401224 | N61: TAYLOR, DIANA | O61: P | Q61: P | R61: DIANA | T61: TAYLOR | V61: 75 CAMBRIDGE PKWY | X61: CAMBRIDGE | Y61: MA | Z61: 21421229 | AA61: NONE | AB61: NOT EMPLOYED | AC61: C00401224 | AD61: 15E | AE61: EARMARKED CONTRIBUTION | AI61: 43885 | AJ61: 100 | AK61: 1040 | BG61: P2020 | BI61: PRIMARY | BJ61: 2020 | BK61: A | BL61: ADD | BM61: ITEMIZED RECEIPTS | BN61: 43917.131 | BP61: 6508310E | BQ61: SA17A | BR61: F3P | BS61: 4.0321202e+18 | BT61: t | BU61: * EARMARKED CONTRIBUTION: SEE BELOW | BV61: 2020 | BW61: SA | BY61: 4.0326202e+18 | BZ61: http://docquery.fec.gov/cgi-bin/fecimg/?202003209210196743 | CA61: Contributions From Individuals/Persons Other Than Political Committees
A62: C00213512 | B62: NANCY PELOSI FOR CONGRESS | C62: 2019 | D62: YE | E62: 2.0200132e+17 | F62: 11AI | G62: VSHCDJSX1E2 | H62: 1376755 | J62: IND | K62: INDIVIDUAL | L62: C00401224 | N62: TAYLOR, DIANA | O62: H | Q62: P | R62: DIANA | T62: TAYLOR | V62: 75 CAMBRIDGE PKWY | X62: CAMBRIDGE | Y62: MA | Z62: 21421229 | AA62: N/A | AB62: RETIRED | AC62: C00401224 | AD62: 15E | AE62: EARMARKED CONTRIBUTION | AI62: 43812 | AJ62: 50 | AK62: 600 | BG62: P2020 | BI62: PRIMARY | BJ62: 2020 | BK62: A | BL62: ADD | BM62: ITEMIZED RECEIPTS | BN62: 43862.073 | BP62: VSHCDJSX1E2E | BQ62: SA11AI | BR62: F3 | BS62: 4.0131202e+18 | BT62: t | BU62: * EARMARKED CONTRIBUTION: SEE BELOW | BV62: 2020 | BW62: SA | BY62: 4.0131202e+18 | BZ62: http://docquery.fec.gov/cgi-bin/fecimg/?202001319184150622 | CA62: Contributions From Individuals/Persons Other Than Political Committees
A63: C00213512 | B63: NANCY PELOSI FOR CONGRESS | C63: 2019 | D63: YE | E63: 2.0200132e+17 | F63: 11AI | G63: VSHCDJJPTX4 | H63: 1376755 | J63: IND | K63: INDIVIDUAL | L63: C00401224 | N63: TAYLOR, DIANA | O63: H | Q63: P | R63: DIANA | T63: TAYLOR | V63: 75 CAMBRIDGE PKWY | X63: CAMBRIDGE | Y63: MA | Z63: 21421229 | AA63: N/A | AB63: RETIRED | AC63: C00401224 | AD63: 15E | AE63: EARMARKED CONTRIBUTION | AI63: 43765 | AJ63: 100 | AK63: 600 | BG63: P2020 | BI63: PRIMARY | BJ63: 2020 | BK63: A | BL63: ADD | BM63: ITEMIZED RECEIPTS | BN63: 43862.074 | BP63: VSHCDJJPTX4E | BQ63: SA11AI | BR63: F3 | BS63: 4.0131202e+18 | BT63: t | BU63: * EARMARKED CONTRIBUTION: SEE BELOW | BV63: 2020 | BW63: SA | BY63: 4.0131202e+18 | BZ63: http://docquery.fec.gov/cgi-bin/fecimg/?202001319184152318 | CA63: Contributions From Individuals/Persons Other Than Political Committees
A64: C00213512 | B64: NANCY PELOSI FOR CONGRESS | C64: 2019 | D64: YE | E64: 2.0200132e+17 | F64: 11AI | G64: VSHCDJMHP85 | H64: 1376755 | J64: IND | K64: INDIVIDUAL | L64: C00401224 | N64: TAYLOR, DIANA | O64: H | Q64: P | R64: DIANA | T64: TAYLOR | V64: 75 CAMBRIDGE PKWY | X64: CAMBRIDGE | Y64: MA | Z64: 21421229 | AA64: N/A | AB64: RETIRED | AC64: C00401224 | AD64: 15E | AE64: EARMARKED CONTRIBUTION | AI64: 43779 | AJ64: 100 | AK64: 600 | BG64: P2020 | BI64: PRIMARY | BJ64: 2020 | BK64: A | BL64: ADD | BM64: ITEMIZED RECEIPTS | BN64: 43862.074 | BP64: VSHCDJMHP85E | BQ64: SA11AI | BR64: F3 | BS64: 4.0131202e+18 | BT64: t | BU64: * EARMARKED CONTRIBUTION: SEE BELOW | BV64: 2020 | BW64: SA | BY64: 4.0131202e+18 | BZ64: http://docquery.fec.gov/cgi-bin/fecimg/?202001319184152551 | CA64: Contributions From Individuals/Persons Other Than Political Committees
A65: C00213512 | B65: NANCY PELOSI FOR CONGRESS | C65: 2019 | D65: YE | E65: 2.0200132e+17 | F65: 11AI | G65: VSHCDJM30D6 | H65: 1376755 | J65: IND | K65: INDIVIDUAL | L65: C00401224 | N65: TAYLOR, DIANA | O65: H | Q65: P | R65: DIANA | T65: TAYLOR | V65: 75 CAMBRIDGE PKWY | X65: CAMBRIDGE | Y65: MA | Z65: 21421229 | AA65: N/A | AB65: RETIRED | AC65: C00401224 | AD65: 15E | AE65: EARMARKED CONTRIBUTION | AI65: 43767 | AJ65: 100 | AK65: 600 | BG65: P2020 | BI65: PRIMARY | BJ65: 2020 | BK65: A | BL65: ADD | BM65: ITEMIZED RECEIPTS | BN65: 43862.074 | BP65: VSHCDJM30D6E | BQ65: SA11AI | BR65: F3 | BS65: 4.0131202e+18 | BT65: t | BU65: * EARMARKED CONTRIBUTION: SEE BELOW | BV65: 2020 | BW65: SA | BY65: 4.0131202e+18 | BZ65: http://docquery.fec.gov/cgi-bin/fecimg/?202001319184153354 | CA65: Contributions From Individuals/Persons Other Than Political Committees
A66: C00213512 | B66: NANCY PELOSI FOR CONGRESS | C66: 2019 | D66: YE | E66: 2.0200132e+17 | F66: 11AI | G66: VSHCDJJPTW6 | H66: 1376755 | J66: IND | K66: INDIVIDUAL | L66: C00401224 | N66: TAYLOR, DIANA | O66: H | Q66: P | R66: DIANA | T66: TAYLOR | V66: 75 CAMBRIDGE PKWY | X66: CAMBRIDGE | Y66: MA | Z66: 21421229 | AA66: N/A | AB66: RETIRED | AC66: C00401224 | AD66: 15E | AE66: EARMARKED CONTRIBUTION | AI66: 43762 | AJ66: 100 | AK66: 600 | BG66: P2020 | BI66: PRIMARY | BJ66: 2020 | BK66: A | BL66: ADD | BM66: ITEMIZED RECEIPTS | BN66: 43862.074 | BP66: VSHCDJJPTW6E | BQ66: SA11AI | BR66: F3 | BS66: 4.0131202e+18 | BT66: t | BU66: * EARMARKED CONTRIBUTION: SEE BELOW | BV66: 2020 | BW66: SA | BY66: 4.0131202e+18 | BZ66: http://docquery.fec.gov/cgi-bin/fecimg/?202001319184153683 | CA66: Contributions From Individuals/Persons Other Than Political Committees
A67: C00213512 | B67: NANCY PELOSI FOR CONGRESS | C67: 2019 | D67: YE | E67: 2.0200132e+17 | F67: 11AI | G67: VSHCDJM34P6 | H67: 1376755 | J67: IND | K67: INDIVIDUAL | L67: C00401224 | N67: TAYLOR, DIANA | O67: H | Q67: P | R67: DIANA | T67: TAYLOR | V67: 75 CAMBRIDGE PKWY | X67: CAMBRIDGE | Y67: MA | Z67: 21421229 | AA67: N/A | AB67: RETIRED | AC67: C00401224 | AD67: 15E | AE67: EARMARKED CONTRIBUTION | AI67: 43770 | AJ67: 50 | AK67: 600 | BG67: P2020 | BI67: PRIMARY | BJ67: 2020 | BK67: A | BL67: ADD | BM67: ITEMIZED RECEIPTS | BN67: 43862.074 | BP67: VSHCDJM34P6E | BQ67: SA11AI | BR67: F3 | BS67: 4.0131202e+18 | BT67: t | BU67: * EARMARKED CONTRIBUTION: SEE BELOW | BV67: 2020 | BW67: SA | BY67: 4.0131202e+18 | BZ67: http://docquery.fec.gov/cgi-bin/fecimg/?202001319184153546 | CA67: Contributions From Individuals/Persons Other Than Political Committees
A68: C00693234 | B68: WARREN FOR PRESIDENT, INC. | C68: 2020 | D68: M3 | E68: 2.0200321e+17 | F68: 17A | G68: 5842306 | H68: 1391678 | J68: IND | K68: INDIVIDUAL | L68: C00401224 | N68: TAYLOR, DIANA | O68: P | Q68: P | R68: DIANA | T68: TAYLOR | V68: 75 CAMBRIDGE PKWY | X68: CAMBRIDGE | Y68: MA | Z68: 21421229 | AA68: NONE | AB68: NOT EMPLOYED | AC68: C00401224 | AD68: 15E | AE68: EARMARKED CONTRIBUTION | AI68: 43865 | AJ68: 30 | AK68: 1040 | BG68: P2020 | BI68: PRIMARY | BJ68: 2020 | BK68: A | BL68: ADD | BM68: ITEMIZED RECEIPTS | BN68: 43917.132 | BP68: 5842306E | BQ68: SA17A | BR68: F3P | BS68: 4.0321202e+18 | BT68: t | BU68: * EARMARKED CONTRIBUTION: SEE BELOW | BV68: 2020 | BW68: SA | BY68: 4.0326202e+18 | BZ68: http://docquery.fec.gov/cgi-bin/fecimg/?202003209210196742 | CA68: Contributions From Individuals/Persons Other Than Political Committees
A69: C00213512 | B69: NANCY PELOSI FOR CONGRESS | C69: 2019 | D69: YE | E69: 2.0200132e+17 | F69: 11AI | G69: VSHCDJPMK79 | H69: 1376755 | J69: IND | K69: INDIVIDUAL | L69: C00401224 | N69: TAYLOR, DIANA | O69: H | Q69: P | R69: DIANA | T69: TAYLOR | V69: 75 CAMBRIDGE PKWY | X69: CAMBRIDGE | Y69: MA | Z69: 21421229 | AA69: N/A | AB69: RETIRED | AC69: C00401224 | AD69: 15E | AE69: EARMARKED CONTRIBUTION | AI69: 43788 | AJ69: 50 | AK69: 600 | BG69: P2020 | BI69: PRIMARY | BJ69: 2020 | BK69: A | BL69: ADD | BM69: ITEMIZED RECEIPTS | BN69: 43862.074 | BP69: VSHCDJPMK79E | BQ69: SA11AI | BR69: F3 | BS69: 4.0131202e+18 | BT69: t | BU69: * EARMARKED CONTRIBUTION: SEE BELOW | BV69: 2020 | BW69: SA | BY69: 4.0131202e+18 | BZ69: http://docquery.fec.gov/cgi-bin/fecimg/?202001319184155231 | CA69: Contributions From Individuals/Persons Other Than Political Committees
A70: C00693234 | B70: WARREN FOR PRESIDENT, INC. | C70: 2020 | D70: M3 | E70: 2.0200321e+17 | F70: 17A | G70: 6291069 | H70: 1391678 | J70: IND | K70: INDIVIDUAL | L70: C00401224 | N70: TAYLOR, DIANA | O70: P | Q70: P | R70: DIANA | T70: TAYLOR | V70: 75 CAMBRIDGE PKWY | X70: CAMBRIDGE | Y70: MA | Z70: 21421229 | AA70: NONE | AB70: NOT EMPLOYED | AC70: C00401224 | AD70: 15E | AE70: EARMARKED CONTRIBUTION | AI70: 43881 | AJ70: 100 | AK70: 1040 | BG70: P2020 | BI70: PRIMARY | BJ70: 2020 | BK70: A | BL70: ADD | BM70: ITEMIZED RECEIPTS | BN70: 43917.132 | BP70: 6291069E | BQ70: SA17A | BR70: F3P | BS70: 4.0321202e+18 | BT70: t | BU70: * EARMARKED CONTRIBUTION: SEE BELOW | BV70: 2020 | BW70: SA | BY70: 4.0326202e+18 | BZ70: http://docquery.fec.gov/cgi-bin/fecimg/?202003209210196742 | CA70: Contributions From Individuals/Persons Other Than Political Committees
A71: C00341396 | B71: MOVEON.ORG POLITICAL ACTION | C71: 2019 | D71: YE | E71: 2.0200132e+17 | F71: 11AI | G71: 2039371 | H71: 1379421 | J71: IND | K71: INDIVIDUAL | N71: TAYLOR, DIANA | O71: W | Q71: U | R71: DIANA | T71: TAYLOR | V71: 75 CAMBRIDGE PKWY | W71: UNIT E708 | X71: CAMBRIDGE | Y71: MA | Z71: 21421239 | AA71: NOT EMPLOYED | AB71: NOT EMPLOYED | AD71: 15 | AE71: CONTRIBUTION | AI71: 43785 | AJ71: 50 | AK71: 250 | BG71: P | BI71: PRIMARY | BK71: A | BL71: ADD | BM71: ITEMIZED RECEIPTS | BN71: 43872.07 | BR71: F3X | BS71: 4.0201202e+18 | BT71: t | BV71: 2020 | BW71: SA | BY71: 4.0210202e+18 | BZ71: http://docquery.fec.gov/cgi-bin/fecimg/?202001319185800868 | CA71: Contributions From Individuals/Persons Other Than Political Committees
A72: C00341396 | B72: MOVEON.ORG POLITICAL ACTION | C72: 2019 | D72: YE | E72: 2.0200132e+17 | F72: 11AI | G72: 1955238 | H72: 1379421 | J72: IND | K72: INDIVIDUAL | N72: TAYLOR, DIANA | O72: W | Q72: U | R72: DIANA | T72: TAYLOR | V72: 75 CAMBRIDGE PKWY | W72: UNIT E708 | X72: CAMBRIDGE | Y72: MA | Z72: 21421239 | AA72: NOT EMPLOYED | AB72: NOT EMPLOYED | AD72: 15 | AE72: CONTRIBUTION | AI72: 43815 | AJ72: 50 | AK72: 300 | BG72: P | BI72: PRIMARY | BK72: A | BL72: ADD | BM72: ITEMIZED RECEIPTS | BN72: 43872.07 | BR72: F3X | BS72: 4.0201202e+18 | BT72: t | BV72: 2020 | BW72: SA | BY72: 4.0210202e+18 | BZ72: http://docquery.fec.gov/cgi-bin/fecimg/?202001319185800868 | CA72: Contributions From Individuals/Persons Other Than Political Committees
A73: C00639591 | B73: ALEXANDRIA OCASIO-CORTEZ FOR CONGRESS | C73: 2019 | D73: Q3 | E73: 2.0200132e+17 | F73: 11AI | G73: VTQX5JGF9F8 | H73: 1376589 | J73: IND | K73: INDIVIDUAL | L73: C00401224 | N73: TAYLOR, DIANA | O73: H | Q73: P | R73: DIANA | T73: TAYLOR | V73: 75 CAMBRIDGE PKWY | X73: CAMBRIDGE | Y73: MA | Z73: 21421229 | AA73: NOT EMPLOYED | AB73: NOT EMPLOYED | AC73: C00401224 | AD73: 15E | AE73: EARMARKED CONTRIBUTION | AI73: 43704 | AJ73: 27 | AK73: 412 | BG73: P2020 | BI73: PRIMARY | BJ73: 2020 | BK73: N | BL73: NO CHANGE | BM73: ITEMIZED RECEIPTS | BN73: 43883.085 | BP73: VTQX5JGF9F8E | BQ73: SA11AI | BR73: F3 | BS73: 4.0131202e+18 | BT73: t | BU73: * EARMARKED CONTRIBUTION: SEE BELOW | BV73: 2020 | BW73: SA | BY73: 4.0221202e+18 | BZ73: http://docquery.fec.gov/cgi-bin/fecimg/?202001319184120228 | CA73: Contributions From Individuals/Persons Other Than Political Committees
A74: C00693234 | B74: WARREN FOR PRESIDENT, INC. | C74: 2019 | D74: YE | E74: 2.0200132e+17 | F74: 17A | G74: 4611850 | H74: 1378669 | J74: IND | K74: INDIVIDUAL | L74: C00401224 | N74: TAYLOR, DIANA | O74: P | Q74: P | R74: DIANA | T74: TAYLOR | V74: 75 CAMBRIDGE PKWY | X74: CAMBRIDGE | Y74: MA | Z74: 21421229 | AA74: NONE | AB74: NOT EMPLOYED | AC74: C00401224 | AD74: 15E | AE74: EARMARKED CONTRIBUTION | AI74: 43753 | AJ74: 50 | AK74: 710 | BG74: P2020 | BI74: PRIMARY | BJ74: 2020 | BK74: A | BL74: ADD | BM74: ITEMIZED RECEIPTS | BN74: 43875.068 | BP74: 4611850E | BQ74: SA17A | BR74: F3P | BS74: 4.0131202e+18 | BT74: t | BU74: * EARMARKED CONTRIBUTION: SEE BELOW | BV74: 2020 | BW74: SA | BY74: 4.0213202e+18 | BZ74: http://docquery.fec.gov/cgi-bin/fecimg/?202001319184988334 | CA74: Contributions From Individuals/Persons Other Than Political Committees
A75: C00693234 | B75: WARREN FOR PRESIDENT, INC. | C75: 2019 | D75: YE | E75: 2.0200132e+17 | F75: 17A | G75: 4921395 | H75: 1378669 | J75: IND | K75: INDIVIDUAL | L75: C00401224 | N75: TAYLOR, DIANA | O75: P | Q75: P | R75: DIANA | T75: TAYLOR | V75: 75 CAMBRIDGE PKWY | X75: CAMBRIDGE | Y75: MA | Z75: 21421229 | AA75: NONE | AB75: NOT EMPLOYED | AC75: C00401224 | AD75: 15E | AE75: EARMARKED CONTRIBUTION | AI75: 43789 | AJ75: 50 | AK75: 710 | BG75: P2020 | BI75: PRIMARY | BJ75: 2020 | BK75: A | BL75: ADD | BM75: ITEMIZED RECEIPTS | BN75: 43875.068 | BP75: 4921395E | BQ75: SA17A | BR75: F3P | BS75: 4.0131202e+18 | BT75: t | BU75: * EARMARKED CONTRIBUTION: SEE BELOW | BV75: 2020 | BW75: SA | BY75: 4.0213202e+18 | BZ75: http://docquery.fec.gov/cgi-bin/fecimg/?202001319184988334 | CA75: Contributions From Individuals/Persons Other Than Political Committees
A76: C00639591 | B76: ALEXANDRIA OCASIO-CORTEZ FOR CONGRESS | C76: 2019 | D76: Q3 | E76: 2.0200132e+17 | F76: 11AI | G76: VTQX5J5X6Z4 | H76: 1376589 | J76: IND | K76: INDIVIDUAL | L76: C00401224 | N76: TAYLOR, DIANA | O76: H | Q76: P | R76: DIANA | T76: TAYLOR | V76: 75 CAMBRIDGE PKWY | X76: CAMBRIDGE | Y76: MA | Z76: 21421229 | AA76: NOT EMPLOYED | AB76: NOT EMPLOYED | AC76: C00401224 | AD76: 15E | AE76: EARMARKED CONTRIBUTION | AI76: 43661 | AJ76: 50 | AK76: 258 | BG76: P2020 | BI76: PRIMARY | BJ76: 2020 | BK76: N | BL76: NO CHANGE | BM76: ITEMIZED RECEIPTS | BN76: 43883.085 | BP76: VTQX5J5X6Z4E | BQ76: SA11AI | BR76: F3 | BS76: 4.0131202e+18 | BT76: t | BU76: * EARMARKED CONTRIBUTION: SEE BELOW | BV76: 2020 | BW76: SA | BY76: 4.0221202e+18 | BZ76: http://docquery.fec.gov/cgi-bin/fecimg/?202001319184120225 | CA76: Contributions From Individuals/Persons Other Than Political Committees
A77: C00639591 | B77: ALEXANDRIA OCASIO-CORTEZ FOR CONGRESS | C77: 2019 | D77: Q3 | E77: 2.0200132e+17 | F77: 11AI | G77: VTQX5J67906 | H77: 1376589 | J77: IND | K77: INDIVIDUAL | L77: C00401224 | N77: TAYLOR, DIANA | O77: H | Q77: P | R77: DIANA | T77: TAYLOR | V77: 75 CAMBRIDGE PKWY | X77: CAMBRIDGE | Y77: MA | Z77: 21421229 | AA77: NOT EMPLOYED | AB77: NOT EMPLOYED | AC77: C00401224 | AD77: 15E | AE77: EARMARKED CONTRIBUTION | AI77: 43662 | AJ77: 25 | AK77: 258 | BG77: P2020 | BI77: PRIMARY | BJ77: 2020 | BK77: N | BL77: NO CHANGE | BM77: ITEMIZED RECEIPTS | BN77: 43883.085 | BP77: VTQX5J67906E | BQ77: SA11AI | BR77: F3 | BS77: 4.0131202e+18 | BT77: t | BU77: * EARMARKED CONTRIBUTION: SEE BELOW | BV77: 2020 | BW77: SA | BY77: 4.0221202e+18 | BZ77: http://docquery.fec.gov/cgi-bin/fecimg/?202001319184120226 | CA77: Contributions From Individuals/Persons Other Than Political Committees
A78: C00639591 | B78: ALEXANDRIA OCASIO-CORTEZ FOR CONGRESS | C78: 2019 | D78: Q3 | E78: 2.0200132e+17 | F78: 11AI | G78: VTQX5J827C2 | H78: 1376589 | J78: IND | K78: INDIVIDUAL | L78: C00401224 | N78: TAYLOR, DIANA | O78: H | Q78: P | R78: DIANA | T78: TAYLOR | V78: 75 CAMBRIDGE PKWY | X78: CAMBRIDGE | Y78: MA | Z78: 21421229 | AA78: NOT EMPLOYED | AB78: NOT EMPLOYED | AC78: C00401224 | AD78: 15E | AE78: EARMARKED CONTRIBUTION | AI78: 43667 | AJ78: 100 | AK78: 358 | BG78: P2020 | BI78: PRIMARY | BJ78: 2020 | BK78: N | BL78: NO CHANGE | BM78: ITEMIZED RECEIPTS | BN78: 43883.085 | BP78: VTQX5J827C2E | BQ78: SA11AI | BR78: F3 | BS78: 4.0131202e+18 | BT78: t | BU78: * EARMARKED CONTRIBUTION: SEE BELOW | BV78: 2020 | BW78: SA | BY78: 4.0221202e+18 | BZ78: http://docquery.fec.gov/cgi-bin/fecimg/?202001319184120226 | CA78: Contributions From Individuals/Persons Other Than Political Committees
A79: C00639591 | B79: ALEXANDRIA OCASIO-CORTEZ FOR CONGRESS | C79: 2019 | D79: Q3 | E79: 2.0200132e+17 | F79: 11AI | G79: VTQX5J93161 | H79: 1376589 | J79: IND | K79: INDIVIDUAL | L79: C00401224 | N79: TAYLOR, DIANA | O79: H | Q79: P | R79: DIANA | T79: TAYLOR | V79: 75 CAMBRIDGE PKWY | X79: CAMBRIDGE | Y79: MA | Z79: 21421229 | AA79: NOT EMPLOYED | AB79: NOT EMPLOYED | AC79: C00401224 | AD79: 15E | AE79: EARMARKED CONTRIBUTION | AI79: 43673 | AJ79: 27 | AK79: 385 | BG79: P2020 | BI79: PRIMARY | BJ79: 2020 | BK79: N | BL79: NO CHANGE | BM79: ITEMIZED RECEIPTS | BN79: 43883.085 | BP79: VTQX5J93161E | BQ79: SA11AI | BR79: F3 | BS79: 4.0131202e+18 | BT79: t | BU79: * EARMARKED CONTRIBUTION: SEE BELOW | BV79: 2020 | BW79: SA | BY79: 4.0221202e+18 | BZ79: http://docquery.fec.gov/cgi-bin/fecimg/?202001319184120227 | CA79: Contributions From Individuals/Persons Other Than Political Committees
A80: C00639591 | B80: ALEXANDRIA OCASIO-CORTEZ FOR CONGRESS | C80: 2019 | D80: Q3 | E80: 2.0200132e+17 | F80: 11AI | G80: VTQX5JNPXW0 | H80: 1376589 | J80: IND | K80: INDIVIDUAL | L80: C00401224 | N80: TAYLOR, DIANA | O80: H | Q80: P | R80: DIANA | T80: TAYLOR | V80: 75 CAMBRIDGE PKWY | X80: CAMBRIDGE | Y80: MA | Z80: 21421229 | AA80: NOT EMPLOYED | AB80: NOT EMPLOYED | AC80: C00401224 | AD80: 15E | AE80: EARMARKED CONTRIBUTION | AI80: 43735 | AJ80: 27 | AK80: 439 | BG80: P2020 | BI80: PRIMARY | BJ80: 2020 | BK80: N | BL80: NO CHANGE | BM80: ITEMIZED RECEIPTS | BN80: 43883.085 | BP80: VTQX5JNPXW0E | BQ80: SA11AI | BR80: F3 | BS80: 4.0131202e+18 | BT80: t | BU80: * EARMARKED CONTRIBUTION: SEE BELOW | BV80: 2020 | BW80: SA | BY80: 4.0221202e+18 | BZ80: http://docquery.fec.gov/cgi-bin/fecimg/?202001319184120228 | CA80: Contributions From Individuals/Persons Other Than Political Committees
A81: C00213512 | B81: NANCY PELOSI FOR CONGRESS | C81: 2020 | D81: 12P | E81: 2.0200221e+17 | F81: 11AI | G81: VSHCDJX25Y4 | H81: 1384345 | J81: IND | K81: INDIVIDUAL | L81: C00401224 | N81: TAYLOR, DIANA | O81: H | Q81: P | R81: DIANA | T81: TAYLOR | V81: 75 CAMBRIDGE PKWY | X81: CAMBRIDGE | Y81: MA | Z81: 21421229 | AA81: N/A | AB81: RETIRED | AC81: C00401224 | AD81: 15E | AE81: EARMARKED CONTRIBUTION | AI81: 43835 | AJ81: 25 | AK81: 745 | BG81: P2020 | BI81: PRIMARY | BJ81: 2020 | BK81: A | BL81: ADD | BM81: ITEMIZED RECEIPTS | BN81: 43889.188 | BP81: VSHCDJX25Y4E | BQ81: SA11AI | BR81: F3 | BS81: 4.0220202e+18 | BT81: t | BU81: * EARMARKED CONTRIBUTION: SEE BELOW | BV81: 2020 | BW81: SA | BY81: 4.0227202e+18 | BZ81: http://docquery.fec.gov/cgi-bin/fecimg/?202002209186608221 | CA81: Contributions From Individuals/Persons Other Than Political Committees
A82: C00213512 | B82: NANCY PELOSI FOR CONGRESS | C82: 2020 | D82: 12P | E82: 2.0200221e+17 | F82: 11AI | G82: VSHCDK044X7 | H82: 1384345 | J82: IND | K82: INDIVIDUAL | L82: C00401224 | N82: TAYLOR, DIANA | O82: H | Q82: P | R82: DIANA | T82: TAYLOR | V82: 75 CAMBRIDGE PKWY | X82: CAMBRIDGE | Y82: MA | Z82: 21421229 | AA82: N/A | AB82: RETIRED | AC82: C00401224 | AD82: 15E | AE82: EARMARKED CONTRIBUTION | AI82: 43843 | AJ82: 50 | AK82: 745 | BG82: P2020 | BI82: PRIMARY | BJ82: 2020 | BK82: A | BL82: ADD | BM82: ITEMIZED RECEIPTS | BN82: 43889.188 | BP82: VSHCDK044X7E | BQ82: SA11AI | BR82: F3 | BS82: 4.0220202e+18 | BT82: t | BU82: * EARMARKED CONTRIBUTION: SEE BELOW | BV82: 2020 | BW82: SA | BY82: 4.0227202e+18 | BZ82: http://docquery.fec.gov/cgi-bin/fecimg/?202002209186608222 | CA82: Contributions From Individuals/Persons Other Than Political Committees
A83: C00213512 | B83: NANCY PELOSI FOR CONGRESS | C83: 2020 | D83: 12P | E83: 2.0200221e+17 | F83: 11AI | G83: VSHCDK4MH23 | H83: 1384345 | J83: IND | K83: INDIVIDUAL | L83: C00401224 | N83: TAYLOR, DIANA | O83: H | Q83: P | R83: DIANA | T83: TAYLOR | V83: 75 CAMBRIDGE PKWY | X83: CAMBRIDGE | Y83: MA | Z83: 21421229 | AA83: N/A | AB83: RETIRED | AC83: C00401224 | AD83: 15E | AE83: EARMARKED CONTRIBUTION | AI83: 43865 | AJ83: 70 | AK83: 745 | BG83: P2020 | BI83: PRIMARY | BJ83: 2020 | BK83: A | BL83: ADD | BM83: ITEMIZED RECEIPTS | BN83: 43889.188 | BP83: VSHCDK4MH23E | BQ83: SA11AI | BR83: F3 | BS83: 4.0220202e+18 | BT83: t | BU83: * EARMARKED CONTRIBUTION: SEE BELOW | BV83: 2020 | BW83: SA | BY83: 4.0227202e+18 | BZ83: http://docquery.fec.gov/cgi-bin/fecimg/?202002209186608222 | CA83: Contributions From Individuals/Persons Other Than Political Committees
A84: C00401224 | B84: ACTBLUE | C84: 2019 | D84: YE | E84: 2.020013e+17 | F84: 11AI | G84: SA11AI_173986552 | H84: 1378435 | J84: IND | K84: INDIVIDUAL | N84: TAYLOR, DIANA | O84: V | Q84: U | R84: DIANA | T84: TAYLOR | V84: 75 CAMBRIDGE PARKWAY | X84: CAMBRIDGE | Y84: MA | Z84: 2142 | AA84: NOT EMPLOYED | AB84: NOT EMPLOYED | AF84: EARMARK | AI84: 43704 | AJ84: 20 | AK84: 52.5 | BF84: _x000D_ | BK84: A | BL84: ADD | BM84: ITEMIZED RECEIPTS | BN84: 43894.292 | BR84: F3X | BS84: 4.0201202e+18 | BT84: t | BU84: EARMARKED FOR MARK KELLY FOR SENATE (C00696526) | BV84: 2020 | BW84: SA | BY84: 4.0302202e+18 | BZ84: http://docquery.fec.gov/cgi-bin/fecimg/?202001299174723197 | CA84: Contributions From Individuals/Persons Other Than Political Committees
A85: C00401224 | B85: ACTBLUE | C85: 2019 | D85: YE | E85: 2.020013e+17 | F85: 11AI | G85: SA11AI_175767591 | H85: 1378435 | J85: IND | K85: INDIVIDUAL | N85: TAYLOR, DIANA | O85: V | Q85: U | R85: DIANA | T85: TAYLOR | V85: 75 CAMBRIDGE PARKWAY | X85: CAMBRIDGE | Y85: MA | Z85: 2142 | AA85: NOT EMPLOYED | AB85: NOT EMPLOYED | AD85: 15 | AE85: CONTRIBUTION | AF85: CONTRIBUTION TO ACT BLUE | AI85: 43715 | AJ85: 10 | AK85: 367.62 | BF85: _x000D_ | BK85: A | BL85: ADD | BM85: ITEMIZED RECEIPTS | BN85: 43894.294 | BR85: F3X | BS85: 4.0201202e+18 | BT85: t | BU85: CONTRIBUTION TO ACTBLUE | BV85: 2020 | BW85: SA | BY85: 4.0302202e+18 | BZ85: http://docquery.fec.gov/cgi-bin/fecimg/?202001299174723202 | CA85: Contributions From Individuals/Persons Other Than Political Committees
A86: C00401224 | B86: ACTBLUE | C86: 2019 | D86: YE | E86: 2.020013e+17 | F86: 11AI | G86: SA11AI_179133072 | H86: 1378435 | J86: IND | K86: INDIVIDUAL | L86: C00639591 | N86: TAYLOR, DIANA | O86: V | Q86: U | R86: DIANA | T86: TAYLOR | V86: 75 CAMBRIDGE PARKWAY | X86: CAMBRIDGE | Y86: MA | Z86: 2142 | AA86: NOT EMPLOYED | AB86: NOT EMPLOYED | AC86: C00639591 | AD86: 24T | AE86: EARMARKED INTERMEDIARY TREASURY OUT | AF86: EARMARK | AI86: 43735 | AJ86: 27 | AK86: 489 | AL86: H8NY15148 | BF86: _x000D_ | BK86: A | BL86: ADD | BM86: ITEMIZED RECEIPTS | BN86: 43894.296 | BR86: F3X | BS86: 4.0201202e+18 | BT86: t | BU86: EARMARKED FOR ALEXANDRIA OCASIO-CORTEZ FOR CONGRESS (C00639591) | BV86: 2020 | BW86: SA | BY86: 4.0302202e+18 | BZ86: http://docquery.fec.gov/cgi-bin/fecimg/?202001299174723210 | CA86: Contributions From Individuals/Persons Other Than Political Committees
A87: C00401224 | B87: ACTBLUE | C87: 2019 | D87: YE | E87: 2.020013e+17 | F87: 11AI | G87: SA11AI_184364401 | H87: 1378435 | J87: IND | K87: INDIVIDUAL | L87: C00213512 | N87: TAYLOR, DIANA | O87: V | Q87: U | R87: DIANA | T87: TAYLOR | V87: 75 CAMBRIDGE PARKWAY | X87: CAMBRIDGE | Y87: MA | Z87: 2142 | AA87: NOT EMPLOYED | AB87: NOT EMPLOYED | AC87: C00213512 | AD87: 24T | AE87: EARMARKED INTERMEDIARY TREASURY OUT | AF87: EARMARK | AI87: 43762 | AJ87: 100 | AK87: 600 | AL87: H8CA05035 | BF87: _x000D_ | BK87: A | BL87: ADD | BM87: ITEMIZED RECEIPTS | BN87: 43894.296 | BR87: F3X | BS87: 4.0201202e+18 | BT87: t | BU87: EARMARKED FOR NANCY PELOSI FOR CONGRESS (C00213512) | BV87: 2020 | BW87: SA | BY87: 4.0302202e+18 | BZ87: http://docquery.fec.gov/cgi-bin/fecimg/?202001299174723228 | CA87: Contributions From Individuals/Persons Other Than Political Committees
A88: C00401224 | B88: ACTBLUE | C88: 2019 | D88: YE | E88: 2.020013e+17 | F88: 11AI | G88: SA11AI_168517676 | H88: 1378435 | J88: IND | K88: INDIVIDUAL | L88: C00693234 | N88: TAYLOR, DIANA | O88: V | Q88: U | R88: DIANA | T88: TAYLOR | V88: 75 CAMBRIDGE PARKWAY | X88: CAMBRIDGE | Y88: MA | Z88: 2142 | AA88: NOT EMPLOYED | AB88: NOT EMPLOYED | AC88: C00693234 | AD88: 24T | AE88: EARMARKED INTERMEDIARY TREASURY OUT | AF88: EARMARK | AI88: 43675 | AJ88: 50 | AK88: 710 | AL88: P00009621 | BF88: _x000D_ | BK88: A | BL88: ADD | BM88: ITEMIZED RECEIPTS | BN88: 43894.297 | BR88: F3X | BS88: 4.0201202e+18 | BT88: t | BU88: EARMARKED FOR WARREN FOR PRESIDENT, INC. (C00693234) | BV88: 2020 | BW88: SA | BY88: 4.0302202e+18 | BZ88: http://docquery.fec.gov/cgi-bin/fecimg/?202001299174723181 | CA88: Contributions From Individuals/Persons Other Than Political Committees
A89: C00401224 | B89: ACTBLUE | C89: 2019 | D89: YE | E89: 2.020013e+17 | F89: 11AI | G89: SA11AI_192355668 | H89: 1378435 | J89: IND | K89: INDIVIDUAL | L89: C00688739 | N89: TAYLOR, DIANA | O89: V | Q89: U | R89: DIANA | T89: TAYLOR | V89: 75 CAMBRIDGE PARKWAY | X89: CAMBRIDGE | Y89: MA | Z89: 2142 | AA89: NOT EMPLOYED | AB89: NOT EMPLOYED | AC89: C00688739 | AD89: 24T | AE89: EARMARKED INTERMEDIARY TREASURY OUT | AF89: EARMARK | AI89: 43807 | AJ89: 100 | AK89: 400 | BF89: _x000D_ | BK89: A | BL89: ADD | BM89: ITEMIZED RECEIPTS | BN89: 43894.3 | BR89: F3X | BS89: 4.0201202e+18 | BT89: t | BU89: EARMARKED FOR DITCH FUND (C00688739) | BV89: 2020 | BW89: SA | BY89: 4.0302202e+18 | BZ89: http://docquery.fec.gov/cgi-bin/fecimg/?202001299174723254 | CA89: Contributions From Individuals/Persons Other Than Political Committees
A90: C00401224 | B90: ACTBLUE | C90: 2019 | D90: YE | E90: 2.020013e+17 | F90: 11AI | G90: SA11AI_195763801 | H90: 1378435 | J90: IND | K90: INDIVIDUAL | N90: TAYLOR, DIANA | O90: V | Q90: U | R90: DIANA | T90: TAYLOR | V90: 75 CAMBRIDGE PARKWAY | X90: CAMBRIDGE | Y90: MA | Z90: 2142 | AA90: NOT EMPLOYED | AB90: NOT EMPLOYED | AD90: 15 | AE90: CONTRIBUTION | AF90: CONTRIBUTION TO ACT BLUE | AI90: 43826 | AJ90: 5 | AK90: 367.62 | BF90: _x000D_ | BK90: A | BL90: ADD | BM90: ITEMIZED RECEIPTS | BN90: 43894.302 | BR90: F3X | BS90: 4.0201202e+18 | BT90: t | BU90: CONTRIBUTION TO ACTBLUE | BV90: 2020 | BW90: SA | BY90: 4.0302202e+18 | BZ90: http://docquery.fec.gov/cgi-bin/fecimg/?202001299174723262 | CA90: Contributions From Individuals/Persons Other Than Political Committees
A91: C00401224 | B91: ACTBLUE | C91: 2019 | D91: YE | E91: 2.020013e+17 | F91: 11AI | G91: SA11AI_168438553 | H91: 1378435 | J91: IND | K91: INDIVIDUAL | L91: C00693234 | N91: TAYLOR, DIANA | O91: V | Q91: U | R91: DIANA | T91: TAYLOR | V91: 75 CAMBRIDGE PARKWAY | X91: CAMBRIDGE | Y91: MA | Z91: 2142 | AA91: NOT EMPLOYED | AB91: NOT EMPLOYED | AC91: C00693234 | AD91: 24T | AE91: EARMARKED INTERMEDIARY TREASURY OUT | AF91: EARMARK | AI91: 43674 | AJ91: 50 | AK91: 710 | AL91: P00009621 | BF91: _x000D_ | BK91: A | BL91: ADD | BM91: ITEMIZED RECEIPTS | BN91: 43894.304 | BR91: F3X | BS91: 4.0201202e+18 | BT91: t | BU91: EARMARKED FOR WARREN FOR PRESIDENT, INC. (C00693234) | BV91: 2020 | BW91: SA | BY91: 4.0302202e+18 | BZ91: http://docquery.fec.gov/cgi-bin/fecimg/?202001299174723181 | CA91: Contributions From Individuals/Persons Other Than Political Committees
A92: C00401224 | B92: ACTBLUE | C92: 2019 | D92: YE | E92: 2.020013e+17 | F92: 11AI | G92: SA11AI_193108344 | H92: 1378435 | J92: IND | K92: INDIVIDUAL | L92: C00213512 | N92: TAYLOR, DIANA | O92: V | Q92: U | R92: DIANA | T92: TAYLOR | V92: 75 CAMBRIDGE PARKWAY | X92: CAMBRIDGE | Y92: MA | Z92: 2142 | AA92: NOT EMPLOYED | AB92: NOT EMPLOYED | AC92: C00213512 | AD92: 24T | AE92: EARMARKED INTERMEDIARY TREASURY OUT | AF92: EARMARK | AI92: 43812 | AJ92: 50 | AK92: 600 | AL92: H8CA05035 | BF92: _x000D_ | BK92: A | BL92: ADD | BM92: ITEMIZED RECEIPTS | BN92: 43894.304 | BR92: F3X | BS92: 4.0201202e+18 | BT92: t | BU92: EARMARKED FOR NANCY PELOSI FOR CONGRESS (C00213512) | BV92: 2020 | BW92: SA | BY92: 4.0302202e+18 | BZ92: http://docquery.fec.gov/cgi-bin/fecimg/?202001299174723257 | CA92: Contributions From Individuals/Persons Other Than Political Committees
A93: C00401224 | B93: ACTBLUE | C93: 2019 | D93: YE | E93: 2.020013e+17 | F93: 11AI | G93: SA11AI_168807407 | H93: 1378435 | J93: IND | K93: INDIVIDUAL | N93: TAYLOR, DIANA | O93: V | Q93: U | R93: DIANA | T93: TAYLOR | V93: 75 CAMBRIDGE PARKWAY | X93: CAMBRIDGE | Y93: MA | Z93: 2142 | AA93: NOT EMPLOYED | AB93: NOT EMPLOYED | AD93: 15 | AE93: CONTRIBUTION | AF93: CONTRIBUTION TO ACT BLUE | AI93: 43676 | AJ93: 5 | AK93: 367.62 | BF93: _x000D_ | BK93: A | BL93: ADD | BM93: ITEMIZED RECEIPTS | BN93: 43894.305 | BR93: F3X | BS93: 4.0201202e+18 | BT93: t | BU93: CONTRIBUTION TO ACTBLUE | BV93: 2020 | BW93: SA | BY93: 4.0302202e+18 | BZ93: http://docquery.fec.gov/cgi-bin/fecimg/?202001299174723182 | CA93: Contributions From Individuals/Persons Other Than Political Committees
A94: C00401224 | B94: ACTBLUE | C94: 2019 | D94: YE | E94: 2.020013e+17 | F94: 11AI | G94: SA11AI_184006186 | H94: 1378435 | J94: IND | K94: INDIVIDUAL | N94: TAYLOR, DIANA | O94: V | Q94: U | R94: DIANA | T94: TAYLOR | V94: 75 CAMBRIDGE PARKWAY | X94: CAMBRIDGE | Y94: MA | Z94: 2142 | AA94: NOT EMPLOYED | AB94: NOT EMPLOYED | AF94: EARMARK | AI94: 43760 | AJ94: 27 | AK94: 142 | BF94: _x000D_ | BK94: A | BL94: ADD | BM94: ITEMIZED RECEIPTS | BN94: 43894.309 | BR94: F3X | BS94: 4.0201202e+18 | BT94: t | BU94: EARMARKED FOR THE COMMITTEE TO ELECT AYANNA PRESSLEY (C00667741) | BV94: 2020 | BW94: SA | BY94: 4.0302202e+18 | BZ94: http://docquery.fec.gov/cgi-bin/fecimg/?202001299174723225 | CA94: Contributions From Individuals/Persons Other Than Political Committees
A95: C00401224 | B95: ACTBLUE | C95: 2019 | D95: YE | E95: 2.020013e+17 | F95: 11AI | G95: SA11AI_195763795 | H95: 1378435 | J95: IND | K95: INDIVIDUAL | L95: C00000935 | N95: TAYLOR, DIANA | O95: V | Q95: U | R95: DIANA | T95: TAYLOR | V95: 75 CAMBRIDGE PARKWAY | X95: CAMBRIDGE | Y95: MA | Z95: 2142 | AA95: NOT EMPLOYED | AB95: NOT EMPLOYED | AC95: C00000935 | AD95: 24T | AE95: EARMARKED INTERMEDIARY TREASURY OUT | AF95: EARMARK | AI95: 43826 | AJ95: 50 | AK95: 350 | BF95: _x000D_ | BK95: A | BL95: ADD | BM95: ITEMIZED RECEIPTS | BN95: 43894.311 | BR95: F3X | BS95: 4.0201202e+18 | BT95: t | BU95: EARMARKED FOR DCCC (C00000935) | BV95: 2020 | BW95: SA | BY95: 4.0302202e+18 | BZ95: http://docquery.fec.gov/cgi-bin/fecimg/?202001299174723261 | CA95: Contributions From Individuals/Persons Other Than Political Committees
A96: C00401224 | B96: ACTBLUE | C96: 2019 | D96: YE | E96: 2.020013e+17 | F96: 11AI | G96: SA11AI_172570797 | H96: 1378435 | J96: IND | K96: INDIVIDUAL | N96: TAYLOR, DIANA | O96: V | Q96: U | R96: DIANA | T96: TAYLOR | V96: 75 CAMBRIDGE PARKWAY | X96: CAMBRIDGE | Y96: MA | Z96: 2142 | AA96: NOT EMPLOYED | AB96: NOT EMPLOYED | AD96: 15 | AE96: CONTRIBUTION | AF96: CONTRIBUTION TO ACT BLUE | AI96: 43695 | AJ96: 5 | AK96: 367.62 | BF96: _x000D_ | BK96: A | BL96: ADD | BM96: ITEMIZED RECEIPTS | BN96: 43894.309 | BR96: F3X | BS96: 4.0201202e+18 | BT96: t | BU96: CONTRIBUTION TO ACTBLUE | BV96: 2020 | BW96: SA | BY96: 4.0302202e+18 | BZ96: http://docquery.fec.gov/cgi-bin/fecimg/?202001299174723194 | CA96: Contributions From Individuals/Persons Other Than Political Committees
A97: C00401224 | B97: ACTBLUE | C97: 2019 | D97: YE | E97: 2.020013e+17 | F97: 11AI | G97: SA11AI_179874544 | H97: 1378435 | J97: IND | K97: INDIVIDUAL | N97: TAYLOR, DIANA | O97: V | Q97: U | R97: DIANA | T97: TAYLOR | V97: 75 CAMBRIDGE PARKWAY | X97: CAMBRIDGE | Y97: MA | Z97: 2142 | AA97: NOT EMPLOYED | AB97: NOT EMPLOYED | AD97: 15 | AE97: CONTRIBUTION | AF97: CONTRIBUTION TO ACT BLUE | AI97: 43737 | AJ97: 2 | AK97: 367.62 | BF97: _x000D_ | BK97: A | BL97: ADD | BM97: ITEMIZED RECEIPTS | BN97: 43894.31 | BR97: F3X | BS97: 4.0201202e+18 | BT97: t | BU97: CONTRIBUTION TO ACTBLUE | BV97: 2020 | BW97: SA | BY97: 4.0302202e+18 | BZ97: http://docquery.fec.gov/cgi-bin/fecimg/?202001299174723214 | CA97: Contributions From Individuals/Persons Other Than Political Committees
A98: C00401224 | B98: ACTBLUE | C98: 2019 | D98: YE | E98: 2.020013e+17 | F98: 11AI | G98: SA11AI_166648554 | H98: 1378435 | J98: IND | K98: INDIVIDUAL | L98: C00639591 | N98: TAYLOR, DIANA | O98: V | Q98: U | R98: DIANA | T98: TAYLOR | V98: 75 CAMBRIDGE PARKWAY | X98: CAMBRIDGE | Y98: MA | Z98: 2142 | AA98: NOT EMPLOYED | AB98: NOT EMPLOYED | AC98: C00639591 | AD98: 24T | AE98: EARMARKED INTERMEDIARY TREASURY OUT | AF98: EARMARK | AI98: 43662 | AJ98: 25 | AK98: 489 | AL98: H8NY15148 | BF98: _x000D_ | BK98: A | BL98: ADD | BM98: ITEMIZED RECEIPTS | BN98: 43894.314 | BR98: F3X | BS98: 4.0201202e+18 | BT98: t | BU98: EARMARKED FOR ALEXANDRIA OCASIO-CORTEZ FOR CONGRESS (C00639591) | BV98: 2020 | BW98: SA | BY98: 4.0302202e+18 | BZ98: http://docquery.fec.gov/cgi-bin/fecimg/?202001299174723170 | CA98: Contributions From Individuals/Persons Other Than Political Committees
A99: C00401224 | B99: ACTBLUE | C99: 2019 | D99: YE | E99: 2.020013e+17 | F99: 11AI | G99: SA11AI_174550331 | H99: 1378435 | J99: IND | K99: INDIVIDUAL | N99: TAYLOR, DIANA | O99: V | Q99: U | R99: DIANA | T99: TAYLOR | V99: 75 CAMBRIDGE PARKWAY | X99: CAMBRIDGE | Y99: MA | Z99: 2142 | AA99: NOT EMPLOYED | AB99: NOT EMPLOYED | AD99: 15 | AE99: CONTRIBUTION | AF99: CONTRIBUTION TO ACT BLUE | AI99: 43707 | AJ99: 1 | AK99: 367.62 | BF99: _x000D_ | BK99: A | BL99: ADD | BM99: ITEMIZED RECEIPTS | BN99: 43894.313 | BR99: F3X | BS99: 4.0201202e+18 | BT99: t | BU99: CONTRIBUTION TO ACTBLUE | BV99: 2020 | BW99: SA | BY99: 4.0302202e+18 | BZ99: http://docquery.fec.gov/cgi-bin/fecimg/?202001299174723200 | CA99: Contributions From Individuals/Persons Other Than Political Committees
A100: C00401224 | B100: ACTBLUE | C100: 2019 | D100: YE | E100: 2.020013e+17 | F100: 11AI | G100: SA11AI_182601037 | H100: 1378435 | J100: IND | K100: INDIVIDUAL | N100: TAYLOR, DIANA | O100: V | Q100: U | R100: DIANA | T100: TAYLOR | V100: 75 CAMBRIDGE PARKWAY | X100: CAMBRIDGE | Y100: MA | Z100: 2142 | AA100: NOT EMPLOYED | AB100: NOT EMPLOYED | AD100: 15 | AE100: CONTRIBUTION | AF100: CONTRIBUTION TO ACT BLUE | AI100: 43753 | AJ100: 1 | AK100: 367.62 | BF100: _x000D_ | BK100: A | BL100: ADD | BM100: ITEMIZED RECEIPTS | BN100: 43894.317 | BR100: F3X | BS100: 4.0201202e+18 | BT100: t | BU100: CONTRIBUTION TO ACTBLUE | BV100: 2020 | BW100: SA | BY100: 4.0302202e+18 | BZ100: http://docquery.fec.gov/cgi-bin/fecimg/?202001299174723222 | CA100: Contributions From Individuals/Persons Other Than Political Committees
A101: C00401224 | B101: ACTBLUE | C101: 2019 | D101: YE | E101: 2.020013e+17 | F101: 11AI | G101: SA11AI_167482436 | H101: 1378435 | J101: IND | K101: INDIVIDUAL | L101: C00639591 | N101: TAYLOR, DIANA | O101: V | Q101: U | R101: DIANA | T101: TAYLOR | V101: 75 CAMBRIDGE PARKWAY | X101: CAMBRIDGE | Y101: MA | Z101: 2142 | AA101: NOT EMPLOYED | AB101: NOT EMPLOYED | AC101: C00639591 | AD101: 24T | AE101: EARMARKED INTERMEDIARY TREASURY OUT | AF101: EARMARK | AI101: 43667 | AJ101: 100 | AK101: 489 | AL101: H8NY15148 | BF101: _x000D_ | BK101: A | BL101: ADD | BM101: ITEMIZED RECEIPTS | BN101: 43894.337 | BR101: F3X | BS101: 4.0201202e+18 | BT101: t | BU101: EARMARKED FOR ALEXANDRIA OCASIO-CORTEZ FOR CONGRESS (C00639591) | BV101: 2020 | BW101: SA | BY101: 4.0302202e+18 | BZ101: http://docquery.fec.gov/cgi-bin/fecimg/?202001299174723175 | CA101: Contributions From Individuals/Persons Other Than Political Committees
...

Sheet JANE FRASER
A1: committee_id | B1: committee_name | C1: report_year | D1: report_type | E1: image_number | F1: line_number | G1: transaction_id | H1: file_number | I1: committee_name | J1: entity_type | K1: entity_type_desc | L1: unused_contbr_id | M1: contributor_prefix | N1: contributor_name | O1: recipient_committee_type | P1: recipient_committee_org_type | Q1: recipient_committee_designation | R1: contributor_first_name | S1: contributor_middle_name | T1: contributor_last_name | U1: contributor_suffix | V1: contributor_street_1 | W1: contributor_street_2 | X1: contributor_city | Y1: contributor_state | Z1: contributor_zip | AA1: contributor_employer | AB1: contributor_occupation | AC1: contributor_id | AD1: receipt_type | AE1: receipt_type_desc | AF1: receipt_type_full | AG1: memo_code | AH1: memo_code_full | AI1: contribution_receipt_date | AJ1: contribution_receipt_amount | AK1: contributor_aggregate_ytd | AL1: candidate_id | AM1: candidate_name | AN1: candidate_first_name | AO1: candidate_last_name | AP1: candidate_middle_name | AQ1: candidate_prefix | AR1: candidate_suffix | AS1: candidate_office | AT1: candidate_office_full | AU1: candidate_office_state | AV1: candidate_office_state_full | AW1: candidate_office_district | AX1: conduit_committee_id | AY1: conduit_committee_name | AZ1: conduit_committee_street1 | BA1: conduit_committee_street2 | BB1: conduit_committee_city | BC1: conduit_committee_state | BD1: conduit_committee_zip | BE1: donor_committee_name | BF1: national_committee_nonfederal_account | BG1: election_type | BH1: election_type_full | BI1: fec_election_type_desc | BJ1: fec_election_year | BK1: amendment_indicator | BL1: amendment_indicator_desc | BM1: schedule_type_full | BN1: load_date | BO1: original_sub_id | BP1: back_reference_transaction_id | BQ1: back_reference_schedule_name | BR1: filing_form | BS1: link_id | BT1: is_individual | BU1: memo_text | BV1: two_year_transaction_period | BW1: schedule_type | BX1: increased_limit | BY1: sub_id | BZ1: pdf_url | CA1: line_number_label
A2: C00039305 | B2: CITIGROUP INC. PAC - STATE (CITI PAC-STATE) | C2: 2019 | D2: M2 | E2: 2.0190723e+17 | F2: 11AI | G2: A2019-25850 | H2: 1343292 | J2: IND | K2: INDIVIDUAL | N2: FRASER, JANE N | O2: Q | P2: C | Q2: B | R2: JANE | S2: N | T2: FRASER | V2: 201 S BISCAYNE BLVD | W2: MIAMI CENTER | X2: MIAMI | Y2: FL | Z2: 331314332 | AA2: CITIGROUP INC. | AB2: MANAGING DIRECTOR | AD2: 15 | AE2: CONTRIBUTION | AI2: 43482 | AJ2: 192.3 | AK2: 384.6 | BG2: P | BI2: PRIMARY | BK2: N | BL2: NO CHANGE | BM2: ITEMIZED RECEIPTS | BN2: 43670.108 | BR2: F3X | BS2: 4.0722202e+18 | BT2: t | BV2: 2020 | BW2: SA | BY2: 4.0723202e+18 | BZ2: http://docquery.fec.gov/cgi-bin/fecimg/?201907229151618417 | CA2: Contributions From Individuals/Persons Other Than Political Committees
A3: C00039305 | B3: CITIGROUP INC. PAC - STATE (CITI PAC-STATE) | C3: 2019 | D3: M3 | E3: 2.0190723e+17 | F3: 11AI | G3: A2019-92450 | H3: 1343297 | J3: IND | K3: INDIVIDUAL | N3: FRASER, JANE N | O3: Q | P3: C | Q3: B | R3: JANE | S3: N | T3: FRASER | V3: 201 S BISCAYNE BLVD | W3: MIAMI CENTER | X3: MIAMI | Y3: FL | Z3: 331314332 | AA3: CITIGROUP INC. | AB3: MANAGING DIRECTOR | AD3: 15 | AE3: CONTRIBUTION | AI3: 43497 | AJ3: 192.3 | AK3: 576.9 | BG3: P | BI3: PRIMARY | BK3: N | BL3: NO CHANGE | BM3: ITEMIZED RECEIPTS | BN3: 43670.108 | BR3: F3X | BS3: 4.0723202e+18 | BT3: t | BV3: 2020 | BW3: SA | BY3: 4.0723202e+18 | BZ3: http://docquery.fec.gov/cgi-bin/fecimg/?201907229151618447 | CA3: Contributions From Individuals/Persons Other Than Political Committees
A4: C00039305 | B4: CITIGROUP INC. PAC - STATE (CITI PAC-STATE) | C4: 2019 | D4: M3 | E4: 2.0190723e+17 | F4: 11AI | G4: A2019-271437 | H4: 1343297 | J4: IND | K4: INDIVIDUAL | N4: FRASER, JANE N | O4: Q | P4: C | Q4: B | R4: JANE | S4: N | T4: FRASER | V4: 201 S BISCAYNE BLVD | W4: MIAMI CENTER | X4: MIAMI | Y4: FL | Z4: 331314332 | AA4: CITIGROUP INC. | AB4: MANAGING DIRECTOR | AD4: 15 | AE4: CONTRIBUTION | AI4: 43511 | AJ4: 192.3 | AK4: 769.2 | BG4: P | BI4: PRIMARY | BK4: N | BL4: NO CHANGE | BM4: ITEMIZED RECEIPTS | BN4: 43670.108 | BR4: F3X | BS4: 4.0723202e+18 | BT4: t | BV4: 2020 | BW4: SA | BY4: 4.0723202e+18 | BZ4: http://docquery.fec.gov/cgi-bin/fecimg/?201907229151618448 | CA4: Contributions From Individuals/Persons Other Than Political Committees
A5: C00039305 | B5: CITIGROUP INC. PAC - STATE (CITI PAC-STATE) | C5: 2019 | D5: M4 | E5: 2.0190723e+17 | F5: 11AI | G5: A2019-378158 | H5: 1343298 | J5: IND | K5: INDIVIDUAL | N5: FRASER, JANE N | O5: Q | P5: C | Q5: B | R5: JANE | S5: N | T5: FRASER | V5: 201 S BISCAYNE BLVD | W5: MIAMI CENTER | X5: MIAMI | Y5: FL | Z5: 331314332 | AA5: CITIGROUP INC. | AB5: MANAGING DIRECTOR | AD5: 15 | AE5: CONTRIBUTION | AI5: 43525 | AJ5: 192.3 | AK5: 961.5 | BG5: P | BI5: PRIMARY | BK5: N | BL5: NO CHANGE | BM5: ITEMIZED RECEIPTS | BN5: 43670.108 | BR5: F3X | BS5: 4.0723202e+18 | BT5: t | BV5: 2020 | BW5: SA | BY5: 4.0723202e+18 | BZ5: http://docquery.fec.gov/cgi-bin/fecimg/?201907229151618469 | CA5: Contributions From Individuals/Persons Other Than Political Committees
A6: C00039305 | B6: CITIGROUP INC. PAC - STATE (CITI PAC-STATE) | C6: 2019 | D6: M4 | E6: 2.0190723e+17 | F6: 11AI | G6: A2019-523649 | H6: 1343298 | J6: IND | K6: INDIVIDUAL | N6: FRASER, JANE N | O6: Q | P6: C | Q6: B | R6: JANE | S6: N | T6: FRASER | V6: 201 S BISCAYNE BLVD | W6: MIAMI CENTER | X6: MIAMI | Y6: FL | Z6: 331314332 | AA6: CITIGROUP INC. | AB6: MANAGING DIRECTOR | AD6: 15 | AE6: CONTRIBUTION | AI6: 43539 | AJ6: 192.3 | AK6: 1153.8 | BG6: P | BI6: PRIMARY | BK6: N | BL6: NO CHANGE | BM6: ITEMIZED RECEIPTS | BN6: 43670.108 | BR6: F3X | BS6: 4.0723202e+18 | BT6: t | BV6: 2020 | BW6: SA | BY6: 4.0723202e+18 | BZ6: http://docquery.fec.gov/cgi-bin/fecimg/?201907229151618469 | CA6: Contributions From Individuals/Persons Other Than Political Committees
A7: C00039305 | B7: CITIGROUP INC. PAC - STATE (CITI PAC-STATE) | C7: 2019 | D7: M5 | E7: 2.0190723e+17 | F7: 11AI | G7: A2019-591253 | H7: 1343299 | J7: IND | K7: INDIVIDUAL | N7: FRASER, JANE N | O7: Q | P7: C | Q7: B | R7: JANE | S7: N | T7: FRASER | V7: 201 S. BISCAYNE BLVD. | W7: MIAMI CENTER | X7: MIAMI | Y7: FL | Z7: 33131 | AA7: CITIBANK N.A. | AB7: MANAGING DIRECTOR | AD7: 15 | AE7: CONTRIBUTION | AI7: 43560 | AJ7: 192.3 | AK7: 1346.1 | BG7: P | BI7: PRIMARY | BK7: N | BL7: NO CHANGE | BM7: ITEMIZED RECEIPTS | BN7: 43670.108 | BR7: F3X | BS7: 4.0723202e+18 | BT7: t | BV7: 2020 | BW7: SA | BY7: 4.0723202e+18 | BZ7: http://docquery.fec.gov/cgi-bin/fecimg/?201907229151618501 | CA7: Contributions From Individuals/Persons Other Than Political Committees
A8: C00039305 | B8: CITIGROUP INC. PAC - STATE (CITI PAC-STATE) | C8: 2019 | D8: M5 | E8: 2.0190723e+17 | F8: 11AI | G8: A2019-800998 | H8: 1343299 | J8: IND | K8: INDIVIDUAL | N8: FRASER, JANE N | O8: Q | P8: C | Q8: B | R8: JANE | S8: N | T8: FRASER | V8: 201 S. BISCAYNE BLVD. | W8: MIAMI CENTER | X8: MIAMI | Y8: FL | Z8: 33131 | AA8: CITIBANK N.A. | AB8: MANAGING DIRECTOR | AD8: 15 | AE8: CONTRIBUTION | AI8: 43574 | AJ8: 192.3 | AK8: 1538.4 | BG8: P | BI8: PRIMARY | BK8: N | BL8: NO CHANGE | BM8: ITEMIZED RECEIPTS | BN8: 43670.108 | BR8: F3X | BS8: 4.0723202e+18 | BT8: t | BV8: 2020 | BW8: SA | BY8: 4.0723202e+18 | BZ8: http://docquery.fec.gov/cgi-bin/fecimg/?201907229151618501 | CA8: Contributions From Individuals/Persons Other Than Political Committees
A9: C00039305 | B9: CITIGROUP INC. PAC - STATE (CITI PAC-STATE) | C9: 2019 | D9: M6 | E9: 2.0190723e+17 | F9: 11AI | G9: A2019-851957 | H9: 1343301 | J9: IND | K9: INDIVIDUAL | N9: FRASER, JANE N | O9: Q | P9: C | Q9: B | R9: JANE | S9: N | T9: FRASER | V9: 201 S. BISCAYNE BLVD. | W9: MIAMI CENTER | X9: MIAMI | Y9: FL | Z9: 33131 | AA9: CITIBANK N.A. | AB9: MANAGING DIRECTOR | AD9: 15 | AE9: CONTRIBUTION | AI9: 43588 | AJ9: 192.3 | AK9: 1730.7 | BG9: P | BI9: PRIMARY | BK9: N | BL9: NO CHANGE | BM9: ITEMIZED RECEIPTS | BN9: 43670.108 | BR9: F3X | BS9: 4.0723202e+18 | BT9: t | BV9: 2020 | BW9: SA | BY9: 4.0723202e+18 | BZ9: http://docquery.fec.gov/cgi-bin/fecimg/?201907229151618550 | CA9: Contributions From Individuals/Persons Other Than Political Committees
A10: C00039305 | B10: CITIGROUP INC. PAC - STATE (CITI PAC-STATE) | C10: 2019 | D10: M6 | E10: 2.0190723e+17 | F10: 11AI | G10: A2019-1077384 | H10: 1343301 | J10: IND | K10: INDIVIDUAL | N10: FRASER, JANE N | O10: Q | P10: C | Q10: B | R10: JANE | S10: N | T10: FRASER | V10: 201 S. BISCAYNE BLVD. | W10: MIAMI CENTER | X10: MIAMI | Y10: FL | Z10: 33131 | AA10: CITIBANK N.A. | AB10: MANAGING DIRECTOR | AD10: 15 | AE10: CONTRIBUTION | AI10: 43602 | AJ10: 192.3 | AK10: 1923 | BG10: P | BI10: PRIMARY | BK10: N | BL10: NO CHANGE | BM10: ITEMIZED RECEIPTS | BN10: 43670.108 | BR10: F3X | BS10: 4.0723202e+18 | BT10: t | BV10: 2020 | BW10: SA | BY10: 4.0723202e+18 | BZ10: http://docquery.fec.gov/cgi-bin/fecimg/?201907229151618550 | CA10: Contributions From Individuals/Persons Other Than Political Committees
A11: C00039305 | B11: CITIGROUP INC. PAC - STATE (CITI PAC-STATE) | C11: 2019 | D11: M6 | E11: 2.0190723e+17 | F11: 11AI | G11: A2019-1118276 | H11: 1343301 | J11: IND | K11: INDIVIDUAL | N11: FRASER, JANE N | O11: Q | P11: C | Q11: B | R11: JANE | S11: N | T11: FRASER | V11: 201 S. BISCAYNE BLVD. | W11: MIAMI CENTER | X11: MIAMI | Y11: FL | Z11: 33131 | AA11: CITIBANK N.A. | AB11: MANAGING DIRECTOR | AD11: 15 | AE11: CONTRIBUTION | AI11: 43616 | AJ11: 192.3 | AK11: 2115.3 | BG11: P | BI11: PRIMARY | BK11: N | BL11: NO CHANGE | BM11: ITEMIZED RECEIPTS | BN11: 43670.108 | BR11: F3X | BS11: 4.0723202e+18 | BT11: t | BV11: 2020 | BW11: SA | BY11: 4.0723202e+18 | BZ11: http://docquery.fec.gov/cgi-bin/fecimg/?201907229151618550 | CA11: Contributions From Individuals/Persons Other Than Political Committees
A12: C00696948 | B12: BERNIE 2020 | C12: 2019 | D12: Q1 | E12: 2.0190416e+17 | F12: 17A | G12: 10026956 | H12: 1326070 | J12: IND | K12: INDIVIDUAL | L12: C00401224 | N12: FRASER, JANE | O12: P | Q12: P | R12: JANE | T12: FRASER | V12: 7583 SALT CREEK RD | X12: PUEBLO | Y12: CO | Z12: 810049787 | AA12: COLORADO STATE U-PUEBLO | AB12: PROFESSOR | AC12: C00401224 | AD12: 15E | AE12: EARMARKED CONTRIBUTION | AI12: 43515 | AJ12: 1000 | AK12: 1000 | BG12: P2020 | BI12: PRIMARY | BJ12: 2020 | BK12: A | BL12: ADD | BM12: ITEMIZED RECEIPTS | BN12: 43579.128 | BP12: 10026956E | BQ12: SA17A | BR12: F3P | BS12: 4.0415202e+18 | BT12: t | BU12: * EARMARKED CONTRIBUTION: SEE BELOW | BV12: 2020 | BW12: SA | BY12: 4.0423202e+18 | BZ12: http://docquery.fec.gov/cgi-bin/fecimg/?201904159146227594 | CA12: Contributions From Individuals/Persons Other Than Political Committees
A13: C00696948 | B13: BERNIE 2020 | C13: 2019 | D13: Q1 | E13: 2.0190416e+17 | F13: 17A | G13: 10426135 | H13: 1326070 | J13: IND | K13: INDIVIDUAL | L13: C00401224 | N13: FRASER, JANE | O13: P | Q13: P | R13: JANE | T13: FRASER | V13: 7583 SALT CREEK RD | X13: PUEBLO | Y13: CO | Z13: 810049787 | AA13: COLORADO STATE U-PUEBLO | AB13: PROFESSOR | AC13: C00401224 | AD13: 15E | AE13: EARMARKED CONTRIBUTION | AI13: 43534 | AJ13: 500 | AK13: 1500 | BG13: P2020 | BI13: PRIMARY | BJ13: 2020 | BK13: A | BL13: ADD | BM13: ITEMIZED RECEIPTS | BN13: 43579.128 | BP13: 10426135E | BQ13: SA17A | BR13: F3P | BS13: 4.0415202e+18 | BT13: t | BU13: * EARMARKED CONTRIBUTION: SEE BELOW | BV13: 2020 | BW13: SA | BY13: 4.0423202e+18 | BZ13: http://docquery.fec.gov/cgi-bin/fecimg/?201904159146227594 | CA13: Contributions From Individuals/Persons Other Than Political Committees
A14: C00696948 | B14: BERNIE 2020 | C14: 2019 | D14: Q1 | E14: 2.0190416e+17 | F14: 17A | G14: 10682967 | H14: 1326070 | J14: IND | K14: INDIVIDUAL | L14: C00401224 | N14: FRASER, JANE | O14: P | Q14: P | R14: JANE | T14: FRASER | V14: 7583 SALT CREEK RD | X14: PUEBLO | Y14: CO | Z14: 810049787 | AA14: COLORADO STATE U-PUEBLO | AB14: PROFESSOR | AC14: C00401224 | AD14: 15E | AE14: EARMARKED CONTRIBUTION | AI14: 43552 | AJ14: 500 | AK14: 2000 | BG14: P2020 | BI14: PRIMARY | BJ14: 2020 | BK14: A | BL14: ADD | BM14: ITEMIZED RECEIPTS | BN14: 43579.128 | BP14: 10682967E | BQ14: SA17A | BR14: F3P | BS14: 4.0415202e+18 | BT14: t | BU14: * EARMARKED CONTRIBUTION: SEE BELOW | BV14: 2020 | BW14: SA | BY14: 4.0423202e+18 | BZ14: http://docquery.fec.gov/cgi-bin/fecimg/?201904159146227595 | CA14: Contributions From Individuals/Persons Other Than Political Committees
A15: C00696948 | B15: BERNIE 2020 | C15: 2019 | D15: Q1 | E15: 2.0190416e+17 | F15: 17A | G15: 10791107 | H15: 1326070 | J15: IND | K15: INDIVIDUAL | L15: C00401224 | N15: FRASER, JANE | O15: P | Q15: P | R15: JANE | T15: FRASER | V15: 7583 SALT CREEK RD | X15: PUEBLO | Y15: CO | Z15: 810049787 | AA15: COLORADO STATE U-PUEBLO | AB15: PROFESSOR | AC15: C00401224 | AD15: 15E | AE15: EARMARKED CONTRIBUTION | AI15: 43555 | AJ15: 800 | AK15: 2800 | BG15: P2020 | BI15: PRIMARY | BJ15: 2020 | BK15: A | BL15: ADD | BM15: ITEMIZED RECEIPTS | BN15: 43579.128 | BP15: 10791107E | BQ15: SA17A | BR15: F3P | BS15: 4.0415202e+18 | BT15: t | BU15: * EARMARKED CONTRIBUTION: SEE BELOW | BV15: 2020 | BW15: SA | BY15: 4.0423202e+18 | BZ15: http://docquery.fec.gov/cgi-bin/fecimg/?201904159146227596 | CA15: Contributions From Individuals/Persons Other Than Political Committees
A16: C00039305 | B16: CITIGROUP INC. PAC - STATE (CITI PAC-STATE) | C16: 2019 | D16: M7 | E16: 2.019072e+17 | F16: 11AI | G16: A2019-1263727 | H16: 1342816 | J16: IND | K16: INDIVIDUAL | N16: FRASER, JANE N | O16: Q | P16: C | Q16: B | R16: JANE | S16: N | T16: FRASER | V16: 201 S. BISCAYNE BLVD. | W16: MIAMI CENTER | X16: MIAMI | Y16: FL | Z16: 33131 | AA16: CITIBANK N.A. | AB16: MANAGING DIRECTOR | AD16: 15 | AE16: CONTRIBUTION | AI16: 43630 | AJ16: 192.3 | AK16: 2307.6 | BG16: P | BI16: PRIMARY | BK16: A | BL16: ADD | BM16: ITEMIZED RECEIPTS | BN16: 43676.107 | BR16: F3X | BS16: 4.0719202e+18 | BT16: t | BV16: 2020 | BW16: SA | BY16: 4.0729202e+18 | BZ16: http://docquery.fec.gov/cgi-bin/fecimg/?201907199151532410 | CA16: Contributions From Individuals/Persons Other Than Political Committees
A17: C00039305 | B17: CITIGROUP INC. PAC - STATE (CITI PAC-STATE) | C17: 2019 | D17: M7 | E17: 2.019072e+17 | F17: 11AI | G17: A2019-1394502 | H17: 1342816 | J17: IND | K17: INDIVIDUAL | N17: FRASER, JANE N | O17: Q | P17: C | Q17: B | R17: JANE | S17: N | T17: FRASER | V17: 201 S. BISCAYNE BLVD. | W17: MIAMI CENTER | X17: MIAMI | Y17: FL | Z17: 33131 | AA17: CITIBANK N.A. | AB17: MANAGING DIRECTOR | AD17: 15 | AE17: CONTRIBUTION | AI17: 43644 | AJ17: 192.3 | AK17: 2499.9 | BG17: P | BI17: PRIMARY | BK17: A | BL17: ADD | BM17: ITEMIZED RECEIPTS | BN17: 43676.107 | BR17: F3X | BS17: 4.0719202e+18 | BT17: t | BV17: 2020 | BW17: SA | BY17: 4.0729202e+18 | BZ17: http://docquery.fec.gov/cgi-bin/fecimg/?201907199151532410 | CA17: Contributions From Individuals/Persons Other Than Political Committees
A18: C00039305 | B18: CITIGROUP INC. PAC - STATE (CITI PAC-STATE) | C18: 2019 | D18: M11 | E18: 2.019112e+17 | F18: 11AI | G18: A2019-2288700 | H18: 1363550 | J18: IND | K18: INDIVIDUAL | N18: FRASER, JANE N | O18: Q | P18: C | Q18: B | R18: JANE | S18: N | T18: FRASER | V18: 201 S. BISCAYNE BLVD. | W18: MIAMI CENTER | X18: MIAMI | Y18: FL | Z18: 33131 | AA18: CITIBANK N.A. | AB18: MANAGING DIRECTOR | AD18: 15 | AE18: CONTRIBUTION | AI18: 43742 | AJ18: 192.3 | AK18: 3846 | BG18: P | BI18: PRIMARY | BK18: A | BL18: ADD | BM18: ITEMIZED RECEIPTS | BN18: 43789.076 | BR18: F3X | BS18: 4.1119202e+18 | BT18: t | BV18: 2020 | BW18: SA | BY18: 4.1119202e+18 | BZ18: http://docquery.fec.gov/cgi-bin/fecimg/?201911199165586398 | CA18: Contributions From Individuals/Persons Other Than Political Committees
A19: C00039305 | B19: CITIGROUP INC. PAC - STATE (CITI PAC-STATE) | C19: 2019 | D19: M11 | E19: 2.019112e+17 | F19: 11AI | G19: A2019-2460998 | H19: 1363550 | J19: IND | K19: INDIVIDUAL | N19: FRASER, JANE N | O19: Q | P19: C | Q19: B | R19: JANE | S19: N | T19: FRASER | V19: 201 S. BISCAYNE BLVD. | W19: MIAMI CENTER | X19: MIAMI | Y19: FL | Z19: 33131 | AA19: CITIBANK N.A. | AB19: MANAGING DIRECTOR | AD19: 15 | AE19: CONTRIBUTION | AI19: 43756 | AJ19: 192.3 | AK19: 4038.3 | BG19: P | BI19: PRIMARY | BK19: A | BL19: ADD | BM19: ITEMIZED RECEIPTS | BN19: 43789.076 | BR19: F3X | BS19: 4.1119202e+18 | BT19: t | BV19: 2020 | BW19: SA | BY19: 4.1119202e+18 | BZ19: http://docquery.fec.gov/cgi-bin/fecimg/?201911199165586398 | CA19: Contributions From Individuals/Persons Other Than Political Committees
A20: C00039305 | B20: CITIGROUP INC. PAC - STATE (CITI PAC-STATE) | C20: 2019 | D20: M8 | E20: 2.0190821e+17 | F20: 11AI | G20: A2019-1507795 | H20: 1349111 | J20: IND | K20: INDIVIDUAL | N20: FRASER, JANE N | O20: Q | P20: C | Q20: B | R20: JANE | S20: N | T20: FRASER | V20: 201 S. BISCAYNE BLVD. | W20: MIAMI CENTER | X20: MIAMI | Y20: FL | Z20: 33131 | AA20: CITIBANK N.A. | AB20: MANAGING DIRECTOR | AD20: 15 | AE20: CONTRIBUTION | AI20: 43658 | AJ20: 192.3 | AK20: 2692.2 | BG20: P | BI20: PRIMARY | BK20: A | BL20: ADD | BM20: ITEMIZED RECEIPTS | BN20: 43699.113 | BR20: F3X | BS20: 4.0820202e+18 | BT20: t | BV20: 2020 | BW20: SA | BY20: 4.0821202e+18 | BZ20: http://docquery.fec.gov/cgi-bin/fecimg/?201908209163011010 | CA20: Contributions From Individuals/Persons Other Than Political Committees
A21: C00039305 | B21: CITIGROUP INC. PAC - STATE (CITI PAC-STATE) | C21: 2019 | D21: M8 | E21: 2.0190821e+17 | F21: 11AI | G21: A2019-1676951 | H21: 1349111 | J21: IND | K21: INDIVIDUAL | N21: FRASER, JANE N | O21: Q | P21: C | Q21: B | R21: JANE | S21: N | T21: FRASER | V21: 201 S. BISCAYNE BLVD. | W21: MIAMI CENTER | X21: MIAMI | Y21: FL | Z21: 33131 | AA21: CITIBANK N.A. | AB21: MANAGING DIRECTOR | AD21: 15 | AE21: CONTRIBUTION | AI21: 43672 | AJ21: 192.3 | AK21: 2884.5 | BG21: P | BI21: PRIMARY | BK21: A | BL21: ADD | BM21: ITEMIZED RECEIPTS | BN21: 43699.113 | BR21: F3X | BS21: 4.0820202e+18 | BT21: t | BV21: 2020 | BW21: SA | BY21: 4.0821202e+18 | BZ21: http://docquery.fec.gov/cgi-bin/fecimg/?201908209163011011 | CA21: Contributions From Individuals/Persons Other Than Political Committees
A22: C00401224 | B22: ACTBLUE | C22: 2019 | D22: MY | E22: 2.019073e+17 | F22: 11AI | G22: SA11AI_151476481 | H22: 1344765 | J22: IND | K22: INDIVIDUAL | N22: FRASER, JANE | O22: W | Q22: U | R22: JANE | T22: FRASER | V22: 1201 W MOUNT ROYAL AVE 646 | X22: BALTIMORE | Y22: MD | Z22: 21217 | AA22: SMITHSONIAN | AB22: DESIGNER | AF22: EARMARK | AI22: 43548 | AJ22: 25 | AK22: 31 | BK22: A | BL22: ADD | BM22: ITEMIZED RECEIPTS | BN22: 43706.642 | BR22: F3X | BS22: 4.0801202e+18 | BT22: t | BU22: EARMARKED FOR PETE FOR AMERICA, INC (C00697441) | BV22: 2020 | BW22: SA | BY22: 4.0828202e+18 | BZ22: http://docquery.fec.gov/cgi-bin/fecimg/?201907299154046181 | CA22: Contributions From Individuals/Persons Other Than Political Committees
A23: C00401224 | B23: ACTBLUE | C23: 2019 | D23: MY | E23: 2.019073e+17 | F23: 11AI | G23: SA11AI_158972677 | H23: 1344765 | J23: IND | K23: INDIVIDUAL | N23: FRASER, JANE | O23: W | Q23: U | R23: JANE | T23: FRASER | V23: 7583 SALT CREEK RD | X23: PUEBLO | Y23: CO | Z23: 81004 | AA23: COLO STATE U - PUEBLO | AB23: PROFESSOR | AF23: CONTRIBUTION TO ACT BLUE | AI23: 43611 | AJ23: 5 | AK23: 35 | BK23: A | BL23: ADD | BM23: ITEMIZED RECEIPTS | BN23: 43706.642 | BR23: F3X | BS23: 4.0801202e+18 | BT23: t | BU23: CONTRIBUTION TO ACTBLUE | BV23: 2020 | BW23: SA | BY23: 4.0828202e+18 | BZ23: http://docquery.fec.gov/cgi-bin/fecimg/?201907299154046183 | CA23: Contributions From Individuals/Persons Other Than Political Committees
A24: C00401224 | B24: ACTBLUE | C24: 2019 | D24: MY | E24: 2.019073e+17 | F24: 11AI | G24: SA11AI_152551790 | H24: 1344765 | J24: IND | K24: INDIVIDUAL | N24: FRASER, JANE | O24: W | Q24: U | R24: JANE | T24: FRASER | V24: 7583 SALT CREEK RD | X24: PUEBLO | Y24: CO | Z24: 81004 | AA24: COLO STATE U - PUEBLO | AB24: PROFESSOR | AF24: CONTRIBUTION TO ACT BLUE | AI24: 43555 | AJ24: 10 | AK24: 35 | BK24: A | BL24: ADD | BM24: ITEMIZED RECEIPTS | BN24: 43706.642 | BR24: F3X | BS24: 4.0801202e+18 | BT24: t | BU24: CONTRIBUTION TO ACTBLUE | BV24: 2020 | BW24: SA | BY24: 4.0828202e+18 | BZ24: http://docquery.fec.gov/cgi-bin/fecimg/?201907299154046182 | CA24: Contributions From Individuals/Persons Other Than Political Committees
A25: C00401224 | B25: ACTBLUE | C25: 2019 | D25: MY | E25: 2.019073e+17 | F25: 11AI | G25: SA11AI_156689510 | H25: 1344765 | J25: IND | K25: INDIVIDUAL | N25: FRASER, JANE | O25: W | Q25: U | R25: JANE | T25: FRASER | V25: 1201 W MOUNT ROYAL AVE 646 | X25: BALTIMORE | Y25: MD | Z25: 21217 | AA25: SMITHSONIAN | AB25: DESIGNER | AF25: EARMARK | AI25: 43589 | AJ25: 3 | AK25: 31 | BK25: A | BL25: ADD | BM25: ITEMIZED RECEIPTS | BN25: 43706.658 | BR25: F3X | BS25: 4.0801202e+18 | BT25: t | BU25: EARMARKED FOR PETE FOR AMERICA, INC (C00697441) | BV25: 2020 | BW25: SA | BY25: 4.0828202e+18 | BZ25: http://docquery.fec.gov/cgi-bin/fecimg/?201907299154046183 | CA25: Contributions From Individuals/Persons Other Than Political Committees
A26: C00401224 | B26: ACTBLUE | C26: 2019 | D26: MY | E26: 2.019073e+17 | F26: 11AI | G26: SA11AI_147667279 | H26: 1344765 | J26: IND | K26: INDIVIDUAL | N26: FRASER, JANE | O26: W | Q26: U | R26: JANE | T26: FRASER | V26: 7583 SALT CREEK RD | X26: PUEBLO | Y26: CO | Z26: 81004 | AA26: COLO STATE U - PUEBLO | AB26: PROFESSOR | AF26: CONTRIBUTION TO ACT BLUE | AI26: 43515 | AJ26: 10 | AK26: 35 | BK26: A | BL26: ADD | BM26: ITEMIZED RECEIPTS | BN26: 43706.658 | BR26: F3X | BS26: 4.0801202e+18 | BT26: t | BU26: CONTRIBUTION TO ACTBLUE | BV26: 2020 | BW26: SA | BY26: 4.0828202e+18 | BZ26: http://docquery.fec.gov/cgi-bin/fecimg/?201907299154046180 | CA26: Contributions From Individuals/Persons Other Than Political Committees
A27: C00401224 | B27: ACTBLUE | C27: 2019 | D27: MY | E27: 2.019073e+17 | F27: 11AI | G27: SA11AI_151943648 | H27: 1344765 | J27: IND | K27: INDIVIDUAL | N27: FRASER, JANE | O27: W | Q27: U | R27: JANE | T27: FRASER | V27: 7583 SALT CREEK RD | X27: PUEBLO | Y27: CO | Z27: 81004 | AA27: COLO STATE U - PUEBLO | AB27: PROFESSOR | AF27: CONTRIBUTION TO ACT BLUE | AI27: 43552 | AJ27: 10 | AK27: 35 | BK27: A | BL27: ADD | BM27: ITEMIZED RECEIPTS | BN27: 43706.731 | BR27: F3X | BS27: 4.0801202e+18 | BT27: t | BU27: CONTRIBUTION TO ACTBLUE | BV27: 2020 | BW27: SA | BY27: 4.0828202e+18 | BZ27: http://docquery.fec.gov/cgi-bin/fecimg/?201907299154046181 | CA27: Contributions From Individuals/Persons Other Than Political Committees
A28: C00401224 | B28: ACTBLUE | C28: 2019 | D28: MY | E28: 2.019073e+17 | F28: 11AI | G28: SA11AI_158972666 | H28: 1344765 | J28: IND | K28: INDIVIDUAL | N28: FRASER, JANE | O28: W | Q28: U | R28: JANE | T28: FRASER | V28: 7583 SALT CREEK RD | X28: PUEBLO | Y28: CO | Z28: 81004 | AA28: COLO STATE U - PUEBLO | AB28: PROFESSOR | AF28: EARMARK | AI28: 43611 | AJ28: 50 | AK28: 50 | BK28: A | BL28: ADD | BM28: ITEMIZED RECEIPTS | BN28: 43706.75 | BR28: F3X | BS28: 4.0801202e+18 | BT28: t | BU28: EARMARKED FOR DEMOCRACY FOR AMERICA (C00370007) | BV28: 2020 | BW28: SA | BY28: 4.0828202e+18 | BZ28: http://docquery.fec.gov/cgi-bin/fecimg/?201907299154046183 | CA28: Contributions From Individuals/Persons Other Than Political Committees
A29: C00401224 | B29: ACTBLUE | C29: 2019 | D29: MY | E29: 2.019073e+17 | F29: 11AI | G29: SA11AI_155730363 | H29: 1344765 | J29: IND | K29: INDIVIDUAL | N29: FRASER, JANE | O29: W | Q29: U | R29: JANE | T29: FRASER | V29: 1201 W MOUNT ROYAL AVE 646 | X29: BALTIMORE | Y29: MD | Z29: 21217 | AA29: SMITHSONIAN | AB29: DESIGNER | AF29: EARMARK | AI29: 43582 | AJ29: 3 | AK29: 31 | BK29: A | BL29: ADD | BM29: ITEMIZED RECEIPTS | BN29: 43706.844 | BR29: F3X | BS29: 4.0801202e+18 | BT29: t | BU29: EARMARKED FOR PETE FOR AMERICA, INC (C00697441) | BV29: 2020 | BW29: SA | BY29: 4.0828202e+18 | BZ29: http://docquery.fec.gov/cgi-bin/fecimg/?201907299154046182 | CA29: Contributions From Individuals/Persons Other Than Political Committees
A30: C00709196 | B30: BOWMAN FOR CONGRESS | C30: 2020 | D30: Q3 | E30: 2.0201204e+17 | F30: 11AI | G30: 5461157 | H30: 1478470 | J30: IND | K30: INDIVIDUAL | L30: C00401224 | N30: FRASER, JANE M | O30: H | Q30: P | R30: JANE M | T30: FRASER | V30: 7583 SALT CREEK RD | X30: PUEBLO | Y30: CO | Z30: 810049787 | AA30: COLORADO STATE UNIVERSITY - PUEBLO | AB30: PROFESSOR | AC30: C00401224 | AD30: 15E | AE30: EARMARKED CONTRIBUTION | AI30: 44024 | AJ30: 100 | AK30: 800 | BG30: P2020 | BI30: PRIMARY | BJ30: 2020 | BK30: N | BL30: NO CHANGE | BM30: ITEMIZED RECEIPTS | BN30: 44178.148 | BP30: 5461157E | BQ30: SA11AI | BR30: F3 | BS30: 4.1204202e+18 | BT30: t | BU30: * EARMARKED CONTRIBUTION: SEE BELOW | BV30: 2020 | BW30: SA | BY30: 4.1213202e+18 | BZ30: http://docquery.fec.gov/cgi-bin/fecimg/?202012039338180898 | CA30: Contributions From Individuals/Persons Other Than Political Committees
A31: C00039305 | B31: CITIGROUP INC. PAC - STATE (CITI PAC-STATE) | C31: 2019 | D31: M9 | E31: 2.0190921e+17 | F31: 11AI | G31: A2019-1773074 | H31: 1353294 | J31: IND | K31: INDIVIDUAL | N31: FRASER, JANE N | O31: Q | P31: C | Q31: B | R31: JANE | S31: N | T31: FRASER | V31: 201 S. BISCAYNE BLVD. | W31: MIAMI CENTER | X31: MIAMI | Y31: FL | Z31: 33131 | AA31: CITIBANK N.A. | AB31: MANAGING DIRECTOR | AD31: 15 | AE31: CONTRIBUTION | AI31: 43686 | AJ31: 192.3 | AK31: 3076.8 | BG31: P | BI31: PRIMARY | BK31: A | BL31: ADD | BM31: ITEMIZED RECEIPTS | BN31: 43729.124 | BR31: F3X | BS31: 4.0920202e+18 | BT31: t | BV31: 2020 | BW31: SA | BY31: 4.0920202e+18 | BZ31: http://docquery.fec.gov/cgi-bin/fecimg/?201909209163463348 | CA31: Contributions From Individuals/Persons Other Than Political Committees
A32: C00039305 | B32: CITIGROUP INC. PAC - STATE (CITI PAC-STATE) | C32: 2019 | D32: M9 | E32: 2.0190921e+17 | F32: 11AI | G32: A2019-1958602 | H32: 1353294 | J32: IND | K32: INDIVIDUAL | N32: FRASER, JANE N | O32: Q | P32: C | Q32: B | R32: JANE | S32: N | T32: FRASER | V32: 201 S. BISCAYNE BLVD. | W32: MIAMI CENTER | X32: MIAMI | Y32: FL | Z32: 33131 | AA32: CITIBANK N.A. | AB32: MANAGING DIRECTOR | AD32: 15 | AE32: CONTRIBUTION | AI32: 43700 | AJ32: 192.3 | AK32: 3269.1 | BG32: P | BI32: PRIMARY | BK32: A | BL32: ADD | BM32: ITEMIZED RECEIPTS | BN32: 43729.124 | BR32: F3X | BS32: 4.0920202e+18 | BT32: t | BV32: 2020 | BW32: SA | BY32: 4.0920202e+18 | BZ32: http://docquery.fec.gov/cgi-bin/fecimg/?201909209163463349 | CA32: Contributions From Individuals/Persons Other Than Political Committees
A33: C00039305 | B33: CITIGROUP INC. PAC - STATE (CITI PAC-STATE) | C33: 2019 | D33: M10 | E33: 2.0191019e+17 | F33: 11AI | G33: A2019-1996146 | H33: 1359958 | J33: IND | K33: INDIVIDUAL | N33: FRASER, JANE N | O33: Q | P33: C | Q33: B | R33: JANE | S33: N | T33: FRASER | V33: 201 S. BISCAYNE BLVD. | W33: MIAMI CENTER | X33: MIAMI | Y33: FL | Z33: 33131 | AA33: CITIBANK N.A. | AB33: MANAGING DIRECTOR | AD33: 15 | AE33: CONTRIBUTION | AI33: 43714 | AJ33: 192.3 | AK33: 3461.4 | BG33: P | BI33: PRIMARY | BK33: A | BL33: ADD | BM33: ITEMIZED RECEIPTS | BN33: 43763.113 | BR33: F3X | BS33: 4.1018202e+18 | BT33: t | BV33: 2020 | BW33: SA | BY33: 4.1024202e+18 | BZ33: http://docquery.fec.gov/cgi-bin/fecimg/?201910189165080446 | CA33: Contributions From Individuals/Persons Other Than Political Committees
A34: C00039305 | B34: CITIGROUP INC. PAC - STATE (CITI PAC-STATE) | C34: 2019 | D34: M10 | E34: 2.0191019e+17 | F34: 11AI | G34: A2019-2203388 | H34: 1359958 | J34: IND | K34: INDIVIDUAL | N34: FRASER, JANE N | O34: Q | P34: C | Q34: B | R34: JANE | S34: N | T34: FRASER | V34: 201 S. BISCAYNE BLVD. | W34: MIAMI CENTER | X34: MIAMI | Y34: FL | Z34: 33131 | AA34: CITIBANK N.A. | AB34: MANAGING DIRECTOR | AD34: 15 | AE34: CONTRIBUTION | AI34: 43728 | AJ34: 192.3 | AK34: 3653.7 | BG34: P | BI34: PRIMARY | BK34: A | BL34: ADD | BM34: ITEMIZED RECEIPTS | BN34: 43763.113 | BR34: F3X | BS34: 4.1018202e+18 | BT34: t | BV34: 2020 | BW34: SA | BY34: 4.1024202e+18 | BZ34: http://docquery.fec.gov/cgi-bin/fecimg/?201910189165080447 | CA34: Contributions From Individuals/Persons Other Than Political Committees
A35: C00008474 | B35: CITIGROUP INC. POLITICAL ACTION COMMITTEE - FEDERAL (CITIGROUP PAC-FEDERAL) | C35: 2019 | D35: M12 | E35: 2.0191217e+17 | F35: 11AI | G35: A2019-2693255 | H35: 1366346 | J35: IND | K35: INDIVIDUAL | N35: FRASER, JANE N | O35: Q | P35: C | Q35: B | R35: JANE | S35: N | T35: FRASER | V35: 201 S. BISCAYNE BLVD. | W35: MIAMI CENTER | X35: MIAMI | Y35: FL | Z35: 33131 | AA35: CITIBANK N.A. | AB35: MANAGING DIRECTOR | AD35: 15 | AE35: CONTRIBUTION | AI35: 43784 | AJ35: 192.3 | AK35: 384.6 | BG35: P | BI35: PRIMARY | BK35: A | BL35: ADD | BM35: ITEMIZED RECEIPTS | BN35: 43816.068 | BR35: F3X | BS35: 4.1216202e+18 | BT35: t | BV35: 2020 | BW35: SA | BY35: 4.1216202e+18 | BZ35: http://docquery.fec.gov/cgi-bin/fecimg/?201912169166293817 | CA35: Contributions From Individuals/Persons Other Than Political Committees
A36: C00008474 | B36: CITIGROUP INC. POLITICAL ACTION COMMITTEE - FEDERAL (CITIGROUP PAC-FEDERAL) | C36: 2019 | D36: M12 | E36: 2.0191217e+17 | F36: 11AI | G36: A2019-2737348 | H36: 1366346 | J36: IND | K36: INDIVIDUAL | N36: FRASER, JANE N | O36: Q | P36: C | Q36: B | R36: JANE | S36: N | T36: FRASER | V36: 201 S. BISCAYNE BLVD. | W36: MIAMI CENTER | X36: MIAMI | Y36: FL | Z36: 33131 | AA36: CITIBANK N.A. | AB36: MANAGING DIRECTOR | AD36: 15 | AE36: CONTRIBUTION | AI36: 43798 | AJ36: 192.3 | AK36: 576.9 | BG36: P | BI36: PRIMARY | BK36: A | BL36: ADD | BM36: ITEMIZED RECEIPTS | BN36: 43816.068 | BR36: F3X | BS36: 4.1216202e+18 | BT36: t | BV36: 2020 | BW36: SA | BY36: 4.1216202e+18 | BZ36: http://docquery.fec.gov/cgi-bin/fecimg/?201912169166293817 | CA36: Contributions From Individuals/Persons Other Than Political Committees
A37: C00003418 | B37: REPUBLICAN NATIONAL COMMITTEE | C37: 2020 | D37: M9 | E37: 2.0200921e+17 | F37: 12 | G37: SA.92033097.1.TM30 | H37: 1440221 | J37: IND | K37: INDIVIDUAL | N37: FRASER, JANET | O37: Y | Q37: U | R37: JANET | T37: FRASER | V37: 33 WEST EVERGLADE AVENUE | X37: CLOVIS | Y37: CA | Z37: 936198745 | AA37: PGE | AB37: SUPERVISOR | AD37: 15J | AE37: MEMO (FILER'S % OF CONTRIBUTION GIVEN TO JOIN | AF37: CONTRIBUTION | AG37: X | AI37: 43984 | AJ37: 25 | AK37: 275 | BG37: P | BI37: PRIMARY | BK37: A | BL37: ADD | BM37: ITEMIZED RECEIPTS | BN37: 44120.156 | BP37: SA12.94284179 | BQ37: SA12 | BR37: F3X | BS37: 4.0921202e+18 | BT37: t | BU37: TRANSFER FROM TRUMP MAKE AMERICA GREAT AGAIN COMMITTEE | BV37: 2020 | BW37: SA | BY37: 4.1016202e+18 | BZ37: http://docquery.fec.gov/cgi-bin/fecimg/?202009209275724987 | CA37: Transfers from Authorized Committees
A38: C00003418 | B38: REPUBLICAN NATIONAL COMMITTEE | C38: 2020 | D38: M9 | E38: 2.0200921e+17 | F38: 11AI | G38: SA11A.95798569 | H38: 1440221 | J38: IND | K38: INDIVIDUAL | L38: COO694323 | N38: FRASER, JANET | O38: Y | Q38: U | R38: JANET | T38: FRASER | V38: 33 WEST EVERGLADE AVENUE | X38: CLOVIS | Y38: CA | Z38: 936198745 | AA38: PGE | AB38: SUPERVISOR | AC38: COO694323 | AD38: 15E | AE38: EARMARKED CONTRIBUTION | AF38: CONTRIBUTION | AI38: 44074 | AJ38: 100 | AK38: 275 | BG38: P | BI38: PRIMARY | BK38: A | BL38: ADD | BM38: ITEMIZED RECEIPTS | BN38: 44120.173 | BP38: SA11C.95730975627516 | BQ38: SA11AI | BR38: F3X | BS38: 4.0921202e+18 | BT38: t | BU38: EARMARKED FROM WINRED | BV38: 2020 | BW38: SA | BY38: 4.1016202e+18 | BZ38: http://docquery.fec.gov/cgi-bin/fecimg/?202009209275692071 | CA38: Contributions From Individuals/Persons Other Than Political Committees
A39: C00008474 | B39: CITIGROUP INC. POLITICAL ACTION COMMITTEE - FEDERAL (CITIGROUP PAC-FEDERAL) | C39: 2019 | D39: YE | E39: 2.0200131e+17 | F39: 11AI | G39: A2019-2953435 | H39: 1375290 | J39: IND | K39: INDIVIDUAL | N39: FRASER, JANE N | O39: Q | P39: C | Q39: B | R39: JANE | S39: N | T39: FRASER | V39: 201 S. BISCAYNE BLVD. | W39: MIAMI CENTER | X39: MIAMI | Y39: FL | Z39: 33131 | AA39: CITIBANK N.A. | AB39: MANAGING DIRECTOR | AD39: 15 | AE39: CONTRIBUTION | AI39: 43812 | AJ39: 192.3 | AK39: 769.2 | BG39: P | BI39: PRIMARY | BK39: A | BL39: ADD | BM39: ITEMIZED RECEIPTS | BN39: 43881.092 | BR39: F3X | BS39: 4.0130202e+18 | BT39: t | BV39: 2020 | BW39: SA | BY39: 4.0219202e+18 | BZ39: http://docquery.fec.gov/cgi-bin/fecimg/?202001309182438086 | CA39: Contributions From Individuals/Persons Other Than Political Committees
A40: C00008474 | B40: CITIGROUP INC. POLITICAL ACTION COMMITTEE - FEDERAL (CITIGROUP PAC-FEDERAL) | C40: 2019 | D40: YE | E40: 2.0200131e+17 | F40: 11AI | G40: A2019-3118638 | H40: 1375290 | J40: IND | K40: INDIVIDUAL | N40: FRASER, JANE N | O40: Q | P40: C | Q40: B | R40: JANE | S40: N | T40: FRASER | V40: 201 S. BISCAYNE BLVD. | W40: MIAMI CENTER | X40: MIAMI | Y40: FL | Z40: 33131 | AA40: CITIBANK N.A. | AB40: MANAGING DIRECTOR | AD40: 15 | AE40: CONTRIBUTION | AI40: 43826 | AJ40: 192.3 | AK40: 961.5 | BG40: P | BI40: PRIMARY | BK40: A | BL40: ADD | BM40: ITEMIZED RECEIPTS | BN40: 43881.092 | BR40: F3X | BS40: 4.0130202e+18 | BT40: t | BV40: 2020 | BW40: SA | BY40: 4.0219202e+18 | BZ40: http://docquery.fec.gov/cgi-bin/fecimg/?202001309182438086 | CA40: Contributions From Individuals/Persons Other Than Political Committees
A41: C00008474 | B41: CITIGROUP INC. POLITICAL ACTION COMMITTEE - FEDERAL (CITIGROUP PAC-FEDERAL) | C41: 2020 | D41: M2 | E41: 2.020022e+17 | F41: 11AI | G41: A2020-54921 | H41: 1383305 | J41: IND | K41: INDIVIDUAL | N41: FRASER, JANE N | O41: Q | P41: C | Q41: B | R41: JANE | S41: N | T41: FRASER | V41: 201 S. BISCAYNE BLVD. | W41: MIAMI CENTER | X41: MIAMI | Y41: FL | Z41: 33131 | AA41: CITIBANK N.A. | AB41: MANAGING DIRECTOR | AD41: 15 | AE41: CONTRIBUTION | AI41: 43854 | AJ41: 192.3 | AK41: 384.6 | BG41: P | BI41: PRIMARY | BK41: A | BL41: ADD | BM41: ITEMIZED RECEIPTS | BN41: 43888.064 | BR41: F3X | BS41: 4.0219202e+18 | BT41: t | BV41: 2020 | BW41: SA | BY41: 4.0226202e+18 | BZ41: http://docquery.fec.gov/cgi-bin/fecimg/?202002199186521400 | CA41: Contributions From Individuals/Persons Other Than Political Committees
A42: C00401224 | B42: ACTBLUE | C42: 2019 | D42: YE | E42: 2.020013e+17 | F42: 11AI | G42: SA11AI_186185595 | H42: 1378435 | J42: IND | K42: INDIVIDUAL | N42: FRASER, JANE | O42: V | Q42: U | R42: JANE | T42: FRASER | V42: 1201 W MOUNT ROYAL AVE 646 | X42: BALTIMORE | Y42: MD | Z42: 21217 | AA42: NATIONAL MUSEUM OF AFRICAN AMERICAN HI | AB42: EXHIBIT DESIGNER | AF42: EARMARK | AI42: 43771 | AJ42: 3 | AK42: 57 | BF42: _x000D_ | BK42: A | BL42: ADD | BM42: ITEMIZED RECEIPTS | BN42: 43894.312 | BR42: F3X | BS42: 4.0201202e+18 | BT42: t | BU42: EARMARKED FOR PETE FOR AMERICA, INC (C00697441) | BV42: 2020 | BW42: SA | BY42: 4.0302202e+18 | BZ42: http://docquery.fec.gov/cgi-bin/fecimg/?202001299169852337 | CA42: Contributions From Individuals/Persons Other Than Political Committees
A43: C00401224 | B43: ACTBLUE | C43: 2019 | D43: YE | E43: 2.020013e+17 | F43: 11AI | G43: SA11AI_188579912 | H43: 1378435 | J43: IND | K43: INDIVIDUAL | N43: FRASER, JANE | O43: V | Q43: U | R43: JANE | T43: FRASER | V43: 1201 W MOUNT ROYAL AVE 646 | X43: BALTIMORE | Y43: MD | Z43: 21217 | AA43: NATIONAL MUSEUM OF AFRICAN AMERICAN HI | AB43: EXHIBIT DESIGNER | AF43: EARMARK | AI43: 43786 | AJ43: 10 | AK43: 57 | BF43: _x000D_ | BK43: A | BL43: ADD | BM43: ITEMIZED RECEIPTS | BN43: 43894.35 | BR43: F3X | BS43: 4.0201202e+18 | BT43: t | BU43: EARMARKED FOR PETE FOR AMERICA, INC (C00697441) | BV43: 2020 | BW43: SA | BY43: 4.0302202e+18 | BZ43: http://docquery.fec.gov/cgi-bin/fecimg/?202001299169852337 | CA43: Contributions From Individuals/Persons Other Than Political Committees
A44: C00401224 | B44: ACTBLUE | C44: 2019 | D44: YE | E44: 2.020013e+17 | F44: 11AI | G44: SA11AI_167243719 | H44: 1378435 | J44: IND | K44: INDIVIDUAL | N44: FRASER, JANE | O44: V | Q44: U | R44: JANE | T44: FRASER | V44: 1201 W MOUNT ROYAL AVE 646 | X44: BALTIMORE | Y44: MD | Z44: 21217 | AA44: NATIONAL MUSEUM OF AFRICAN AMERICAN HI | AB44: EXHIBIT DESIGNER | AF44: EARMARK | AI44: 43665 | AJ44: 10 | AK44: 57 | BF44: _x000D_ | BK44: A | BL44: ADD | BM44: ITEMIZED RECEIPTS | BN44: 43894.398 | BR44: F3X | BS44: 4.0201202e+18 | BT44: t | BU44: EARMARKED FOR PETE FOR AMERICA, INC (C00697441) | BV44: 2020 | BW44: SA | BY44: 4.0302202e+18 | BZ44: http://docquery.fec.gov/cgi-bin/fecimg/?202001299169852336 | CA44: Contributions From Individuals/Persons Other Than Political Committees
A45: C00401224 | B45: ACTBLUE | C45: 2019 | D45: YE | E45: 2.020013e+17 | F45: 11AI | G45: SA11AI_177160546 | H45: 1378435 | J45: IND | K45: INDIVIDUAL | N45: FRASER, JANE | O45: V | Q45: U | R45: JANE | T45: FRASER | V45: 1201 W MOUNT ROYAL AVE 646 | X45: BALTIMORE | Y45: MD | Z45: 21217 | AA45: NATIONAL MUSEUM OF AFRICAN AMERICAN HI | AB45: EXHIBIT DESIGNER | AF45: EARMARK | AI45: 43723 | AJ45: 3 | AK45: 57 | BF45: _x000D_ | BK45: A | BL45: ADD | BM45: ITEMIZED RECEIPTS | BN45: 43894.436 | BR45: F3X | BS45: 4.0201202e+18 | BT45: t | BU45: EARMARKED FOR PETE FOR AMERICA, INC (C00697441) | BV45: 2020 | BW45: SA | BY45: 4.0302202e+18 | BZ45: http://docquery.fec.gov/cgi-bin/fecimg/?202001299169852336 | CA45: Contributions From Individuals/Persons Other Than Political Committees
A46: C00401224 | B46: ACTBLUE | C46: 2019 | D46: YE | E46: 2.020013e+17 | F46: 11AI | G46: SA11AI_194610801 | H46: 1378435 | J46: IND | K46: INDIVIDUAL | N46: FRASER, JANE | O46: V | Q46: U | R46: JANE | T46: FRASER | V46: 320 FLORIDA AVE NE UNIT 922 | X46: WASHINGTON | Y46: DC | Z46: 20002 | AA46: SMITHSONIAN INSTITUTION | AB46: EXHIBIT DESIGNER | AF46: CONTRIBUTION TO ACT BLUE | AI46: 43819 | AJ46: 2.5 | AK46: 2.5 | BF46: _x000D_ | BK46: A | BL46: ADD | BM46: ITEMIZED RECEIPTS | BN46: 43894.469 | BR46: F3X | BS46: 4.0201202e+18 | BT46: t | BU46: CONTRIBUTION TO ACTBLUE | BV46: 2020 | BW46: SA | BY46: 4.0302202e+18 | BZ46: http://docquery.fec.gov/cgi-bin/fecimg/?202001299169852338 | CA46: Contributions From Individuals/Persons Other Than Political Committees
A47: C00401224 | B47: ACTBLUE | C47: 2019 | D47: YE | E47: 2.020013e+17 | F47: 11AI | G47: SA11AI_194610800 | H47: 1378435 | J47: IND | K47: INDIVIDUAL | N47: FRASER, JANE | O47: V | Q47: U | R47: JANE | T47: FRASER | V47: 320 FLORIDA AVE NE UNIT 922 | X47: WASHINGTON | Y47: DC | Z47: 20002 | AA47: SMITHSONIAN INSTITUTION | AB47: EXHIBIT DESIGNER | AF47: EARMARK | AI47: 43819 | AJ47: 25 | AK47: 25 | BF47: _x000D_ | BK47: A | BL47: ADD | BM47: ITEMIZED RECEIPTS | BN47: 43894.516 | BR47: F3X | BS47: 4.0201202e+18 | BT47: t | BU47: EARMARKED FOR AMY FOR AMERICA (C00696419) | BV47: 2020 | BW47: SA | BY47: 4.0302202e+18 | BZ47: http://docquery.fec.gov/cgi-bin/fecimg/?202001299169852337 | CA47: Contributions From Individuals/Persons Other Than Political Committees
A48: C00401224 | B48: ACTBLUE | C48: 2020 | D48: M2 | E48: 2.0200222e+17 | F48: 11AI | G48: SA11AI_200256970 | H48: 1385527 | J48: IND | K48: INDIVIDUAL | N48: FRASER, JANE | O48: V | Q48: U | R48: JANE | T48: FRASER | V48: 7583 SALT CREEK RD | X48: PUEBLO | Y48: CO | Z48: 810049787 | AA48: COLORADO STATE U-PUEBLO | AB48: PROFESSOR | AF48: CONTRIBUTION TO ACT BLUE | AI48: 43845 | AJ48: 5 | AK48: 5 | BK48: A | BL48: ADD | BM48: ITEMIZED RECEIPTS | BN48: 43915.258 | BR48: F3X | BS48: 4.0221202e+18 | BT48: t | BU48: CONTRIBUTION TO ACTBLUE | BV48: 2020 | BW48: SA | BY48: 4.0324202e+18 | BZ48: http://docquery.fec.gov/cgi-bin/fecimg/?202002219200544520 | CA48: Contributions From Individuals/Persons Other Than Political Committees
A49: C00401224 | B49: ACTBLUE | C49: 2020 | D49: M2 | E49: 2.0200222e+17 | F49: 11AI | G49: SA11AI_200795901 | H49: 1385527 | J49: IND | K49: INDIVIDUAL | N49: FRASER, JANE M | O49: V | Q49: U | R49: JANE M | T49: FRASER | V49: 7583 SALT CREEK ROAD | X49: PUEBLO | Y49: CO | Z49: 81004 | AA49: COLORADO STATE UNIVERSITY - PUEBLO | AB49: PROFESSOR | AF49: CONTRIBUTION TO ACT BLUE | AI49: 43847 | AJ49: 5 | AK49: 5 | BK49: A | BL49: ADD | BM49: ITEMIZED RECEIPTS | BN49: 43915.258 | BR49: F3X | BS49: 4.0221202e+18 | BT49: t | BU49: CONTRIBUTION TO ACTBLUE | BV49: 2020 | BW49: SA | BY49: 4.0324202e+18 | BZ49: http://docquery.fec.gov/cgi-bin/fecimg/?202002219200544521 | CA49: Contributions From Individuals/Persons Other Than Political Committees
A50: C00700534 | B50: ADRIENNE BELL FOR CONGRESS | C50: 2020 | D50: 12G | E50: 2.0201022e+17 | F50: 11AI | G50: VTQX8TTSXS7 | H50: 1459291 | J50: IND | K50: INDIVIDUAL | L50: C00401224 | N50: FRASER, JANE M | O50: H | Q50: P | R50: JANE M | T50: FRASER | V50: 7583 SALT CREEK RD | X50: PUEBLO | Y50: CO | Z50: 810049787 | AA50: COLORADO STATE UNIVERSITY - PUEBLO | AB50: PROFESSOR | AC50: C00401224 | AD50: 15E | AE50: EARMARKED CONTRIBUTION | AI50: 44115 | AJ50: 100 | AK50: 350 | BG50: G2020 | BI50: GENERAL | BJ50: 2020 | BK50: A | BL50: ADD | BM50: ITEMIZED RECEIPTS | BN50: 44145.151 | BP50: VTQX8TTSXS7E | BQ50: SA11AI | BR50: F3 | BS50: 4.1022202e+18 | BT50: t | BU50: * EARMARKED CONTRIBUTION: SEE BELOW | BV50: 2020 | BW50: SA | BY50: 4.1110202e+18 | BZ50: http://docquery.fec.gov/cgi-bin/fecimg/?202010219326743497 | CA50: Contributions From Individuals/Persons Other Than Political Committees
A51: C00401224 | B51: ACTBLUE | C51: 2020 | D51: M2 | E51: 2.0200222e+17 | F51: 11AI | G51: SA11AI_200256939 | H51: 1385527 | J51: IND | K51: INDIVIDUAL | N51: FRASER, JANE | O51: V | Q51: U | R51: JANE | T51: FRASER | V51: 7583 SALT CREEK RD | X51: PUEBLO | Y51: CO | Z51: 810049787 | AA51: COLORADO STATE U-PUEBLO | AB51: PROFESSOR | AF51: EARMARK | AI51: 43845 | AJ51: 100 | AK51: 100 | BK51: A | BL51: ADD | BM51: ITEMIZED RECEIPTS | BN51: 43915.29 | BR51: F3X | BS51: 4.0221202e+18 | BT51: t | BU51: EARMARKED FOR BOWMAN FOR CONGRESS (C00709196) | BV51: 2020 | BW51: SA | BY51: 4.0324202e+18 | BZ51: http://docquery.fec.gov/cgi-bin/fecimg/?202002219200544520 | CA51: Contributions From Individuals/Persons Other Than Political Committees
A52: C00008474 | B52: CITIGROUP INC. POLITICAL ACTION COMMITTEE - FEDERAL (CITIGROUP PAC-FEDERAL) | C52: 2020 | D52: M3 | E52: 2.0200321e+17 | F52: 11AI | G52: A2020-373091 | H52: 1391425 | J52: IND | K52: INDIVIDUAL | N52: FRASER, JANE N | O52: Q | P52: C | Q52: B | R52: JANE | S52: N | T52: FRASER | V52: 201 S. BISCAYNE BLVD. | W52: MIAMI CENTER | X52: MIAMI | Y52: FL | Z52: 33131 | AA52: CITIBANK N.A. | AB52: MANAGING DIRECTOR | AD52: 15 | AE52: CONTRIBUTION | AI52: 43882 | AJ52: 192.3 | AK52: 769.2 | BG52: P | BI52: PRIMARY | BK52: A | BL52: ADD | BM52: ITEMIZED RECEIPTS | BN52: 43915.323 | BR52: F3X | BS52: 4.0320202e+18 | BT52: t | BV52: 2020 | BW52: SA | BY52: 4.0324202e+18 | BZ52: http://docquery.fec.gov/cgi-bin/fecimg/?202003209204628311 | CA52: Contributions From Individuals/Persons Other Than Political Committees
A53: C00008474 | B53: CITIGROUP INC. POLITICAL ACTION COMMITTEE - FEDERAL (CITIGROUP PAC-FEDERAL) | C53: 2020 | D53: M3 | E53: 2.0200321e+17 | F53: 11AI | G53: A2020-131115 | H53: 1391425 | J53: IND | K53: INDIVIDUAL | N53: FRASER, JANE N | O53: Q | P53: C | Q53: B | R53: JANE | S53: N | T53: FRASER | V53: 201 S. BISCAYNE BLVD. | W53: MIAMI CENTER | X53: MIAMI | Y53: FL | Z53: 33131 | AA53: CITIBANK N.A. | AB53: MANAGING DIRECTOR | AD53: 15 | AE53: CONTRIBUTION | AI53: 43868 | AJ53: 192.3 | AK53: 576.9 | BG53: P | BI53: PRIMARY | BK53: A | BL53: ADD | BM53: ITEMIZED RECEIPTS | BN53: 43915.334 | BR53: F3X | BS53: 4.0320202e+18 | BT53: t | BV53: 2020 | BW53: SA | BY53: 4.0324202e+18 | BZ53: http://docquery.fec.gov/cgi-bin/fecimg/?202003209204628311 | CA53: Contributions From Individuals/Persons Other Than Political Committees
A54: C00401224 | B54: ACTBLUE | C54: 2020 | D54: M3 | E54: 2.0200321e+17 | F54: 11AI | G54: SA11AI_208094283 | H54: 1391686 | J54: IND | K54: INDIVIDUAL | N54: FRASER, JANE | O54: V | Q54: U | R54: JANE | T54: FRASER | V54: 320 FLORIDA AVE NE 922 | X54: WASHINGTON | Y54: DC | Z54: 20002 | AA54: SMITHSONIAN INSTITUTION | AB54: EXHIBIT DESIGNER | AF54: EARMARK | AI54: 43872 | AJ54: 19 | AK54: 48 | BK54: A | BL54: ADD | BM54: ITEMIZED RECEIPTS | BN54: 43924.439 | BR54: F3X | BS54: 4.0323202e+18 | BT54: t | BU54: EARMARKED FOR AMY FOR AMERICA (C00696419) | BV54: 2020 | BW54: SA | BY54: 4.0402202e+18 | BZ54: http://docquery.fec.gov/cgi-bin/fecimg/?202003209211085012 | CA54: Contributions From Individuals/Persons Other Than Political Committees
A55: C00401224 | B55: ACTBLUE | C55: 2020 | D55: M3 | E55: 2.0200321e+17 | F55: 11AI | G55: SA11AI_205607307 | H55: 1391686 | J55: IND | K55: INDIVIDUAL | N55: FRASER, JANE | O55: V | Q55: U | R55: JANE | T55: FRASER | V55: 320 FLORIDA AVE NE 922 | X55: WASHINGTON | Y55: DC | Z55: 20002 | AA55: SMITHSONIAN INSTITUTION | AB55: EXHIBIT DESIGNER | AF55: EARMARK | AI55: 43865 | AJ55: 19 | AK55: 48 | BK55: A | BL55: ADD | BM55: ITEMIZED RECEIPTS | BN55: 43924.472 | BR55: F3X | BS55: 4.0323202e+18 | BT55: t | BU55: EARMARKED FOR AMY FOR AMERICA (C00696419) | BV55: 2020 | BW55: SA | BY55: 4.0402202e+18 | BZ55: http://docquery.fec.gov/cgi-bin/fecimg/?202003209211085012 | CA55: Contributions From Individuals/Persons Other Than Political Committees
A56: C00401224 | B56: ACTBLUE | C56: 2020 | D56: M3 | E56: 2.0200321e+17 | F56: 11AI | G56: SA11AI_208750708 | H56: 1391686 | J56: IND | K56: INDIVIDUAL | N56: FRASER, JANE | O56: V | Q56: U | R56: JANE | T56: FRASER | V56: 320 FLORIDA AVE NE 922 | X56: WASHINGTON | Y56: DC | Z56: 20002 | AA56: SMITHSONIAN INSTITUTION | AB56: EXHIBIT DESIGNER | AF56: EARMARK | AI56: 43874 | AJ56: 10 | AK56: 48 | BK56: A | BL56: ADD | BM56: ITEMIZED RECEIPTS | BN56: 43924.505 | BR56: F3X | BS56: 4.0323202e+18 | BT56: t | BU56: EARMARKED FOR AMY FOR AMERICA (C00696419) | BV56: 2020 | BW56: SA | BY56: 4.0402202e+18 | BZ56: http://docquery.fec.gov/cgi-bin/fecimg/?202003209211085012 | CA56: Contributions From Individuals/Persons Other Than Political Committees
A57: C00008474 | B57: CITIGROUP INC. POLITICAL ACTION COMMITTEE - FEDERAL (CITIGROUP PAC-FEDERAL) | C57: 2020 | D57: M4 | E57: 2.0200421e+17 | F57: 11AI | G57: A2020-360421 | H57: 1402088 | J57: IND | K57: INDIVIDUAL | N57: FRASER, JANE N | O57: Q | P57: C | Q57: B | R57: JANE | S57: N | T57: FRASER | V57: 201 S. BISCAYNE BLVD. | W57: MIAMI CENTER | X57: MIAMI | Y57: FL | Z57: 33131 | AA57: CITIBANK N.A. | AB57: MANAGING DIRECTOR | AD57: 15 | AE57: CONTRIBUTION | AI57: 43896 | AJ57: 192.3 | AK57: 961.5 | BG57: P | BI57: PRIMARY | BK57: A | BL57: ADD | BM57: ITEMIZED RECEIPTS | BN57: 43942.08 | BR57: F3X | BS57: 4.0420202e+18 | BT57: t | BV57: 2020 | BW57: SA | BY57: 4.0420202e+18 | BZ57: http://docquery.fec.gov/cgi-bin/fecimg/?202004209219745754 | CA57: Contributions From Individuals/Persons Other Than Political Committees
A58: C00008474 | B58: CITIGROUP INC. POLITICAL ACTION COMMITTEE - FEDERAL (CITIGROUP PAC-FEDERAL) | C58: 2020 | D58: M4 | E58: 2.0200421e+17 | F58: 11AI | G58: A2020-561208 | H58: 1402088 | J58: IND | K58: INDIVIDUAL | N58: FRASER, JANE N | O58: Q | P58: C | Q58: B | R58: JANE | S58: N | T58: FRASER | V58: 201 S. BISCAYNE BLVD. | W58: MIAMI CENTER | X58: MIAMI | Y58: FL | Z58: 33131 | AA58: CITIBANK N.A. | AB58: MANAGING DIRECTOR | AD58: 15 | AE58: CONTRIBUTION | AI58: 43910 | AJ58: 192.3 | AK58: 1153.8 | BG58: P | BI58: PRIMARY | BK58: A | BL58: ADD | BM58: ITEMIZED RECEIPTS | BN58: 43942.08 | BR58: F3X | BS58: 4.0420202e+18 | BT58: t | BV58: 2020 | BW58: SA | BY58: 4.0420202e+18 | BZ58: http://docquery.fec.gov/cgi-bin/fecimg/?202004209219745754 | CA58: Contributions From Individuals/Persons Other Than Political Committees
A59: C00580100 | B59: DONALD J. TRUMP FOR PRESIDENT, INC. | C59: 2020 | D59: 12G | E59: 2.0210304e+17 | F59: 17A | G59: SA17A.427180 | H59: 1502733 | J59: IND | K59: INDIVIDUAL | N59: FRASER, JANET L | O59: P | Q59: P | R59: JANET | S59: L | T59: FRASER | V59: 82 VILLA POINT DR | X59: NEWPORT BEACH | Y59: CA | Z59: 92660 | AA59: RETIRED | AB59: RETIRED | AI59: 44111 | AJ59: 25 | AK59: 25 | BG59: G2020 | BI59: GENERAL | BJ59: 2020 | BK59: A | BL59: ADD | BM59: ITEMIZED RECEIPTS | BN59: 44264.158 | BR59: F3P | BS59: 4.0304202e+18 | BT59: t | BV59: 2020 | BW59: SA | BY59: 4.0309202e+18 | BZ59: https://docquery.fec.gov/cgi-bin/fecimg/?202103039440086687 | CA59: Contributions From Individuals/Persons Other Than Political Committees
A60: C00401224 | B60: ACTBLUE | C60: 2020 | D60: M4 | E60: 2.0200422e+17 | F60: 11AI | G60: SA11AI_223827413 | H60: 1402724 | J60: IND | K60: INDIVIDUAL | N60: FRASER, JANE M | O60: V | Q60: U | R60: JANE M | T60: FRASER | V60: 7583 SALT CREEK ROAD | X60: PUEBLO | Y60: CO | Z60: 81004 | AA60: COLORADO STATE UNIVERSITY - PUEBLO | AB60: PROFESSOR | AF60: EARMARK | AI60: 43921 | AJ60: 100 | AK60: 150 | BK60: A | BL60: ADD | BM60: ITEMIZED RECEIPTS | BN60: 43966.286 | BR60: F3X | BS60: 4.0420202e+18 | BT60: t | BU60: EARMARKED FOR BOWMAN FOR CONGRESS (C00709196) | BV60: 2020 | BW60: SA | BY60: 4.0514202e+18 | BZ60: http://docquery.fec.gov/cgi-bin/fecimg/?202004219228948024 | CA60: Contributions From Individuals/Persons Other Than Political Committees
A61: C00401224 | B61: ACTBLUE | C61: 2020 | D61: M4 | E61: 2.0200422e+17 | F61: 11AI | G61: SA11AI_215278554 | H61: 1402724 | J61: IND | K61: INDIVIDUAL | N61: FRASER, JANELLE | O61: V | Q61: U | R61: JANELLE | T61: FRASER | V61: 8410 UPPER SKY WAY 433 | X61: LAUREL | Y61: MD | Z61: 20723 | AA61: NOT EMPLOYED | AB61: NOT EMPLOYED | AF61: EARMARK | AI61: 43891 | AJ61: 2.7 | AK61: 3.7 | BK61: A | BL61: ADD | BM61: ITEMIZED RECEIPTS | BN61: 43966.288 | BR61: F3X | BS61: 4.0420202e+18 | BT61: t | BU61: EARMARKED FOR BERNIE 2020 (C00696948) | BV61: 2020 | BW61: SA | BY61: 4.0514202e+18 | BZ61: http://docquery.fec.gov/cgi-bin/fecimg/?202004219228948024 | CA61: Contributions From Individuals/Persons Other Than Political Committees
A62: C00401224 | B62: ACTBLUE | C62: 2020 | D62: M4 | E62: 2.0200422e+17 | F62: 11AI | G62: SA11AI_222037943 | H62: 1402724 | J62: IND | K62: INDIVIDUAL | N62: FRASER, JANE M | O62: V | Q62: U | R62: JANE M | T62: FRASER | V62: 7583 SALT CREEK ROAD | X62: PUEBLO | Y62: CO | Z62: 81004 | AA62: COLORADO STATE UNIVERSITY - PUEBLO | AB62: PROFESSOR | AF62: EARMARK | AI62: 43914 | AJ62: 50 | AK62: 150 | BK62: A | BL62: ADD | BM62: ITEMIZED RECEIPTS | BN62: 43966.302 | BR62: F3X | BS62: 4.0420202e+18 | BT62: t | BU62: EARMARKED FOR BOWMAN FOR CONGRESS (C00709196) | BV62: 2020 | BW62: SA | BY62: 4.0514202e+18 | BZ62: http://docquery.fec.gov/cgi-bin/fecimg/?202004219228948023 | CA62: Contributions From Individuals/Persons Other Than Political Committees
A63: C00401224 | B63: ACTBLUE | C63: 2020 | D63: M4 | E63: 2.0200422e+17 | F63: 11AI | G63: SA11AI_215278797 | H63: 1402724 | J63: IND | K63: INDIVIDUAL | N63: FRASER, JANELLE | O63: V | Q63: U | R63: JANELLE | T63: FRASER | V63: 8410 UPPER SKY WAY 433 | X63: LAUREL | Y63: MD | Z63: 20723 | AA63: NOT EMPLOYED | AB63: NOT EMPLOYED | AF63: EARMARK | AI63: 43891 | AJ63: 1 | AK63: 3.7 | BK63: A | BL63: ADD | BM63: ITEMIZED RECEIPTS | BN63: 43966.302 | BR63: F3X | BS63: 4.0420202e+18 | BT63: t | BU63: EARMARKED FOR BERNIE 2020 (C00696948) | BV63: 2020 | BW63: SA | BY63: 4.0514202e+18 | BZ63: http://docquery.fec.gov/cgi-bin/fecimg/?202004219228948025 | CA63: Contributions From Individuals/Persons Other Than Political Committees
A64: C00401224 | B64: ACTBLUE | C64: 2020 | D64: M4 | E64: 2.0200422e+17 | F64: 11AI | G64: SA11AI_215278602 | H64: 1402724 | J64: IND | K64: INDIVIDUAL | N64: FRASER, JANELLE | O64: V | Q64: U | R64: JANELLE | T64: FRASER | V64: 8410 UPPER SKY WAY 433 | X64: LAUREL | Y64: MD | Z64: 20723 | AA64: NOT EMPLOYED | AB64: NOT EMPLOYED | AF64: CONTRIBUTION TO ACT BLUE | AI64: 43891 | AJ64: 1 | AK64: 1 | BK64: A | BL64: ADD | BM64: ITEMIZED RECEIPTS | BN64: 43966.316 | BR64: F3X | BS64: 4.0420202e+18 | BT64: t | BU64: CONTRIBUTION TO ACTBLUE | BV64: 2020 | BW64: SA | BY64: 4.0514202e+18 | BZ64: http://docquery.fec.gov/cgi-bin/fecimg/?202004219228948024 | CA64: Contributions From Individuals/Persons Other Than Political Committees
A65: C00401224 | B65: ACTBLUE | C65: 2020 | D65: M4 | E65: 2.0200422e+17 | F65: 11AI | G65: SA11AI_222038013 | H65: 1402724 | J65: IND | K65: INDIVIDUAL | N65: FRASER, JANE M | O65: V | Q65: U | R65: JANE M | T65: FRASER | V65: 7583 SALT CREEK ROAD | X65: PUEBLO | Y65: CO | Z65: 81004 | AA65: COLORADO STATE UNIVERSITY - PUEBLO | AB65: PROFESSOR | AF65: CONTRIBUTION TO ACT BLUE | AI65: 43914 | AJ65: 5 | AK65: 10 | BK65: A | BL65: ADD | BM65: ITEMIZED RECEIPTS | BN65: 43966.334 | BR65: F3X | BS65: 4.0420202e+18 | BT65: t | BU65: CONTRIBUTION TO ACTBLUE | BV65: 2020 | BW65: SA | BY65: 4.0514202e+18 | BZ65: http://docquery.fec.gov/cgi-bin/fecimg/?202004219228948023 | CA65: Contributions From Individuals/Persons Other Than Political Committees
A66: C00694323 | B66: WINRED | C66: 2020 | D66: Q3 | E66: 2.0210126e+17 | F66: 11AI | G66: A4F15EE9DA2934547A73 | H66: 1490496 | J66: IND | K66: INDIVIDUAL | N66: FRASER, JANE | O66: V | Q66: U | R66: JANE | T66: FRASER | V66: 10500 WEIL RD | X66: CINCINNATI | Y66: OH | Z66: 452424518 | AA66: SELF-EMPLOYED | AB66: AGRICULTURE | AF66: EARMARKED FOR TRUMP MAKE AMERICA GREAT AGAIN COMMITTEE (C00618371) | AI66: 44054 | AJ66: 50 | AK66: 100 | BK66: A | BL66: ADD | BM66: ITEMIZED RECEIPTS | BN66: 44252.572 | BR66: F3X | BS66: 4.0125202e+18 | BT66: t | BV66: 2020 | BW66: SA | BY66: 4.0224202e+18 | BZ66: https://docquery.fec.gov/cgi-bin/fecimg/?202101259406802476 | CA66: Contributions From Individuals/Persons Other Than Political Committees
A67: C00694323 | B67: WINRED | C67: 2020 | D67: Q3 | E67: 2.0210126e+17 | F67: 11AI | G67: A959098E2EB944CF08EF | H67: 1490496 | J67: IND | K67: INDIVIDUAL | N67: FRASER, JANET | O67: V | Q67: U | R67: JANET | T67: FRASER | V67: 82 VILLA POINT DR | X67: NEWPORT BEACH | Y67: CA | Z67: 926606244 | AA67: RETIRED | AB67: RETIRED | AF67: EARMARKED FOR ELISE FOR CONGRESS (C00547893) | AI67: 44066 | AJ67: 10 | AK67: 80 | BK67: A | BL67: ADD | BM67: ITEMIZED RECEIPTS | BN67: 44252.574 | BR67: F3X | BS67: 4.0125202e+18 | BT67: t | BV67: 2020 | BW67: SA | BY67: 4.0224202e+18 | BZ67: https://docquery.fec.gov/cgi-bin/fecimg/?202101259407262021 | CA67: Contributions From Individuals/Persons Other Than Political Committees
A68: C00694323 | B68: WINRED | C68: 2020 | D68: Q3 | E68: 2.0210126e+17 | F68: 11AI | G68: A961FEC60B5174292B1B | H68: 1490496 | J68: IND | K68: INDIVIDUAL | L68: C00580100 | N68: FRASER, JANET | O68: V | Q68: U | R68: JANET | T68: FRASER | V68: 772 LINDA LN | X68: MIDDLEBURG | Y68: FL | Z68: 320683024 | AA68: USDOL | AB68: INDUSTRIAL HYGIENIST | AC68: C00580100 | AD68: 15E | AE68: EARMARKED CONTRIBUTION | AF68: EARMARKED FOR DONALD J. TRUMP FOR PRESIDENT, INC. (C00580100) | AI68: 44090 | AJ68: 42 | AK68: 253 | AL68: P80001571 | BK68: A | BL68: ADD | BM68: ITEMIZED RECEIPTS | BN68: 44252.578 | BR68: F3X | BS68: 4.0125202e+18 | BT68: t | BV68: 2020 | BW68: SA | BY68: 4.0224202e+18 | BZ68: https://docquery.fec.gov/cgi-bin/fecimg/?202101259408338463 | CA68: Contributions From Individuals/Persons Other Than Political Committees
A69: C00694323 | B69: WINRED | C69: 2020 | D69: Q3 | E69: 2.0210126e+17 | F69: 11AI | G69: AEB15D6CFAE5F41FFBB4 | H69: 1490496 | J69: IND | K69: INDIVIDUAL | L69: C00003418 | N69: FRASER, JANET | O69: V | Q69: U | R69: JANET | T69: FRASER | V69: 33 W EVERGLADE AVE | X69: CLOVIS | Y69: CA | Z69: 936198745 | AA69: RETIRED | AB69: RETIRED | AC69: C00003418 | AD69: 15E | AE69: EARMARKED CONTRIBUTION | AF69: EARMARKED FOR REPUBLICAN NATIONAL COMMITTEE (C00003418) | AI69: 44038 | AJ69: 100 | AK69: 700 | BK69: A | BL69: ADD | BM69: ITEMIZED RECEIPTS | BN69: 44252.578 | BR69: F3X | BS69: 4.0125202e+18 | BT69: t | BV69: 2020 | BW69: SA | BY69: 4.0224202e+18 | BZ69: https://docquery.fec.gov/cgi-bin/fecimg/?202101259406199962 | CA69: Contributions From Individuals/Persons Other Than Political Committees
A70: C00694323 | B70: WINRED | C70: 2020 | D70: Q3 | E70: 2.0210126e+17 | F70: 11AI | G70: A5B960830E47B4961819 | H70: 1490496 | J70: IND | K70: INDIVIDUAL | N70: FRASER, JANET | O70: V | Q70: U | R70: JANET | T70: FRASER | V70: 772 LINDA LN | X70: MIDDLEBURG | Y70: FL | Z70: 320683024 | AA70: USDOL | AB70: INDUSTRIAL HYGIENIST | AF70: EARMARKED FOR DONALD J. TRUMP FOR PRESIDENT, INC. (C00580100) | AI70: 44028 | AJ70: 42 | AK70: 169 | BK70: A | BL70: ADD | BM70: ITEMIZED RECEIPTS | BN70: 44252.579 | BR70: F3X | BS70: 4.0125202e+18 | BT70: t | BV70: 2020 | BW70: SA | BY70: 4.0224202e+18 | BZ70: https://docquery.fec.gov/cgi-bin/fecimg/?202101259405886468 | CA70: Contributions From Individuals/Persons Other Than Political Committees
A71: C00694323 | B71: WINRED | C71: 2020 | D71: Q3 | E71: 2.0210126e+17 | F71: 11AI | G71: AEC707EA33ED945EDA08 | H71: 1490496 | J71: IND | K71: INDIVIDUAL | L71: C00003418 | N71: FRASER, JANET | O71: V | Q71: U | R71: JANET | T71: FRASER | V71: 33 W EVERGLADE AVE | X71: CLOVIS | Y71: CA | Z71: 936198745 | AA71: RETIRED | AB71: RETIRED | AC71: C00003418 | AD71: 15E | AE71: EARMARKED CONTRIBUTION | AF71: EARMARKED FOR REPUBLICAN NATIONAL COMMITTEE (C00003418) | AI71: 44100 | AJ71: 100 | AK71: 900 | BK71: A | BL71: ADD | BM71: ITEMIZED RECEIPTS | BN71: 44252.581 | BR71: F3X | BS71: 4.0125202e+18 | BT71: t | BV71: 2020 | BW71: SA | BY71: 4.0224202e+18 | BZ71: https://docquery.fec.gov/cgi-bin/fecimg/?202101259408936655 | CA71: Contributions From Individuals/Persons Other Than Political Committees
A72: C00401224 | B72: ACTBLUE | C72: 2020 | D72: M5 | E72: 2.0200521e+17 | F72: 11AI | G72: SA11AI_228404162 | H72: 1407307 | J72: IND | K72: INDIVIDUAL | N72: FRASER, MARY JANE | O72: V | Q72: U | R72: MARY JANE | T72: FRASER | V72: 26291 PENNSYLVANIA AVE NE APT 20 | X72: KINGSTON WA | Y72: WA | Z72: 98346 | AA72: NOT EMPLOYED | AB72: NOT EMPLOYED | AF72: EARMARK | AI72: 43941 | AJ72: 12.26 | AK72: 42.26 | BK72: A | BL72: ADD | BM72: ITEMIZED RECEIPTS | BN72: 43979.283 | BR72: F3X | BS72: 4.0521202e+18 | BT72: t | BU72: EARMARKED FOR DEMOCRATIC ACTION (C00562983) | BV72: 2020 | BW72: SA | BY72: 4.0527202e+18 | BZ72: http://docquery.fec.gov/cgi-bin/fecimg/?202005209236474238 | CA72: Contributions From Individuals/Persons Other Than Political Committees
A73: C00008474 | B73: CITIGROUP INC. POLITICAL ACTION COMMITTEE - FEDERAL (CITIGROUP PAC-FEDERAL) | C73: 2020 | D73: M5 | E73: 2.0200519e+17 | F73: 11AI | G73: A2020-599018 | H73: 1406165 | J73: IND | K73: INDIVIDUAL | N73: FRASER, JANE N | O73: Q | P73: C | Q73: B | R73: JANE | S73: N | T73: FRASER | V73: 201 S. BISCAYNE BLVD. | W73: MIAMI CENTER | X73: MIAMI | Y73: FL | Z73: 33131 | AA73: CITIBANK N.A. | AB73: MANAGING DIRECTOR | AD73: 15 | AE73: CONTRIBUTION | AI73: 43924 | AJ73: 192.3 | AK73: 1346.1 | BG73: P | BI73: PRIMARY | BK73: A | BL73: ADD | BM73: ITEMIZED RECEIPTS | BN73: 43970.058 | BR73: F3X | BS73: 4.0518202e+18 | BT73: t | BV73: 2020 | BW73: SA | BY73: 4.0518202e+18 | BZ73: http://docquery.fec.gov/cgi-bin/fecimg/?202005189232774792 | CA73: Contributions From Individuals/Persons Other Than Political Committees
A74: C00008474 | B74: CITIGROUP INC. POLITICAL ACTION COMMITTEE - FEDERAL (CITIGROUP PAC-FEDERAL) | C74: 2020 | D74: M5 | E74: 2.0200519e+17 | F74: 11AI | G74: A2020-816899 | H74: 1406165 | J74: IND | K74: INDIVIDUAL | N74: FRASER, JANE N | O74: Q | P74: C | Q74: B | R74: JANE | S74: N | T74: FRASER | V74: 201 S. BISCAYNE BLVD. | W74: MIAMI CENTER | X74: MIAMI | Y74: FL | Z74: 33131 | AA74: CITIBANK N.A. | AB74: MANAGING DIRECTOR | AD74: 15 | AE74: CONTRIBUTION | AI74: 43938 | AJ74: 192.3 | AK74: 1538.4 | BG74: P | BI74: PRIMARY | BK74: A | BL74: ADD | BM74: ITEMIZED RECEIPTS | BN74: 43970.058 | BR74: F3X | BS74: 4.0518202e+18 | BT74: t | BV74: 2020 | BW74: SA | BY74: 4.0518202e+18 | BZ74: http://docquery.fec.gov/cgi-bin/fecimg/?202005189232774792 | CA74: Contributions From Individuals/Persons Other Than Political Committees
A75: C00580100 | B75: DONALD J. TRUMP FOR PRESIDENT, INC. | C75: 2020 | D75: M3 | E75: 2.0200512e+17 | F75: 17A | G75: SA17A.85277 | H75: 1405125 | J75: IND | K75: INDIVIDUAL | N75: FRASER, JANET | O75: P | Q75: P | R75: JANET | T75: FRASER | V75: 82 VILLA POINT DR | X75: NEWPORT BEACH | Y75: CA | Z75: 92660 | AA75: RETIRED | AB75: RETIRED | AI75: 43869 | AJ75: 25 | AK75: 25 | BG75: P2020 | BI75: PRIMARY | BJ75: 2020 | BK75: A | BL75: ADD | BM75: ITEMIZED RECEIPTS | BN75: 43971.067 | BR75: F3P | BS75: 4.0511202e+18 | BT75: t | BV75: 2020 | BW75: SA | BY75: 4.0519202e+18 | BZ75: http://docquery.fec.gov/cgi-bin/fecimg/?202005119232649352 | CA75: Contributions From Individuals/Persons Other Than Political Committees
A76: C00401224 | B76: ACTBLUE | C76: 2020 | D76: M5 | E76: 2.0200521e+17 | F76: 11AI | G76: SA11AI_228405051 | H76: 1407307 | J76: IND | K76: INDIVIDUAL | N76: FRASER, MARY JANE | O76: V | Q76: U | R76: MARY JANE | T76: FRASER | V76: 26291 PENNSYLVANIA AVE NE APT 20 | X76: KINGSTON WA | Y76: WA | Z76: 98346 | AA76: NOT EMPLOYED | AB76: NOT EMPLOYED | AF76: EARMARK | AI76: 43941 | AJ76: 30 | AK76: 42.26 | BK76: A | BL76: ADD | BM76: ITEMIZED RECEIPTS | BN76: 43979.316 | BR76: F3X | BS76: 4.0521202e+18 | BT76: t | BU76: EARMARKED FOR DEMOCRATIC ACTION (C00562983) | BV76: 2020 | BW76: SA | BY76: 4.0527202e+18 | BZ76: http://docquery.fec.gov/cgi-bin/fecimg/?202005209236474238 | CA76: Contributions From Individuals/Persons Other Than Political Committees
A77: C00696724 | B77: ROMANOFF FOR COLORADO | C77: 2020 | D77: Q1 | E77: 2.0200611e+17 | F77: 11AI | G77: 5997436 | H77: 1410900 | J77: IND | K77: INDIVIDUAL | L77: C00401224 | N77: FRASER, JANE M. | O77: S | Q77: P | R77: JANE | S77: M. | T77: FRASER | V77: 7583 SALT CREEK RD | X77: PUEBLO | Y77: CO | Z77: 810049787 | AA77: COLORADO STATE UNIVERSITY PUEBLO | AB77: PROFESSOR | AC77: C00401224 | AD77: 15E | AE77: EARMARKED CONTRIBUTION | AI77: 43847 | AJ77: 250 | AK77: 250 | BG77: P2020 | BI77: PRIMARY | BJ77: 2020 | BK77: N | BL77: NO CHANGE | BM77: ITEMIZED RECEIPTS | BN77: 43994.076 | BP77: 5997436E | BQ77: SA11AI | BR77: F3 | BS77: 4.0610202e+18 | BT77: t | BU77: * EARMARKED CONTRIBUTION: SEE BELOW | BV77: 2020 | BW77: SA | BY77: 4.0611202e+18 | BZ77: http://docquery.fec.gov/cgi-bin/fecimg/?202006109239665397 | CA77: Contributions From Individuals/Persons Other Than Political Committees
A78: C00709196 | B78: BOWMAN FOR CONGRESS | C78: 2020 | D78: 12P | E78: 2.0200611e+17 | F78: 11AI | G78: SA11AI.60030 | H78: 1410938 | J78: IND | K78: INDIVIDUAL | L78: C00401224 | N78: FRASER, JANE M | O78: H | Q78: P | R78: JANE M | T78: FRASER | V78: 7583 SALT CREEK ROAD | X78: PUEBLO | Y78: CO | Z78: 81004 | AA78: COLORADO STATE UNIVERSITY - PUEBLO | AB78: PROFESSOR | AC78: C00401224 | AD78: 15E | AE78: EARMARKED CONTRIBUTION | AF78: EARMARKED ACTBLUE CONTRIBUTION | AI78: 43969 | AJ78: 250 | AK78: 400 | BG78: P2020 | BI78: PRIMARY | BJ78: 2020 | BK78: A | BL78: ADD | BM78: ITEMIZED RECEIPTS | BN78: 43994.076 | BR78: F3 | BS78: 4.0611202e+18 | BT78: t | BV78: 2020 | BW78: SA | BY78: 4.0611202e+18 | BZ78: http://docquery.fec.gov/cgi-bin/fecimg/?202006109239666728 | CA78: Contributions From Individuals/Persons Other Than Political Committees
A79: C00709196 | B79: BOWMAN FOR CONGRESS | C79: 2020 | D79: 12P | E79: 2.0200611e+17 | F79: 11AI | G79: SA11AI.60031 | H79: 1410938 | J79: IND | K79: INDIVIDUAL | L79: C00401224 | N79: FRASER, JANE M | O79: H | Q79: P | R79: JANE M | T79: FRASER | V79: 7583 SALT CREEK ROAD | X79: PUEBLO | Y79: CO | Z79: 81004 | AA79: COLORADO STATE UNIVERSITY - PUEBLO | AB79: PROFESSOR | AC79: C00401224 | AD79: 15E | AE79: EARMARKED CONTRIBUTION | AF79: EARMARKED ACTBLUE CONTRIBUTION | AI79: 43979 | AJ79: 100 | AK79: 500 | BG79: P2020 | BI79: PRIMARY | BJ79: 2020 | BK79: A | BL79: ADD | BM79: ITEMIZED RECEIPTS | BN79: 43994.076 | BR79: F3 | BS79: 4.0611202e+18 | BT79: t | BV79: 2020 | BW79: SA | BY79: 4.0611202e+18 | BZ79: http://docquery.fec.gov/cgi-bin/fecimg/?202006109239666728 | CA79: Contributions From Individuals/Persons Other Than Political Committees
A80: C00709196 | B80: BOWMAN FOR CONGRESS | C80: 2020 | D80: 12P | E80: 2.0200611e+17 | F80: 11AI | G80: SA11AI.60032 | H80: 1410938 | J80: IND | K80: INDIVIDUAL | L80: C00401224 | N80: FRASER, JANE M | O80: H | Q80: P | R80: JANE M | T80: FRASER | V80: 7583 SALT CREEK ROAD | X80: PUEBLO | Y80: CO | Z80: 81004 | AA80: COLORADO STATE UNIVERSITY - PUEBLO | AB80: PROFESSOR | AC80: C00401224 | AD80: 15E | AE80: EARMARKED CONTRIBUTION | AF80: EARMARKED ACTBLUE CONTRIBUTION | AI80: 43982 | AJ80: 50 | AK80: 550 | BG80: P2020 | BI80: PRIMARY | BJ80: 2020 | BK80: A | BL80: ADD | BM80: ITEMIZED RECEIPTS | BN80: 43994.076 | BR80: F3 | BS80: 4.0611202e+18 | BT80: t | BV80: 2020 | BW80: SA | BY80: 4.0611202e+18 | BZ80: http://docquery.fec.gov/cgi-bin/fecimg/?202006109239666728 | CA80: Contributions From Individuals/Persons Other Than Political Committees
A81: C00580100 | B81: DONALD J. TRUMP FOR PRESIDENT, INC. | C81: 2020 | D81: M6 | E81: 2.0200825e+17 | F81: 17A | G81: SA17A.267582 | H81: 1435104 | J81: IND | K81: INDIVIDUAL | N81: FRASER, JANET | O81: P | Q81: P | R81: JANET | T81: FRASER | V81: 82 VILLA POINT DR | X81: NEWPORT BEACH | Y81: CA | Z81: 92660 | AA81: RETIRED | AB81: RETIRED | AI81: 43958 | AJ81: 25 | AK81: 25 | BG81: P2020 | BI81: PRIMARY | BJ81: 2020 | BK81: A | BL81: ADD | BM81: ITEMIZED RECEIPTS | BN81: 44075.18 | BR81: F3P | BS81: 4.0826202e+18 | BT81: t | BV81: 2020 | BW81: SA | BY81: 4.0901202e+18 | BZ81: http://docquery.fec.gov/cgi-bin/fecimg/?202008249266886680 | CA81: Contributions From Individuals/Persons Other Than Political Committees
A82: C00580100 | B82: DONALD J. TRUMP FOR PRESIDENT, INC. | C82: 2020 | D82: M4 | E82: 2.0200618e+17 | F82: 17A | G82: SA17A.373723 | H82: 1412555 | J82: IND | K82: INDIVIDUAL | N82: FRASER, JANET | O82: P | Q82: P | R82: JANET | T82: FRASER | V82: 82 VILLA POINT DR | X82: NEWPORT BEACH | Y82: CA | Z82: 92660 | AA82: RETIRED | AB82: RETIRED | AI82: 43897 | AJ82: 25 | AK82: 25 | BG82: P2020 | BI82: PRIMARY | BJ82: 2020 | BK82: A | BL82: ADD | BM82: ITEMIZED RECEIPTS | BN82: 44001.11 | BR82: F3P | BS82: 4.0618202e+18 | BT82: t | BV82: 2020 | BW82: SA | BY82: 4.0618202e+18 | BZ82: http://docquery.fec.gov/cgi-bin/fecimg/?202006179239825452 | CA82: Contributions From Individuals/Persons Other Than Political Committees
A83: C00696724 | B83: ROMANOFF FOR COLORADO | C83: 2020 | D83: 12P | E83: 2.0200619e+17 | F83: 11AI | G83: 6625336 | H83: 1412978 | J83: IND | K83: INDIVIDUAL | L83: C00401224 | N83: FRASER, JANE M. | O83: S | Q83: P | R83: JANE | S83: M. | T83: FRASER | V83: 7583 SALT CREEK RD | X83: PUEBLO | Y83: CO | Z83: 810049787 | AA83: COLORADO STATE UNIVERSITY PUEBLO | AB83: PROFESSOR | AC83: C00401224 | AD83: 15E | AE83: EARMARKED CONTRIBUTION | AI83: 43960 | AJ83: 100 | AK83: 350 | BG83: P2020 | BI83: PRIMARY | BJ83: 2020 | BK83: A | BL83: ADD | BM83: ITEMIZED RECEIPTS | BN83: 44002.074 | BP83: 6625336E | BQ83: SA11AI | BR83: F3 | BS83: 4.0618202e+18 | BT83: t | BU83: * EARMARKED CONTRIBUTION: SEE BELOW | BV83: 2020 | BW83: SA | BY83: 4.0619202e+18 | BZ83: http://docquery.fec.gov/cgi-bin/fecimg/?202006189239948256 | CA83: Contributions From Individuals/Persons Other Than Political Committees
A84: C00008474 | B84: CITIGROUP INC. POLITICAL ACTION COMMITTEE - FEDERAL (CITIGROUP PAC-FEDERAL) | C84: 2020 | D84: M6 | E84: 2.020062e+17 | F84: 11AI | G84: A2020-873911 | H84: 1413371 | J84: IND | K84: INDIVIDUAL | N84: FRASER, JANE N | O84: Q | P84: C | Q84: B | R84: JANE | S84: N | T84: FRASER | V84: 201 S. BISCAYNE BLVD. | W84: MIAMI CENTER | X84: MIAMI | Y84: FL | Z84: 33131 | AA84: CITIBANK N.A. | AB84: MANAGING DIRECTOR | AD84: 15 | AE84: CONTRIBUTION | AI84: 43952 | AJ84: 192.3 | AK84: 1730.7 | BG84: P | BI84: PRIMARY | BK84: A | BL84: ADD | BM84: ITEMIZED RECEIPTS | BN84: 44002.075 | BR84: F3X | BS84: 4.0619202e+18 | BT84: t | BV84: 2020 | BW84: SA | BY84: 4.0619202e+18 | BZ84: http://docquery.fec.gov/cgi-bin/fecimg/?202006199240005714 | CA84: Contributions From Individuals/Persons Other Than Political Committees
A85: C00008474 | B85: CITIGROUP INC. POLITICAL ACTION COMMITTEE - FEDERAL (CITIGROUP PAC-FEDERAL) | C85: 2020 | D85: M6 | E85: 2.020062e+17 | F85: 11AI | G85: A2020-1071002 | H85: 1413371 | J85: IND | K85: INDIVIDUAL | N85: FRASER, JANE N | O85: Q | P85: C | Q85: B | R85: JANE | S85: N | T85: FRASER | V85: 201 S. BISCAYNE BLVD. | W85: MIAMI CENTER | X85: MIAMI | Y85: FL | Z85: 33131 | AA85: CITIBANK N.A. | AB85: MANAGING DIRECTOR | AD85: 15 | AE85: CONTRIBUTION | AI85: 43966 | AJ85: 192.3 | AK85: 1923 | BG85: P | BI85: PRIMARY | BK85: A | BL85: ADD | BM85: ITEMIZED RECEIPTS | BN85: 44002.075 | BR85: F3X | BS85: 4.0619202e+18 | BT85: t | BV85: 2020 | BW85: SA | BY85: 4.0619202e+18 | BZ85: http://docquery.fec.gov/cgi-bin/fecimg/?202006199240005715 | CA85: Contributions From Individuals/Persons Other Than Political Committees
A86: C00008474 | B86: CITIGROUP INC. POLITICAL ACTION COMMITTEE - FEDERAL (CITIGROUP PAC-FEDERAL) | C86: 2020 | D86: M6 | E86: 2.020062e+17 | F86: 11AI | G86: A2020-1121955 | H86: 1413371 | J86: IND | K86: INDIVIDUAL | N86: FRASER, JANE N | O86: Q | P86: C | Q86: B | R86: JANE | S86: N | T86: FRASER | V86: 201 S. BISCAYNE BLVD. | W86: MIAMI CENTER | X86: MIAMI | Y86: FL | Z86: 33131 | AA86: CITIBANK N.A. | AB86: MANAGING DIRECTOR | AD86: 15 | AE86: CONTRIBUTION | AI86: 43980 | AJ86: 192.3 | AK86: 2115.3 | BG86: P | BI86: PRIMARY | BK86: A | BL86: ADD | BM86: ITEMIZED RECEIPTS | BN86: 44002.075 | BR86: F3X | BS86: 4.0619202e+18 | BT86: t | BV86: 2020 | BW86: SA | BY86: 4.0619202e+18 | BZ86: http://docquery.fec.gov/cgi-bin/fecimg/?202006199240005715 | CA86: Contributions From Individuals/Persons Other Than Political Committees
A87: C00580100 | B87: DONALD J. TRUMP FOR PRESIDENT, INC. | C87: 2020 | D87: M6 | E87: 2.0200825e+17 | F87: 18 | G87: SA18.267580 | H87: 1435104 | J87: IND | K87: INDIVIDUAL | N87: FRASER, JANET | O87: P | Q87: P | R87: JANET | T87: FRASER | V87: 33 W EVERGLADE AVE | X87: CLOVIS | Y87: CA | Z87: 93619 | AA87: PGE | AB87: SUPERVISOR | AF87: JFC TRANSFER: TRUMP MAKE AMERICA GREAT AGAIN COMMITTEE [SA18.4848] | AG87: X | AI87: 43923 | AJ87: 75 | AK87: 75 | BG87: P2020 | BI87: PRIMARY | BJ87: 2020 | BK87: A | BL87: ADD | BM87: ITEMIZED RECEIPTS | BN87: 44075.195 | BR87: F3P | BS87: 4.0826202e+18 | BT87: t | BV87: 2020 | BW87: SA | BY87: 4.0901202e+18 | BZ87: http://docquery.fec.gov/cgi-bin/fecimg/?202008249266942518 | CA87: Transfers From Other Authorized Committees
A88: C00008474 | B88: CITIGROUP INC. POLITICAL ACTION COMMITTEE - FEDERAL (CITIGROUP PAC-FEDERAL) | C88: 2020 | D88: M8 | E88: 2.020082e+17 | F88: 11AI | G88: A2020-1443529 | H88: 1433452 | J88: IND | K88: INDIVIDUAL | N88: FRASER, JANE N | O88: Q | P88: C | Q88: B | R88: JANE | S88: N | T88: FRASER | V88: 201 S. BISCAYNE BLVD. | W88: MIAMI CENTER | X88: MIAMI | Y88: FL | Z88: 33131 | AA88: CITIBANK N.A. | AB88: MANAGING DIRECTOR | AD88: 15 | AE88: CONTRIBUTION | AI88: 44022 | AJ88: 192.3 | AK88: 2692.2 | BG88: P | BI88: PRIMARY | BK88: A | BL88: ADD | BM88: ITEMIZED RECEIPTS | BN88: 44077.151 | BR88: F3X | BS88: 4.0820202e+18 | BT88: t | BV88: 2020 | BW88: SA | BY88: 4.0903202e+18 | BZ88: http://docquery.fec.gov/cgi-bin/fecimg/?202008199261409159 | CA88: Contributions From Individuals/Persons Other Than Political Committees
A89: C00008474 | B89: CITIGROUP INC. POLITICAL ACTION COMMITTEE - FEDERAL (CITIGROUP PAC-FEDERAL) | C89: 2020 | D89: M8 | E89: 2.020082e+17 | F89: 11AI | G89: A2020-1621779 | H89: 1433452 | J89: IND | K89: INDIVIDUAL | N89: FRASER, JANE N | O89: Q | P89: C | Q89: B | R89: JANE | S89: N | T89: FRASER | V89: 201 S. BISCAYNE BLVD. | W89: MIAMI CENTER | X89: MIAMI | Y89: FL | Z89: 33131 | AA89: CITIBANK N.A. | AB89: MANAGING DIRECTOR | AD89: 15 | AE89: CONTRIBUTION | AI89: 44036 | AJ89: 192.3 | AK89: 2884.5 | BG89: P | BI89: PRIMARY | BK89: A | BL89: ADD | BM89: ITEMIZED RECEIPTS | BN89: 44077.151 | BR89: F3X | BS89: 4.0820202e+18 | BT89: t | BV89: 2020 | BW89: SA | BY89: 4.0903202e+18 | BZ89: http://docquery.fec.gov/cgi-bin/fecimg/?202008199261409159 | CA89: Contributions From Individuals/Persons Other Than Political Committees
A90: C00401224 | B90: ACTBLUE | C90: 2020 | D90: M6 | E90: 2.0200621e+17 | F90: 11AI | G90: SA11AI_237902054 | H90: 1413483 | J90: IND | K90: INDIVIDUAL | L90: C00709196 | N90: FRASER, JANE M | O90: V | Q90: U | R90: JANE M | T90: FRASER | V90: 7583 SALT CREEK ROAD | X90: PUEBLO | Y90: CO | Z90: 81004 | AA90: COLORADO STATE UNIVERSITY - PUEBLO | AB90: PROFESSOR | AC90: C00709196 | AD90: 24T | AE90: EARMARKED INTERMEDIARY TREASURY OUT | AF90: EARMARK | AI90: 43979 | AJ90: 100 | AK90: 550 | AL90: H0NY16143 | BG90: P | BI90: PRIMARY | BK90: A | BL90: ADD | BM90: ITEMIZED RECEIPTS | BN90: 44022.279 | BR90: F3X | BS90: 4.0621202e+18 | BT90: t | BU90: EARMARKED FOR BOWMAN FOR CONGRESS (C00709196) | BV90: 2020 | BW90: SA | BY90: 4.0709202e+18 | BZ90: http://docquery.fec.gov/cgi-bin/fecimg/?202006209240760158 | CA90: Contributions From Individuals/Persons Other Than Political Committees
A91: C00401224 | B91: ACTBLUE | C91: 2020 | D91: M6 | E91: 2.0200621e+17 | F91: 11AI | G91: SA11AI_235757119 | H91: 1413483 | J91: IND | K91: INDIVIDUAL | N91: FRASER, MARY JANE | O91: V | Q91: U | R91: MARY JANE | T91: FRASER | V91: 26291 PENNSYLVANIA AVE NE APT 20 | X91: KINGSTON WA | Y91: WA | Z91: 98346 | AA91: NOT EMPLOYED | AB91: NOT EMPLOYED | AF91: EARMARK | AI91: 43971 | AJ91: 12.26 | AK91: 54.52 | BK91: A | BL91: ADD | BM91: ITEMIZED RECEIPTS | BN91: 44022.279 | BR91: F3X | BS91: 4.0621202e+18 | BT91: t | BU91: EARMARKED FOR DEMOCRATIC ACTION (C00562983) | BV91: 2020 | BW91: SA | BY91: 4.0709202e+18 | BZ91: http://docquery.fec.gov/cgi-bin/fecimg/?202006209240760241 | CA91: Contributions From Individuals/Persons Other Than Political Committees
A92: C00401224 | B92: ACTBLUE | C92: 2020 | D92: M6 | E92: 2.0200621e+17 | F92: 11AI | G92: SA11AI_233335204 | H92: 1413483 | J92: IND | K92: INDIVIDUAL | N92: FRASER, JANE M | O92: V | Q92: U | R92: JANE M | T92: FRASER | V92: 7583 SALT CREEK ROAD | X92: PUEBLO | Y92: CO | Z92: 81004 | AA92: COLORADO STATE UNIVERSITY - PUEBLO | AB92: PROFESSOR | AF92: CONTRIBUTION TO ACT BLUE | AI92: 43960 | AJ92: 5 | AK92: 27 | BK92: A | BL92: ADD | BM92: ITEMIZED RECEIPTS | BN92: 44022.28 | BR92: F3X | BS92: 4.0621202e+18 | BT92: t | BU92: CONTRIBUTION TO ACTBLUE | BV92: 2020 | BW92: SA | BY92: 4.0709202e+18 | BZ92: http://docquery.fec.gov/cgi-bin/fecimg/?202006209240760156 | CA92: Contributions From Individuals/Persons Other Than Political Committees
A93: C00401224 | B93: ACTBLUE | C93: 2020 | D93: M6 | E93: 2.0200621e+17 | F93: 11AI | G93: SA11AI_235374131 | H93: 1413483 | J93: IND | K93: INDIVIDUAL | N93: FRASER, JANE M | O93: V | Q93: U | R93: JANE M | T93: FRASER | V93: 7583 SALT CREEK ROAD | X93: PUEBLO | Y93: CO | Z93: 81004 | AA93: COLORADO STATE UNIVERSITY - PUEBLO | AB93: PROFESSOR | AF93: CONTRIBUTION TO ACT BLUE | AI93: 43969 | AJ93: 5 | AK93: 27 | BK93: A | BL93: ADD | BM93: ITEMIZED RECEIPTS | BN93: 44022.28 | BR93: F3X | BS93: 4.0621202e+18 | BT93: t | BU93: CONTRIBUTION TO ACTBLUE | BV93: 2020 | BW93: SA | BY93: 4.0709202e+18 | BZ93: http://docquery.fec.gov/cgi-bin/fecimg/?202006209240760157 | CA93: Contributions From Individuals/Persons Other Than Political Committees
A94: C00401224 | B94: ACTBLUE | C94: 2020 | D94: M6 | E94: 2.0200621e+17 | F94: 11AI | G94: SA11AI_239420516 | H94: 1413483 | J94: IND | K94: INDIVIDUAL | L94: C00709196 | N94: FRASER, JANE M | O94: V | Q94: U | R94: JANE M | T94: FRASER | V94: 7583 SALT CREEK ROAD | X94: PUEBLO | Y94: CO | Z94: 81004 | AA94: COLORADO STATE UNIVERSITY - PUEBLO | AB94: PROFESSOR | AC94: C00709196 | AD94: 24T | AE94: EARMARKED INTERMEDIARY TREASURY OUT | AF94: EARMARK | AI94: 43982 | AJ94: 50 | AK94: 550 | AL94: H0NY16143 | BG94: P | BI94: PRIMARY | BK94: A | BL94: ADD | BM94: ITEMIZED RECEIPTS | BN94: 44022.295 | BR94: F3X | BS94: 4.0621202e+18 | BT94: t | BU94: EARMARKED FOR BOWMAN FOR CONGRESS (C00709196) | BV94: 2020 | BW94: SA | BY94: 4.0709202e+18 | BZ94: http://docquery.fec.gov/cgi-bin/fecimg/?202006209240760158 | CA94: Contributions From Individuals/Persons Other Than Political Committees
A95: C00401224 | B95: ACTBLUE | C95: 2020 | D95: M6 | E95: 2.0200621e+17 | F95: 11AI | G95: SA11AI_237902070 | H95: 1413483 | J95: IND | K95: INDIVIDUAL | N95: FRASER, JANE M | O95: V | Q95: U | R95: JANE M | T95: FRASER | V95: 7583 SALT CREEK ROAD | X95: PUEBLO | Y95: CO | Z95: 81004 | AA95: COLORADO STATE UNIVERSITY - PUEBLO | AB95: PROFESSOR | AF95: CONTRIBUTION TO ACT BLUE | AI95: 43979 | AJ95: 2 | AK95: 27 | BK95: A | BL95: ADD | BM95: ITEMIZED RECEIPTS | BN95: 44022.325 | BR95: F3X | BS95: 4.0621202e+18 | BT95: t | BU95: CONTRIBUTION TO ACTBLUE | BV95: 2020 | BW95: SA | BY95: 4.0709202e+18 | BZ95: http://docquery.fec.gov/cgi-bin/fecimg/?202006209240760157 | CA95: Contributions From Individuals/Persons Other Than Political Committees
A96: C00401224 | B96: ACTBLUE | C96: 2020 | D96: M6 | E96: 2.0200621e+17 | F96: 11AI | G96: SA11AI_239420883 | H96: 1413483 | J96: IND | K96: INDIVIDUAL | N96: FRASER, JANE M | O96: V | Q96: U | R96: JANE M | T96: FRASER | V96: 7583 SALT CREEK ROAD | X96: PUEBLO | Y96: CO | Z96: 81004 | AA96: COLORADO STATE UNIVERSITY - PUEBLO | AB96: PROFESSOR | AF96: CONTRIBUTION TO ACT BLUE | AI96: 43982 | AJ96: 5 | AK96: 27 | BK96: A | BL96: ADD | BM96: ITEMIZED RECEIPTS | BN96: 44022.325 | BR96: F3X | BS96: 4.0621202e+18 | BT96: t | BU96: CONTRIBUTION TO ACTBLUE | BV96: 2020 | BW96: SA | BY96: 4.0709202e+18 | BZ96: http://docquery.fec.gov/cgi-bin/fecimg/?202006209240760158 | CA96: Contributions From Individuals/Persons Other Than Political Committees
A97: C00401224 | B97: ACTBLUE | C97: 2020 | D97: M6 | E97: 2.0200621e+17 | F97: 11AI | G97: SA11AI_233335138 | H97: 1413483 | J97: IND | K97: INDIVIDUAL | L97: C00696724 | N97: FRASER, JANE M | O97: V | Q97: U | R97: JANE M | T97: FRASER | V97: 7583 SALT CREEK ROAD | X97: PUEBLO | Y97: CO | Z97: 81004 | AA97: COLORADO STATE UNIVERSITY - PUEBLO | AB97: PROFESSOR | AC97: C00696724 | AD97: 24T | AE97: EARMARKED INTERMEDIARY TREASURY OUT | AF97: EARMARK | AI97: 43960 | AJ97: 100 | AK97: 350 | AL97: S0CO00286 | BG97: P | BI97: PRIMARY | BK97: A | BL97: ADD | BM97: ITEMIZED RECEIPTS | BN97: 44022.327 | BR97: F3X | BS97: 4.0621202e+18 | BT97: t | BU97: EARMARKED FOR ROMANOFF FOR COLORADO (C00696724) | BV97: 2020 | BW97: SA | BY97: 4.0709202e+18 | BZ97: http://docquery.fec.gov/cgi-bin/fecimg/?202006209240760156 | CA97: Contributions From Individuals/Persons Other Than Political Committees
A98: C00700534 | B98: ADRIENNE BELL FOR CONGRESS | C98: 2020 | D98: Q2 | E98: 2.020083e+17 | F98: 11AI | G98: VTQX8QQ8PW3 | H98: 1435680 | J98: IND | K98: INDIVIDUAL | L98: C00401224 | N98: FRASER, JANE M | O98: H | Q98: P | R98: JANE M | T98: FRASER | V98: 7583 SALT CREEK RD | X98: PUEBLO | Y98: CO | Z98: 810049787 | AA98: COLORADO STATE UNIVERSITY - PUEBLO | AB98: PROFESSOR | AC98: C00401224 | AD98: 15E | AE98: EARMARKED CONTRIBUTION | AI98: 44010 | AJ98: 250 | AK98: 250 | BG98: G2020 | BI98: GENERAL | BJ98: 2020 | BK98: A | BL98: ADD | BM98: ITEMIZED RECEIPTS | BN98: 44078.15 | BP98: VTQX8QQ8PW3E | BQ98: SA11AI | BR98: F3 | BS98: 4.0831202e+18 | BT98: t | BU98: * EARMARKED CONTRIBUTION: SEE BELOW | BV98: 2020 | BW98: SA | BY98: 4.0904202e+18 | BZ98: http://docquery.fec.gov/cgi-bin/fecimg/?202008299267057765 | CA98: Contributions From Individuals/Persons Other Than Political Committees
A99: C00008474 | B99: CITIGROUP INC. POLITICAL ACTION COMMITTEE - FEDERAL (CITIGROUP PAC-FEDERAL) | C99: 2020 | D99: M7 | E99: 2.0200718e+17 | F99: 11AI | G99: A2020-1370101 | H99: 1426010 | J99: IND | K99: INDIVIDUAL | N99: FRASER, JANE N | O99: Q | P99: C | Q99: B | R99: JANE | S99: N | T99: FRASER | V99: 201 S. BISCAYNE BLVD. | W99: MIAMI CENTER | X99: MIAMI | Y99: FL | Z99: 33131 | AA99: CITIBANK N.A. | AB99: MANAGING DIRECTOR | AD99: 15 | AE99: CONTRIBUTION | AI99: 44008 | AJ99: 192.3 | AK99: 2499.9 | BG99: P | BI99: PRIMARY | BK99: A | BL99: ADD | BM99: ITEMIZED RECEIPTS | BN99: 44035.114 | BR99: F3X | BS99: 4.0717202e+18 | BT99: t | BV99: 2020 | BW99: SA | BY99: 4.0722202e+18 | BZ99: http://docquery.fec.gov/cgi-bin/fecimg/?202007179250381401 | CA99: Contributions From Individuals/Persons Other Than Political Committees
A100: C00694323 | B100: WINRED | C100: 2020 | D100: Q3 | E100: 2.0210126e+17 | F100: 11AI | G100: A091E7AF6562548B789A | H100: 1490496 | J100: IND | K100: INDIVIDUAL | N100: FRASER, JANE | O100: V | Q100: U | R100: JANE | T100: FRASER | V100: 10500 WEIL RD | X100: CINCINNATI | Y100: OH | Z100: 452424518 | AA100: SELF-EMPLOYED | AB100: AGRICULTURE | AF100: EARMARKED FOR DONALD J. TRUMP FOR PRESIDENT, INC. (C00580100) | AI100: 44054 | AJ100: 50 | AK100: 100 | BK100: A | BL100: ADD | BM100: ITEMIZED RECEIPTS | BN100: 44252.587 | BR100: F3X | BS100: 4.0125202e+18 | BT100: t | BV100: 2020 | BW100: SA | BY100: 4.0224202e+18 | BZ100: https://docquery.fec.gov/cgi-bin/fecimg/?202101259406803318 | CA100: Contributions From Individuals/Persons Other Than Political Committees
...

Sheet Barbara Desoer
A1: committee_id | B1: committee_name | C1: report_year | D1: report_type | E1: image_number | F1: line_number | G1: transaction_id | H1: file_number | I1: committee_name | J1: entity_type | K1: entity_type_desc | L1: unused_contbr_id | M1: contributor_prefix | N1: contributor_name | O1: recipient_committee_type | P1: recipient_committee_org_type | Q1: recipient_committee_designation | R1: contributor_first_name | S1: contributor_middle_name | T1: contributor_last_name | U1: contributor_suffix | V1: contributor_street_1 | W1: contributor_street_2 | X1: contributor_city | Y1: contributor_state | Z1: contributor_zip | AA1: contributor_employer | AB1: contributor_occupation | AC1: contributor_id | AD1: receipt_type | AE1: receipt_type_desc | AF1: receipt_type_full | AG1: memo_code | AH1: memo_code_full | AI1: contribution_receipt_date | AJ1: contribution_receipt_amount | AK1: contributor_aggregate_ytd | AL1: candidate_id | AM1: candidate_name | AN1: candidate_first_name | AO1: candidate_last_name | AP1: candidate_middle_name | AQ1: candidate_prefix | AR1: candidate_suffix | AS1: candidate_office | AT1: candidate_office_full | AU1: candidate_office_state | AV1: candidate_office_state_full | AW1: candidate_office_district | AX1: conduit_committee_id | AY1: conduit_committee_name | AZ1: conduit_committee_street1 | BA1: conduit_committee_street2 | BB1: conduit_committee_city | BC1: conduit_committee_state | BD1: conduit_committee_zip | BE1: donor_committee_name | BF1: national_committee_nonfederal_account | BG1: election_type | BH1: election_type_full | BI1: fec_election_type_desc | BJ1: fec_election_year | BK1: amendment_indicator | BL1: amendment_indicator_desc | BM1: schedule_type_full | BN1: load_date | BO1: original_sub_id | BP1: back_reference_transaction_id | BQ1: back_reference_schedule_name | BR1: filing_form | BS1: link_id | BT1: is_individual | BU1: memo_text | BV1: two_year_transaction_period | BW1: schedule_type | BX1: increased_limit | BY1: sub_id | BZ1: pdf_url | CA1: line_number_label
A2: C00340943 | B2: DAVITA INC. POLITICAL ACTION COMMITTEE (DAPAC) | C2: 2019 | D2: M3 | E2: 2.019032e+17 | F2: 11AI | G2: F05D04D9ACE44B351B9 | H2: 1320045 | J2: IND | K2: INDIVIDUAL | N2: DESOER, BARBARA | O2: Q | P2: C | Q2: B | R2: BARBARA | T2: DESOER | V2: 300 E 56TH ST | W2: APT 5K | X2: NEW YORK | Y2: NY | Z2: 100224146 | AA2: DAVITA, INC. | AB2: BOARD OF DIRECTORS | AD2: 15 | AE2: CONTRIBUTION | AI2: 43514 | AJ2: 5000 | AK2: 5000 | BG2: P | BI2: PRIMARY | BK2: A | BL2: ADD | BM2: ITEMIZED RECEIPTS | BN2: 43544.136 | BR2: F3X | BS2: 4.0319202e+18 | BT2: t | BV2: 2020 | BW2: SA | BY2: 4.0319202e+18 | BZ2: http://docquery.fec.gov/cgi-bin/fecimg/?201903199145740541 | CA2: Contributions From Individuals/Persons Other Than Political Committees
A3: C00008474 | B3: CITIGROUP INC. POLITICAL ACTION COMMITTEE - FEDERAL (CITIGROUP PAC-FEDERAL) | C3: 2019 | D3: M4 | E3: 2.0191122e+17 | F3: 11AI | G3: A2019-581453 | H3: 1364444 | J3: IND | K3: INDIVIDUAL | N3: DESOER, BARBARA | O3: Q | P3: C | Q3: B | R3: BARBARA | T3: DESOER | V3: 388 GREENWICH ST | X3: NEW YORK | Y3: NY | Z3: 100132375 | AA3: CITIGROUP INC. | AB3: MANAGING DIRECTOR | AD3: 15 | AE3: CONTRIBUTION | AI3: 43552 | AJ3: 5000 | AK3: 5000 | BG3: P | BI3: PRIMARY | BK3: N | BL3: NO CHANGE | BM3: ITEMIZED RECEIPTS | BN3: 43793.082 | BR3: F3X | BS3: 4.1123202e+18 | BT3: t | BV3: 2020 | BW3: SA | BY3: 4.1123202e+18 | BZ3: http://docquery.fec.gov/cgi-bin/fecimg/?201911219166031758 | CA3: Contributions From Individuals/Persons Other Than Political Committees
A4: C00340943 | B4: DAVITA INC. POLITICAL ACTION COMMITTEE (DAPAC) | C4: 2020 | D4: M4 | E4: 2.0200421e+17 | F4: 11AI | G4: 86DCBC9D42AE7A729F4 | H4: 1402431 | J4: IND | K4: INDIVIDUAL | N4: DESOER, BARBARA | O4: Q | P4: C | Q4: B | R4: BARBARA | T4: DESOER | V4: 838 W. STAFFORD RD | X4: THOUSAND OAKS | Y4: CA | Z4: 91361 | AA4: DAVITA, INC. | AB4: BOARD OF DIRECTORS | AD4: 15 | AE4: CONTRIBUTION | AI4: 43916 | AJ4: 5000 | AK4: 5000 | BG4: P | BI4: PRIMARY | BK4: A | BL4: ADD | BM4: ITEMIZED RECEIPTS | BN4: 43943.06 | BR4: F3X | BS4: 4.0420202e+18 | BT4: t | BV4: 2020 | BW4: SA | BY4: 4.0421202e+18 | BZ4: http://docquery.fec.gov/cgi-bin/fecimg/?202004209219763660 | CA4: Contributions From Individuals/Persons Other Than Political Committees
V6: =+V2&X2&Y2&Z2 -> 300 E 56TH STNEW YORKNY100224146
A9: Row Labels | B9: Sum of contribution_receipt_amount | E9: R | F9: D
A10: CITIGROUP INC. POLITICAL ACTION COMMITTEE - FEDERAL (CITIGROUP PAC-FEDERAL) | B10: 5000 | C10: N | E10: 0.5619 | F10: 0.4381
A11: DAVITA INC. POLITICAL ACTION COMMITTEE (DAPAC) | B11: 10000 | C11: N | D11: Neutral | E11: 0.5082 | F11: 0.4918
A12: Grand Total | B12: 15000

Sheet Company PAC
A1: From Open Secrets.com | C1: 2020
A2: Company PAC Name | C2: Political Affiliation | D2: Republican | E2: Democratic | F2: Independent | G2: %Republican | H2: %Democrat
A3: C00340943 | B3: DAVITA INC. POLITICAL ACTION COMMITTEE (DAPAC) | C3: N
