Workbook

Sheet Board & Executives
A1: Company | B1: Board | C1: Exec | D1: Employer | E1: Fname | F1: MI | G1: Lname | H1: Gender | I1: State | J1: Age | K1: DOB | L1: Dem | M1: Rep | N1: Neu | O1: Reg | P1: Address
A2: Fannie Mae | B2: N | C2: Y | D2: President & Interim CFO | E2: David | F2: C. | G2: Benson | H2: M | J2: 61 | Q2: =+E2&F2&G2 -> David C. Benson | R2: No FEC Data
A3: Fannie Mae | B3: Y | C3: N | D3: Independent Director | E3: Christopher | F3: J. | G3: Brummer | H3: M | Q3: =+E3&F3&G3 -> Christopher J. Brummer | R3: No FEC Data
A4: Fannie Mae | B4: Y | C4: N | D4: Independent Director | E4: Simon | G4: Johnson | H4: M | Q4: =+E4&F4&G4 -> Simon Johnson | R4: No FEC Data
A5: Fannie Mae | B5: Y | C5: Y | D5: Chairman | E5: Sheila | F5: Colleen | G5: Bair | H5: F | I5: MD & KS | J5: =71-4 -> 67 | K5: 19817 | M5: =+GETPIVOTDATA("contribution_receipt_amount",'Sheila Bair'!$A$11) -> 11200 | O5: R | P5: 14145 SHALLCROSS WHARF RD KENNEDYVILLE MD 216453447 & KS | Q5: =+E5&F5&G5 -> Sheila Colleen Bair
A6: Fannie Mae | B6: Y | C6: Y | D6: Chief Executive Officer & Director | E6: Hugh | F6: R. | G6: Frater | H6: M | Q6: =+E6&F6&G6 -> Hugh R. Frater | R6: No FEC Data
A7: Fannie Mae | B7: Y | C7: N | D7: Independent Director | E7: Robert | F7: H. | G7: Herz | H7: M | I7: NJ | L7: =+'Robert Herz'!AJ2 -> 1000 | O7: N | P7: 186 NORTHWOODS DR SOUTH ORANGE NJ 70791123 | Q7: =+E7&F7&G7 -> Robert H. Herz
A8: Fannie Mae | B8: Y | C8: N | D8: Independent Director | E8: Amy | F8: E. | G8: Alving | H8: F | Q8: =+E8&F8&G8 -> Amy E. Alving | R8: No FEC Data
A9: Fannie Mae | B9: Y | C9: N | D9: Independent Director | E9: Diane | F9: C. | G9: Nordin | H9: F | Q9: =+E9&F9&G9 -> Diane C. Nordin | R9: No FEC Data
A10: Fannie Mae | B10: Y | C10: N | D10: Independent Director | E10: Renée | F10: Lewis | G10: Glover | H10: F | I10: GA | J10: 71 | L10: =+GETPIVOTDATA("contribution_receipt_amount",'Renee Glover'!$A$413) -> 32663.29 | O10: D | P10: 553 AUBURN AVE NE ATLANTA GA 303121941 | Q10: =+E10&F10&G10 -> Renée Lewis Glover
A11: Fannie Mae | B11: Y | C11: N | D11: Independent Director | E11: Michael | F11: J. | G11: Heid | H11: M | I11: PA | L11: =+GETPIVOTDATA("contribution_receipt_amount",'Michael Heid'!$A$10) -> 300 | P11: 117 LEE ROAD PITTSBURGH PA 15237 | Q11: =+E11&F11&G11 -> Michael J. Heid
A12: Fannie Mae | B12: Y | C12: N | D12: Independent Director | E12: Antony | F12: Peter | G12: Jenkins | H12: M | I12: UK | J12: 60 | K12: 22473 | Q12: =+E12&F12&G12 -> Antony Peter Jenkins | R12: No FEC Data
A13: Fannie Mae | B13: Y | C13: N | D13: Independent Director | E13: Manuel | F13: Sánchez | G13: Rodríguez | H13: M | I13: TX | Q13: =+E13&F13&G13 -> Manuel Sánchez Rodríguez | R13: No FEC Data
A14: Fannie Mae | B14: Y | C14: N | D14: Independent Director | E14: Karin | F14: J. | G14: Kimbrough | H14: F | L14: =+'Karin Kimbrough'!AJ5 -> 750 | P14: 420 RIVERSIDE DR NEW YORK NY 100257755 | Q14: =+E14&F14&G14 -> Karin J. Kimbrough
D15: EXECUTIVES | Q15: =+E15&F15&G15
A16: Fannie Mae | B16: N | C16: Y | D16: Chief Administrative Officer & Executive VP | E16: Jeffery | F16: R. | G16: Hayward | H16: M | Q16: =+E16&F16&G16 -> Jeffery R. Hayward | R16: No FEC Data
A17: Fannie Mae | B17: N | C17: Y | D17: Senior Vice President | E17: Douglas | F17: G. | G17: Duncan | H17: M | Q17: =+E17&F17&G17 -> Douglas G. Duncan | R17: No FEC Data
A18: Fannie Mae | B18: N | C18: Y | D18: Chief Risk Officer & Executive Vice President | E18: Ryan | F18: A. | G18: Zanin | H18: M | Q18: =+E18&F18&G18 -> Ryan A. Zanin | R18: No FEC Data
A19: Fannie Mae | B19: N | C19: Y | D19: Senior Vice President | E19: Richard | F19: Scott | G19: Blackley | H19: M | N19: =+GETPIVOTDATA("contribution_receipt_amount",'Richard Blackley'!$A$37,"committee_name","CAPITAL ONE FINANCIAL CORP. ASSOC. POLITICAL FUND") -> 5961.49 | O19: D | P19: 43414 TURNBERRY ISLE COURT LEESBURG VA 20176 | Q19: =+E19&F19&G19 -> Richard Scott Blackley
A20: Fannie Mae | B20: N | C20: Y | D20: Senior Vice President & Controller | E20: Chryssa | F20: C. | G20: Halley | H20: F | Q20: =+E20&F20&G20 -> Chryssa C. Halley | R20: No FEC Data
A21: Fannie Mae | B21: N | C21: Y | D21: Secretary, Executive VP & General Counsel | E21: Stergios | G21: Theologides | H21: M | L21: =+GETPIVOTDATA("contribution_receipt_amount",'Stergios Theologides'!$A$21) -> 35600 | O21: D | P21: 950 WESTMINSTER ST NW WASHINGTON DC 200014130 | Q21: =+E21&F21&G21 -> Stergios Theologides
L23: =SUM(L2:L22) -> 70313.29 | M23: =SUM(M2:M22) -> 11200 | N23: =SUM(N2:N22) -> 5961.49

Sheet Stergios Theologides
A1: committee_id | B1: committee_name | C1: report_year | D1: report_type | E1: image_number | F1: line_number | G1: transaction_id | H1: file_number | I1: committee_name | J1: entity_type | K1: entity_type_desc | L1: unused_contbr_id | M1: contributor_prefix | N1: contributor_name | O1: recipient_committee_type | P1: recipient_committee_org_type | Q1: recipient_committee_designation | R1: contributor_first_name | S1: contributor_middle_name | T1: contributor_last_name | U1: contributor_suffix | V1: contributor_street_1 | W1: contributor_street_2 | X1: contributor_city | Y1: contributor_state | Z1: contributor_zip | AA1: contributor_employer | AB1: contributor_occupation | AC1: contributor_id | AD1: receipt_type | AE1: receipt_type_desc | AF1: receipt_type_full | AG1: memo_code | AH1: memo_code_full | AI1: contribution_receipt_date | AJ1: contribution_receipt_amount | AK1: contributor_aggregate_ytd | AL1: candidate_id | AM1: candidate_name | AN1: candidate_first_name | AO1: candidate_last_name | AP1: candidate_middle_name | AQ1: candidate_prefix | AR1: candidate_suffix | AS1: candidate_office | AT1: candidate_office_full | AU1: candidate_office_state | AV1: candidate_office_state_full | AW1: candidate_office_district | AX1: conduit_committee_id | AY1: conduit_committee_name | AZ1: conduit_committee_street1 | BA1: conduit_committee_street2 | BB1: conduit_committee_city | BC1: conduit_committee_state | BD1: conduit_committee_zip | BE1: donor_committee_name | BF1: national_committee_nonfederal_account | BG1: election_type | BH1: election_type_full | BI1: fec_election_type_desc | BJ1: fec_election_year | BK1: amendment_indicator | BL1: amendment_indicator_desc | BM1: schedule_type_full | BN1: load_date | BO1: original_sub_id | BP1: back_reference_transaction_id | BQ1: back_reference_schedule_name | BR1: filing_form | BS1: link_id | BT1: is_individual | BU1: memo_text | BV1: two_year_transaction_period | BW1: schedule_type | BX1: increased_limit | BY1: sub_id | BZ1: pdf_url | CA1: line_number_label
A2: C00660464 | B2: CHRIS PAPPAS FOR CONGRESS | C2: 2020 | D2: Q1 | E2: 2.0200526e+17 | F2: 11AI | G2: VSHA8K8ANZ8 | H2: 1408413 | J2: IND | K2: INDIVIDUAL | L2: C00401224 | N2: THEOLOGIDES, STERGIOS | O2: H | Q2: P | R2: STERGIOS | T2: THEOLOGIDES | V2: 1441 U ST NW | W2: APT 1021 | X2: WASHINGTON | Y2: DC | Z2: 200093537 | AA2: FANNIE MAE | AB2: EXECUTIVE VICE PRESIDENT | AC2: C00401224 | AD2: 15E | AE2: EARMARKED CONTRIBUTION | AI2: 43880 | AJ2: 500 | AK2: 500 | BG2: P2020 | BI2: PRIMARY | BJ2: 2020 | BK2: N | BL2: NO CHANGE | BM2: ITEMIZED RECEIPTS | BN2: 43978.071 | BP2: VSHA8K8ANZ8E | BQ2: SA11AI | BR2: F3 | BS2: 4.0525202e+18 | BT2: t | BU2: * EARMARKED CONTRIBUTION: SEE BELOW | BV2: 2020 | BW2: SA | BY2: 4.0526202e+18 | BZ2: http://docquery.fec.gov/cgi-bin/fecimg/?202005259239494338 | CA2: Contributions From Individuals/Persons Other Than Political Committees
A3: C00711549 | B3: AMY MCGRATH FOR SENATE, INC. | C3: 2020 | D3: Q3 | E3: 2.0210702e+17 | F3: 11AI | G3: 11AI-001990681 | H3: 1522129 | J3: IND | K3: INDIVIDUAL | N3: THEOLOGIDES, STERGIOS | O3: S | Q3: P | R3: STERGIOS | T3: THEOLOGIDES | V3: 950 WESTMINSTER STREET NW | X3: WASHINGTON | Y3: DC | Z3: 20001 | AA3: FANNIE MAE | AB3: ATTORNEY | AD3: 15E | AE3: EARMARKED CONTRIBUTION | AI3: 44100 | AJ3: 2800 | AK3: 2800 | BG3: G2020 | BI3: GENERAL | BJ3: 2020 | BK3: A | BL3: ADD | BM3: ITEMIZED RECEIPTS | BN3: 44384.157 | BR3: F3 | BS3: 4.0702202e+18 | BT3: t | BU3: EARMARKED THROUGH ACTBLUE 09-27-2020 $1,234,374.47 - SEE MEMO ON SCH A FOR LINE 11C | BV3: 2020 | BW3: SA | BY3: 4.0707202e+18 | BZ3: https://docquery.fec.gov/cgi-bin/fecimg/?202107019450925380 | CA3: Contributions From Individuals/Persons Other Than Political Committees
A4: C00703975 | B4: BIDEN FOR PRESIDENT | C4: 2020 | D4: M5 | E4: 2.0200521e+17 | F4: 17A | G4: 4320367 | H4: 1407726 | J4: IND | K4: INDIVIDUAL | L4: C00401224 | N4: THEOLOGIDES, STERGIOS | O4: P | Q4: P | R4: STERGIOS | T4: THEOLOGIDES | V4: 521 LUMINOUS | X4: IRVINE | Y4: CA | Z4: 926034238 | AA4: CORELOGIC | AB4: ATTORNEY | AC4: C00401224 | AD4: 15E | AE4: EARMARKED CONTRIBUTION | AI4: 43946 | AJ4: 2800 | AK4: 2800 | BG4: P2020 | BI4: PRIMARY | BJ4: 2020 | BK4: A | BL4: ADD | BM4: ITEMIZED RECEIPTS | BN4: 43981.114 | BP4: 4320367E | BQ4: SA17A | BR4: F3P | BS4: 4.0521202e+18 | BT4: t | BU4: * EARMARKED CONTRIBUTION: SEE BELOW | BV4: 2020 | BW4: SA | BY4: 4.0529202e+18 | BZ4: http://docquery.fec.gov/cgi-bin/fecimg/?202005209239448762 | CA4: Contributions From Individuals/Persons Other Than Political Committees
A5: C00744946 | B5: BIDEN VICTORY FUND | C5: 2020 | D5: 30G | E5: 2.0201204e+17 | F5: 11AI | G5: 27875881 | H5: 1481256 | J5: IND | K5: INDIVIDUAL | N5: THEOLOGIDES, STERGIOS | O5: N | Q5: J | R5: STERGIOS | T5: THEOLOGIDES | V5: 1441 U ST NW | W5: APT 1021 | X5: WASHINGTON | Y5: DC | Z5: 200093537 | AA5: FANNIE MAE | AB5: ATTORNEY | AD5: 15 | AE5: CONTRIBUTION | AI5: 44137 | AJ5: 500 | AK5: 3300 | BG5: P | BI5: PRIMARY | BK5: A | BL5: ADD | BM5: ITEMIZED RECEIPTS | BN5: 44329.161 | BR5: F3X | BS5: 4.1205202e+18 | BT5: t | BV5: 2020 | BW5: SA | BY5: 4.0104202e+18 | BZ5: https://docquery.fec.gov/cgi-bin/fecimg/?202012039342557361 | CA5: Contributions From Individuals/Persons Other Than Political Committees
A6: C00636571 | B6: KATIE PORTER FOR CONGRESS | C6: 2020 | D6: Q2 | E6: 2.0201204e+17 | F6: 11AI | G6: VTEFSYCT318 | H6: 1480684 | J6: IND | K6: INDIVIDUAL | N6: THEOLOGIDES, STERGIOS | O6: H | Q6: P | R6: STERGIOS | T6: THEOLOGIDES | V6: 1441 U ST NW | X6: WASHINGTON | Y6: DC | Z6: 200093537 | AA6: THEOLOGIDES LAW, PC | AB6: ATTORNEY | AD6: 15E | AE6: EARMARKED CONTRIBUTION | AI6: 43946 | AJ6: 1000 | AK6: 1500 | BG6: G2020 | BI6: GENERAL | BJ6: 2020 | BK6: A | BL6: ADD | BM6: ITEMIZED RECEIPTS | BN6: 44183.154 | BP6: VTEFSYCT318E | BQ6: SA11AI | BR6: F3 | BS6: 4.1205202e+18 | BT6: t | BU6: * EARMARKED CONTRIBUTION: SEE BELOW | BV6: 2020 | BW6: SA | BY6: 4.1218202e+18 | BZ6: https://docquery.fec.gov/cgi-bin/fecimg/?202012039341014768 | CA6: Contributions From Individuals/Persons Other Than Political Committees
A7: C00010603 | B7: DNC SERVICES CORP / DEMOCRATIC NATIONAL COMMITTEE | C7: 2020 | D7: 30G | E7: 2.0210402e+17 | F7: 12 | G7: 38196215 | H7: 1507252 | J7: IND | K7: INDIVIDUAL | N7: THEOLOGIDES, STERGIOS | O7: Y | Q7: U | R7: STERGIOS | T7: THEOLOGIDES | V7: 1441 U ST NW | X7: WASHINGTON | Y7: DC | Z7: 200093537 | AA7: FANNIE MAE | AB7: ATTORNEY | AD7: 15J | AE7: MEMO (FILER'S % OF CONTRIBUTION GIVEN TO JOIN | AG7: X | AI7: 44113 | AJ7: 2800 | AK7: 2800 | BG7: G2020 | BI7: GENERAL | BJ7: 2020 | BK7: A | BL7: ADD | BM7: ITEMIZED RECEIPTS | BN7: 44292.194 | BP7: 38194002 | BQ7: SA12 | BR7: F3X | BS7: 4.0403202e+18 | BT7: t | BU7: * BIDEN VICTORY FUND | BV7: 2020 | BW7: SA | BY7: 4.0406202e+18 | BZ7: https://docquery.fec.gov/cgi-bin/fecimg/?202104019443054960 | CA7: Transfers from Authorized Committees
A8: C00744946 | B8: BIDEN VICTORY FUND | C8: 2020 | D8: 12G | E8: 2.0210309e+17 | F8: 11AI | G8: 20552301 | H8: 1503262 | J8: IND | K8: INDIVIDUAL | N8: THEOLOGIDES, STERGIOS | O8: N | Q8: J | R8: STERGIOS | T8: THEOLOGIDES | V8: 950 WESTMINSTER ST NW | X8: WASHINGTON | Y8: DC | Z8: 200014130 | AA8: FANNIE MAE | AB8: ATTORNEY | AD8: 15 | AE8: CONTRIBUTION | AI8: 44113 | AJ8: 2800 | AK8: 2800 | BG8: P | BI8: PRIMARY | BK8: A | BL8: ADD | BM8: ITEMIZED RECEIPTS | BN8: 44329.164 | BR8: F3X | BS8: 4.0309202e+18 | BT8: t | BV8: 2020 | BW8: SA | BY8: 4.0309202e+18 | BZ8: https://docquery.fec.gov/cgi-bin/fecimg/?202103089440311386 | CA8: Contributions From Individuals/Persons Other Than Political Committees
A9: C00703975 | B9: BIDEN FOR PRESIDENT | C9: 2020 | D9: M9 | E9: 2.0200921e+17 | F9: 17A | G9: 11782640 | H9: 1440320 | J9: IND | K9: INDIVIDUAL | L9: C00401224 | N9: THEOLOGIDES, STERGIOS | O9: P | Q9: P | R9: STERGIOS | T9: THEOLOGIDES | V9: 1441 U ST NW | W9: APT 1021 | X9: WASHINGTON | Y9: DC | Z9: 200093537 | AA9: FANNIE MAE | AB9: ATTORNEY | AC9: C00401224 | AD9: 15E | AE9: EARMARKED CONTRIBUTION | AI9: 44066 | AJ9: 2800 | AK9: 5600 | BG9: G2020 | BI9: GENERAL | BJ9: 2020 | BK9: A | BL9: ADD | BM9: ITEMIZED RECEIPTS | BN9: 44104.184 | BP9: 11782640E | BQ9: SA17A | BR9: F3P | BS9: 4.0922202e+18 | BT9: t | BU9: * EARMARKED CONTRIBUTION: SEE BELOW | BV9: 2020 | BW9: SA | BY9: 4.0930202e+18 | BZ9: http://docquery.fec.gov/cgi-bin/fecimg/?202009209276472405 | CA9: Contributions From Individuals/Persons Other Than Political Committees
A10: C00718866 | B10: JON OSSOFF FOR SENATE | C10: 2020 | D10: Q3 | E10: 2.0201016e+17 | F10: 11AI | G10: VTE6ZZVN417 | H10: 1451841 | J10: IND | K10: INDIVIDUAL | L10: C00401224 | N10: THEOLOGIDES, STERGIOS | O10: S | Q10: P | R10: STERGIOS | T10: THEOLOGIDES | V10: 950 WESTMINSTER ST NW | X10: WASHINGTON | Y10: DC | Z10: 200014130 | AA10: FANNIE MAE | AB10: ATTORNEY | AC10: C00401224 | AD10: 15E | AE10: EARMARKED CONTRIBUTION | AI10: 44100 | AJ10: 2800 | AK10: 2800 | BG10: G2020 | BI10: GENERAL | BJ10: 2020 | BK10: A | BL10: ADD | BM10: ITEMIZED RECEIPTS | BN10: 44173.155 | BP10: VTE6ZZVN417E | BQ10: SA11AI | BR10: F3 | BS10: 4.1016202e+18 | BT10: t | BU10: * EARMARKED CONTRIBUTION: SEE BELOW | BV10: 2020 | BW10: SA | BY10: 4.1208202e+18 | BZ10: http://docquery.fec.gov/cgi-bin/fecimg/?202010159295101192 | CA10: Contributions From Individuals/Persons Other Than Political Committees
A11: C00741611 | B11: MONTANANS FOR BULLOCK | C11: 2020 | D11: Q3 | E11: 2.0210608e+17 | F11: 11AI | G11: 2781675 | H11: 1518904 | J11: IND | K11: INDIVIDUAL | N11: THEOLOGIDES, STERGIOS | O11: S | Q11: P | R11: STERGIOS | T11: THEOLOGIDES | V11: 950 WESTMINSTER ST NW | X11: WASHINGTON | Y11: DC | Z11: 200014130 | AA11: FANNIE MAE | AB11: ATTORNEY | AD11: 15E | AE11: EARMARKED CONTRIBUTION | AI11: 44100 | AJ11: 2800 | AK11: 2800 | BG11: G2020 | BI11: GENERAL | BJ11: 2020 | BK11: A | BL11: ADD | BM11: ITEMIZED RECEIPTS | BN11: 44358.156 | BP11: 2781675E | BQ11: SA11AI | BR11: F3 | BS11: 4.0608202e+18 | BT11: t | BU11: * EARMARKED CONTRIBUTION: SEE BELOW | BV11: 2020 | BW11: SA | BY11: 4.0611202e+18 | BZ11: https://docquery.fec.gov/cgi-bin/fecimg/?202106079448844695 | CA11: Contributions From Individuals/Persons Other Than Political Committees
A12: C00640623 | B12: DOUG JONES FOR SENATE COMMITTEE | C12: 2020 | D12: Q3 | E12: 2.0201118e+17 | F12: 11AI | G12: VTQYMTMQDQ7 | H12: 1472474 | J12: IND | K12: INDIVIDUAL | N12: THEOLOGIDES, STERGIOS | O12: S | Q12: P | R12: STERGIOS | T12: THEOLOGIDES | V12: 950 WESTMINSTER ST NW | X12: WASHINGTON | Y12: DC | Z12: 200014130 | AA12: FANNIE MAE | AB12: ATTORNEY | AD12: 15E | AE12: EARMARKED CONTRIBUTION | AI12: 44100 | AJ12: 2800 | AK12: 2800 | BG12: G2020 | BI12: GENERAL | BJ12: 2020 | BK12: A | BL12: ADD | BM12: ITEMIZED RECEIPTS | BN12: 44161.157 | BP12: VTQYMTMQDQ7E | BQ12: SA11AI | BR12: F3 | BS12: 4.1117202e+18 | BT12: t | BU12: * EARMARKED CONTRIBUTION: SEE BELOW | BV12: 2020 | BW12: SA | BY12: 4.1126202e+18 | BZ12: http://docquery.fec.gov/cgi-bin/fecimg/?202011179337013466 | CA12: Contributions From Individuals/Persons Other Than Political Committees
A13: C00702225 | B13: CANDACE FOR 24 | C13: 2020 | D13: Q3 | E13: 2.0201016e+17 | F13: 11AI | G13: 7710037 | H13: 1452728 | J13: IND | K13: INDIVIDUAL | L13: C00401224 | N13: THEOLOGIDES, STERGIOS | O13: H | Q13: P | R13: STERGIOS | T13: THEOLOGIDES | V13: 1441 U ST NW | W13: APT 1021 | X13: WASHINGTON | Y13: DC | Z13: 200093537 | AA13: CORELOGIC | AB13: ATTORNEY | AC13: C00401224 | AD13: 15E | AE13: EARMARKED CONTRIBUTION | AI13: 44066 | AJ13: 1000 | AK13: 1000 | BG13: G2020 | BI13: GENERAL | BJ13: 2020 | BK13: A | BL13: ADD | BM13: ITEMIZED RECEIPTS | BN13: 44163.152 | BP13: 7710037E | BQ13: SA11AI | BR13: F3 | BS13: 4.1016202e+18 | BT13: t | BU13: * EARMARKED CONTRIBUTION: SEE BELOW | BV13: 2020 | BW13: SA | BY13: 4.1128202e+18 | BZ13: http://docquery.fec.gov/cgi-bin/fecimg/?202010159295663761 | CA13: Contributions From Individuals/Persons Other Than Political Committees
A14: C00696153 | B14: JAIME HARRISON FOR US SENATE | C14: 2020 | D14: Q3 | E14: 2.0201016e+17 | F14: 11AI | G14: VVC3HSZAZ01 | H14: 1449356 | J14: IND | K14: INDIVIDUAL | L14: C00401224 | N14: THEOLOGIDES, STERGIOS | O14: S | Q14: P | R14: STERGIOS | T14: THEOLOGIDES | V14: 950 WESTMINSTER ST NW | X14: WASHINGTON | Y14: DC | Z14: 200014130 | AA14: FANNIE MAE | AB14: ATTORNEY | AC14: C00401224 | AD14: 15E | AE14: EARMARKED CONTRIBUTION | AI14: 44100 | AJ14: 2800 | AK14: 2800 | BG14: G2020 | BI14: GENERAL | BJ14: 2020 | BK14: A | BL14: ADD | BM14: ITEMIZED RECEIPTS | BN14: 44170.166 | BP14: VVC3HSZAZ01E | BQ14: SA11AI | BR14: F3 | BS14: 4.1016202e+18 | BT14: t | BU14: * EARMARKED CONTRIBUTION: SEE BELOW | BV14: 2020 | BW14: SA | BY14: 4.1205202e+18 | BZ14: http://docquery.fec.gov/cgi-bin/fecimg/?202010159294115307 | CA14: Contributions From Individuals/Persons Other Than Political Committees
A15: C00709410 | B15: CAL FOR NC | C15: 2020 | D15: Q3 | E15: 2.0201202e+17 | F15: 11AI | G15: VVC0QW4VT20 | H15: 1475453 | J15: IND | K15: INDIVIDUAL | N15: THEOLOGIDES, STERGIOS | O15: S | Q15: P | R15: STERGIOS | T15: THEOLOGIDES | V15: 950 WESTMINSTER ST NW | X15: WASHINGTON | Y15: DC | Z15: 200014130 | AA15: FANNIE MAE | AB15: ATTORNEY | AD15: 15E | AE15: EARMARKED CONTRIBUTION | AI15: 44100 | AJ15: 2800 | AK15: 2800 | BG15: G2020 | BI15: GENERAL | BJ15: 2020 | BK15: A | BL15: ADD | BM15: ITEMIZED RECEIPTS | BN15: 44189.167 | BP15: VVC0QW4VT20E | BQ15: SA11AI | BR15: F3 | BS15: 4.1202202e+18 | BT15: t | BU15: * EARMARKED CONTRIBUTION: SEE BELOW | BV15: 2020 | BW15: SA | BY15: 4.1224202e+18 | BZ15: https://docquery.fec.gov/cgi-bin/fecimg/?202012019337326982 | CA15: Contributions From Individuals/Persons Other Than Political Committees
A16: C00636571 | B16: KATIE PORTER FOR CONGRESS | C16: 2020 | D16: Q3 | E16: 2.0201204e+17 | F16: 11AI | G16: VTEFSZXPN76 | H16: 1480781 | J16: IND | K16: INDIVIDUAL | N16: THEOLOGIDES, STERGIOS | O16: H | Q16: P | R16: STERGIOS | T16: THEOLOGIDES | V16: 1441 U ST NW | X16: WASHINGTON | Y16: DC | Z16: 200093537 | AA16: THEOLOGIDES LAW, PC | AB16: ATTORNEY | AD16: 15E | AE16: EARMARKED CONTRIBUTION | AI16: 44100 | AJ16: 1800 | AK16: 3300 | BG16: G2020 | BI16: GENERAL | BJ16: 2020 | BK16: A | BL16: ADD | BM16: ITEMIZED RECEIPTS | BN16: 44189.173 | BP16: VTEFSZXPN76E | BQ16: SA11AI | BR16: F3 | BS16: 4.1205202e+18 | BT16: t | BU16: * EARMARKED CONTRIBUTION: SEE BELOW | BV16: 2020 | BW16: SA | BY16: 4.1224202e+18 | BZ16: https://docquery.fec.gov/cgi-bin/fecimg/?202012039341042127 | CA16: Contributions From Individuals/Persons Other Than Political Committees
A17: C00709899 | B17: SARA GIDEON FOR MAINE | C17: 2020 | D17: Q3 | E17: 2.0201204e+17 | F17: 11AI | G17: VVC97W6FQY5 | H17: 1477776 | J17: IND | K17: INDIVIDUAL | N17: THEOLOGIDES, STERGIOS | O17: S | Q17: P | R17: STERGIOS | T17: THEOLOGIDES | V17: 950 WESTMINSTER ST NW | X17: WASHINGTON | Y17: DC | Z17: 200014130 | AA17: FANNIE MAE | AB17: ATTORNEY | AD17: 15E | AE17: EARMARKED CONTRIBUTION | AI17: 44100 | AJ17: 2800 | AK17: 2800 | BG17: G2020 | BI17: GENERAL | BJ17: 2020 | BK17: A | BL17: ADD | BM17: ITEMIZED RECEIPTS | BN17: 44202.163 | BP17: VVC97W6FQY5E | BQ17: SA11AI | BR17: F3 | BS17: 4.1204202e+18 | BT17: t | BU17: * EARMARKED CONTRIBUTION: SEE BELOW | BV17: 2020 | BW17: SA | BY17: 4.0106202e+18 | BZ17: https://docquery.fec.gov/cgi-bin/fecimg/?202012039337639643 | CA17: Contributions From Individuals/Persons Other Than Political Committees
V19: =+V17&X17&Y17&Z17 -> 950 WESTMINSTER ST NWWASHINGTONDC200014130
A21: Row Labels | B21: Sum of contribution_receipt_amount
A22: AMY MCGRATH FOR SENATE, INC. | B22: 2800 | C22: D
A23: BIDEN FOR PRESIDENT | B23: 5600 | C23: D
A24: BIDEN VICTORY FUND | B24: 3300 | C24: D
A25: CAL FOR NC | B25: 2800 | C25: D
A26: CANDACE FOR 24 | B26: 1000 | C26: D
A27: CHRIS PAPPAS FOR CONGRESS | B27: 500 | C27: D
A28: DNC SERVICES CORP / DEMOCRATIC NATIONAL COMMITTEE | B28: 2800 | C28: D
A29: DOUG JONES FOR SENATE COMMITTEE | B29: 2800 | C29: D
A30: JAIME HARRISON FOR US SENATE | B30: 2800 | C30: D
A31: JON OSSOFF FOR SENATE | B31: 2800 | C31: D
A32: KATIE PORTER FOR CONGRESS | B32: 2800 | C32: D
A33: MONTANANS FOR BULLOCK | B33: 2800 | C33: D
A34: SARA GIDEON FOR MAINE | B34: 2800 | C34: D
A35: Grand Total | B35: 35600

Sheet Richard Blackley
A1: committee_id | B1: committee_name | C1: report_year | D1: report_type | E1: image_number | F1: line_number | G1: transaction_id | H1: file_number | I1: committee_name | J1: entity_type | K1: entity_type_desc | L1: unused_contbr_id | M1: contributor_prefix | N1: contributor_name | O1: recipient_committee_type | P1: recipient_committee_org_type | Q1: recipient_committee_designation | R1: contributor_first_name | S1: contributor_middle_name | T1: contributor_last_name | U1: contributor_suffix | V1: contributor_street_1 | W1: contributor_street_2 | X1: contributor_city | Y1: contributor_state | Z1: contributor_zip | AA1: contributor_employer | AB1: contributor_occupation | AC1: contributor_id | AD1: receipt_type | AE1: receipt_type_desc | AF1: receipt_type_full | AG1: memo_code | AH1: memo_code_full | AI1: contribution_receipt_date | AJ1: contribution_receipt_amount | AK1: contributor_aggregate_ytd | AL1: candidate_id | AM1: candidate_name | AN1: candidate_first_name | AO1: candidate_last_name | AP1: candidate_middle_name | AQ1: candidate_prefix | AR1: candidate_suffix | AS1: candidate_office | AT1: candidate_office_full | AU1: candidate_office_state | AV1: candidate_office_state_full | AW1: candidate_office_district | AX1: conduit_committee_id | AY1: conduit_committee_name | AZ1: conduit_committee_street1 | BA1: conduit_committee_street2 | BB1: conduit_committee_city | BC1: conduit_committee_state | BD1: conduit_committee_zip | BE1: donor_committee_name | BF1: national_committee_nonfederal_account | BG1: election_type | BH1: election_type_full | BI1: fec_election_type_desc | BJ1: fec_election_year | BK1: amendment_indicator | BL1: amendment_indicator_desc | BM1: schedule_type_full | BN1: load_date | BO1: original_sub_id | BP1: back_reference_transaction_id | BQ1: back_reference_schedule_name | BR1: filing_form | BS1: link_id | BT1: is_individual | BU1: memo_text | BV1: two_year_transaction_period | BW1: schedule_type | BX1: increased_limit | BY1: sub_id | BZ1: pdf_url | CA1: line_number_label
A2: C00326595 | B2: CAPITAL ONE FINANCIAL CORP. ASSOC. POLITICAL FUND | C2: 2019 | D2: M11 | E2: 2.0191121e+17 | F2: 11AI | G2: A2019-2463543 | H2: 1363758 | J2: IND | K2: INDIVIDUAL | N2: BLACKLEY, RICHARD S | O2: Q | P2: C | Q2: B | R2: RICHARD | S2: S | T2: BLACKLEY | V2: 43414 TURNBERRY ISLE COURT | X2: LEESBURG | Y2: VA | Z2: 20176 | AA2: CAPITAL ONE | AB2: EXECUTIVE COMMITTEE | AD2: 15 | AE2: CONTRIBUTION | AI2: 43749 | AJ2: 192.31 | AK2: 4038.51 | BG2: P | BI2: PRIMARY | BK2: A | BL2: ADD | BM2: ITEMIZED RECEIPTS | BN2: 43790.095 | BR2: F3X | BS2: 4.1120202e+18 | BT2: t | BV2: 2020 | BW2: SA | BY2: 4.1120202e+18 | BZ2: http://docquery.fec.gov/cgi-bin/fecimg/?201911209165667838 | CA2: Contributions From Individuals/Persons Other Than Political Committees
A3: C00326595 | B3: CAPITAL ONE FINANCIAL CORP. ASSOC. POLITICAL FUND | C3: 2019 | D3: M11 | E3: 2.0191121e+17 | F3: 11AI | G3: A2019-2488881 | H3: 1363758 | J3: IND | K3: INDIVIDUAL | N3: BLACKLEY, RICHARD S | O3: Q | P3: C | Q3: B | R3: RICHARD | S3: S | T3: BLACKLEY | V3: 43414 TURNBERRY ISLE COURT | X3: LEESBURG | Y3: VA | Z3: 20176 | AA3: CAPITAL ONE | AB3: EXECUTIVE COMMITTEE | AD3: 15 | AE3: CONTRIBUTION | AI3: 43763 | AJ3: 192.31 | AK3: 4230.82 | BG3: P | BI3: PRIMARY | BK3: A | BL3: ADD | BM3: ITEMIZED RECEIPTS | BN3: 43790.095 | BR3: F3X | BS3: 4.1120202e+18 | BT3: t | BV3: 2020 | BW3: SA | BY3: 4.1120202e+18 | BZ3: http://docquery.fec.gov/cgi-bin/fecimg/?201911209165667838 | CA3: Contributions From Individuals/Persons Other Than Political Committees
A4: C00326595 | B4: CAPITAL ONE FINANCIAL CORP. ASSOC. POLITICAL FUND | C4: 2019 | D4: M12 | E4: 2.0191218e+17 | F4: 11AI | G4: A2019-2621013 | H4: 1366599 | J4: IND | K4: INDIVIDUAL | N4: BLACKLEY, RICHARD S | O4: Q | P4: C | Q4: B | R4: RICHARD | S4: S | T4: BLACKLEY | V4: 43414 TURNBERRY ISLE COURT | X4: LEESBURG | Y4: VA | Z4: 20176 | AA4: CAPITAL ONE | AB4: EXECUTIVE COMMITTEE | AD4: 15 | AE4: CONTRIBUTION | AI4: 43777 | AJ4: 192.31 | AK4: 4423.13 | BG4: P | BI4: PRIMARY | BK4: A | BL4: ADD | BM4: ITEMIZED RECEIPTS | BN4: 43818.071 | BR4: F3X | BS4: 4.1218202e+18 | BT4: t | BV4: 2020 | BW4: SA | BY4: 4.1218202e+18 | BZ4: http://docquery.fec.gov/cgi-bin/fecimg/?201912179166318425 | CA4: Contributions From Individuals/Persons Other Than Political Committees
A5: C00326595 | B5: CAPITAL ONE FINANCIAL CORP. ASSOC. POLITICAL FUND | C5: 2019 | D5: M12 | E5: 2.0191218e+17 | F5: 11AI | G5: A2019-2714183 | H5: 1366599 | J5: IND | K5: INDIVIDUAL | N5: BLACKLEY, RICHARD S | O5: Q | P5: C | Q5: B | R5: RICHARD | S5: S | T5: BLACKLEY | V5: 43414 TURNBERRY ISLE COURT | X5: LEESBURG | Y5: VA | Z5: 20176 | AA5: CAPITAL ONE | AB5: EXECUTIVE COMMITTEE | AD5: 15 | AE5: CONTRIBUTION | AI5: 43791 | AJ5: 192.31 | AK5: 4615.44 | BG5: P | BI5: PRIMARY | BK5: A | BL5: ADD | BM5: ITEMIZED RECEIPTS | BN5: 43818.071 | BR5: F3X | BS5: 4.1218202e+18 | BT5: t | BV5: 2020 | BW5: SA | BY5: 4.1218202e+18 | BZ5: http://docquery.fec.gov/cgi-bin/fecimg/?201912179166318425 | CA5: Contributions From Individuals/Persons Other Than Political Committees
A6: C00326595 | B6: CAPITAL ONE FINANCIAL CORP. ASSOC. POLITICAL FUND | C6: 2019 | D6: YE | E6: 2.0200131e+17 | F6: 11AI | G6: A2019-2948511 | H6: 1375953 | J6: IND | K6: INDIVIDUAL | N6: BLACKLEY, RICHARD S | O6: Q | P6: C | Q6: B | R6: RICHARD | S6: S | T6: BLACKLEY | V6: 43414 TURNBERRY ISLE COURT | X6: LEESBURG | Y6: VA | Z6: 20176 | AA6: CAPITAL ONE | AB6: EXECUTIVE COMMITTEE | AD6: 15 | AE6: CONTRIBUTION | AI6: 43805 | AJ6: 192.31 | AK6: 4807.75 | BG6: P | BI6: PRIMARY | BK6: A | BL6: ADD | BM6: ITEMIZED RECEIPTS | BN6: 43882.104 | BR6: F3X | BS6: 4.0130202e+18 | BT6: t | BV6: 2020 | BW6: SA | BY6: 4.0220202e+18 | BZ6: http://docquery.fec.gov/cgi-bin/fecimg/?202001309182502729 | CA6: Contributions From Individuals/Persons Other Than Political Committees
A7: C00326595 | B7: CAPITAL ONE FINANCIAL CORP. ASSOC. POLITICAL FUND | C7: 2019 | D7: YE | E7: 2.0200131e+17 | F7: 11AI | G7: A2019-2954736 | H7: 1375953 | J7: IND | K7: INDIVIDUAL | N7: BLACKLEY, RICHARD S | O7: Q | P7: C | Q7: B | R7: RICHARD | S7: S | T7: BLACKLEY | V7: 43414 TURNBERRY ISLE COURT | X7: LEESBURG | Y7: VA | Z7: 20176 | AA7: CAPITAL ONE | AB7: EXECUTIVE COMMITTEE | AD7: 15 | AE7: CONTRIBUTION | AI7: 43819 | AJ7: 192.25 | AK7: 5000 | BG7: P | BI7: PRIMARY | BK7: A | BL7: ADD | BM7: ITEMIZED RECEIPTS | BN7: 43882.104 | BR7: F3X | BS7: 4.0130202e+18 | BT7: t | BV7: 2020 | BW7: SA | BY7: 4.0220202e+18 | BZ7: http://docquery.fec.gov/cgi-bin/fecimg/?202001309182502729 | CA7: Contributions From Individuals/Persons Other Than Political Committees
A8: C00326595 | B8: CAPITAL ONE FINANCIAL CORP. ASSOC. POLITICAL FUND | C8: 2020 | D8: M2 | E8: 2.0200219e+17 | F8: 11AI | G8: A2020-40733 | H8: 1383171 | J8: IND | K8: INDIVIDUAL | N8: BLACKLEY, RICHARD S | O8: Q | P8: C | Q8: B | R8: RICHARD | S8: S | T8: BLACKLEY | V8: 43414 TURNBERRY ISLE COURT | X8: LEESBURG | Y8: VA | Z8: 20176 | AA8: CAPITAL ONE | AB8: EXECUTIVE COMMITTEE | AD8: 15 | AE8: CONTRIBUTION | AI8: 43847 | AJ8: 192.31 | AK8: 384.62 | BG8: P | BI8: PRIMARY | BK8: A | BL8: ADD | BM8: ITEMIZED RECEIPTS | BN8: 43888.064 | BR8: F3X | BS8: 4.0219202e+18 | BT8: t | BV8: 2020 | BW8: SA | BY8: 4.0226202e+18 | BZ8: http://docquery.fec.gov/cgi-bin/fecimg/?202002189186519495 | CA8: Contributions From Individuals/Persons Other Than Political Committees
A9: C00326595 | B9: CAPITAL ONE FINANCIAL CORP. ASSOC. POLITICAL FUND | C9: 2020 | D9: M2 | E9: 2.0200219e+17 | F9: 11AI | G9: A2020-85690 | H9: 1383171 | J9: IND | K9: INDIVIDUAL | N9: BLACKLEY, RICHARD S | O9: Q | P9: C | Q9: B | R9: RICHARD | S9: S | T9: BLACKLEY | V9: 43414 TURNBERRY ISLE COURT | X9: LEESBURG | Y9: VA | Z9: 20176 | AA9: CAPITAL ONE | AB9: EXECUTIVE COMMITTEE | AD9: 15 | AE9: CONTRIBUTION | AI9: 43861 | AJ9: 192.31 | AK9: 576.93 | BG9: P | BI9: PRIMARY | BK9: A | BL9: ADD | BM9: ITEMIZED RECEIPTS | BN9: 43888.064 | BR9: F3X | BS9: 4.0219202e+18 | BT9: t | BV9: 2020 | BW9: SA | BY9: 4.0226202e+18 | BZ9: http://docquery.fec.gov/cgi-bin/fecimg/?202002189186519495 | CA9: Contributions From Individuals/Persons Other Than Political Committees
A10: C00326595 | B10: CAPITAL ONE FINANCIAL CORP. ASSOC. POLITICAL FUND | C10: 2020 | D10: M3 | E10: 2.0200319e+17 | F10: 11AI | G10: A2020-283789 | H10: 1390603 | J10: IND | K10: INDIVIDUAL | N10: BLACKLEY, RICHARD S | O10: Q | P10: C | Q10: B | R10: RICHARD | S10: S | T10: BLACKLEY | V10: 43414 TURNBERRY ISLE COURT | X10: LEESBURG | Y10: VA | Z10: 20176 | AA10: CAPITAL ONE | AB10: EXECUTIVE COMMITTEE | AD10: 15 | AE10: CONTRIBUTION | AI10: 43875 | AJ10: 192.31 | AK10: 769.24 | BG10: P | BI10: PRIMARY | BK10: A | BL10: ADD | BM10: ITEMIZED RECEIPTS | BN10: 43910.096 | BR10: F3X | BS10: 4.0319202e+18 | BT10: t | BV10: 2020 | BW10: SA | BY10: 4.0319202e+18 | BZ10: http://docquery.fec.gov/cgi-bin/fecimg/?202003189203897183 | CA10: Contributions From Individuals/Persons Other Than Political Committees
A11: C00326595 | B11: CAPITAL ONE FINANCIAL CORP. ASSOC. POLITICAL FUND | C11: 2020 | D11: M3 | E11: 2.0200319e+17 | F11: 11AI | G11: A2020-313442 | H11: 1390603 | J11: IND | K11: INDIVIDUAL | N11: BLACKLEY, RICHARD S | O11: Q | P11: C | Q11: B | R11: RICHARD | S11: S | T11: BLACKLEY | V11: 43414 TURNBERRY ISLE COURT | X11: LEESBURG | Y11: VA | Z11: 20176 | AA11: CAPITAL ONE | AB11: EXECUTIVE COMMITTEE | AD11: 15 | AE11: CONTRIBUTION | AI11: 43889 | AJ11: 192.31 | AK11: 961.55 | BG11: P | BI11: PRIMARY | BK11: A | BL11: ADD | BM11: ITEMIZED RECEIPTS | BN11: 43910.096 | BR11: F3X | BS11: 4.0319202e+18 | BT11: t | BV11: 2020 | BW11: SA | BY11: 4.0319202e+18 | BZ11: http://docquery.fec.gov/cgi-bin/fecimg/?202003189203897184 | CA11: Contributions From Individuals/Persons Other Than Political Committees
A12: C00326595 | B12: CAPITAL ONE FINANCIAL CORP. ASSOC. POLITICAL FUND | C12: 2020 | D12: M4 | E12: 2.0200418e+17 | F12: 11AI | G12: A2020-532829 | H12: 1401883 | J12: IND | K12: INDIVIDUAL | N12: BLACKLEY, RICHARD S | O12: Q | P12: C | Q12: B | R12: RICHARD | S12: S | T12: BLACKLEY | V12: 43414 TURNBERRY ISLE COURT | X12: LEESBURG | Y12: VA | Z12: 20176 | AA12: CAPITAL ONE | AB12: EXECUTIVE COMMITTEE | AD12: 15 | AE12: CONTRIBUTION | AI12: 43903 | AJ12: 192.31 | AK12: 1153.86 | BG12: P | BI12: PRIMARY | BK12: A | BL12: ADD | BM12: ITEMIZED RECEIPTS | BN12: 43942.074 | BR12: F3X | BS12: 4.0418202e+18 | BT12: t | BV12: 2020 | BW12: SA | BY12: 4.0420202e+18 | BZ12: http://docquery.fec.gov/cgi-bin/fecimg/?202004179219700995 | CA12: Contributions From Individuals/Persons Other Than Political Committees
A13: C00326595 | B13: CAPITAL ONE FINANCIAL CORP. ASSOC. POLITICAL FUND | C13: 2020 | D13: M4 | E13: 2.0200418e+17 | F13: 11AI | G13: A2020-555628 | H13: 1401883 | J13: IND | K13: INDIVIDUAL | N13: BLACKLEY, RICHARD S | O13: Q | P13: C | Q13: B | R13: RICHARD | S13: S | T13: BLACKLEY | V13: 43414 TURNBERRY ISLE COURT | X13: LEESBURG | Y13: VA | Z13: 20176 | AA13: CAPITAL ONE | AB13: EXECUTIVE COMMITTEE | AD13: 15 | AE13: CONTRIBUTION | AI13: 43917 | AJ13: 192.31 | AK13: 1346.17 | BG13: P | BI13: PRIMARY | BK13: A | BL13: ADD | BM13: ITEMIZED RECEIPTS | BN13: 43942.074 | BR13: F3X | BS13: 4.0418202e+18 | BT13: t | BV13: 2020 | BW13: SA | BY13: 4.0420202e+18 | BZ13: http://docquery.fec.gov/cgi-bin/fecimg/?202004179219700996 | CA13: Contributions From Individuals/Persons Other Than Political Committees
... A32: C00326595 | B32: CAPITAL ONE FINANCIAL CORP. ASSOC. POLITICAL FUND | C32: 2020 | D32: 30G | E32: 2.0201204e+17 | F32: 11AI | G32: A2020-2501812 | H32: 1479855 | J32: IND | K32: INDIVIDUAL | N32: BLACKLEY, RICHARD S | O32: Q | P32: C | Q32: B | R32: RICHARD | S32: S | T32: BLACKLEY | V32: 43414 TURNBERRY ISLE COURT | X32: LEESBURG | Y32: VA | Z32: 20176 | AA32: CAPITAL ONE | AB32: EXECUTIVE COMMITTEE | AD32: 15 | AE32: CONTRIBUTION | AI32: 44155 | AJ32: 192.31 | AK32: 4615.44 | BG32: P | BI32: PRIMARY | BK32: A | BL32: ADD | BM32: ITEMIZED RECEIPTS | BN32: 44197.155 | BR32: F3X | BS32: 4.1204202e+18 | BT32: t | BV32: 2020 | BW32: SA | BY32: 4.0101202e+18 | BZ32: https://docquery.fec.gov/cgi-bin/fecimg/?202012039340006655 | CA32: Contributions From Individuals/Persons Other Than Political Committees
V35: =+V32&X32&Y32&Z32 -> 43414 TURNBERRY ISLE COURTLEESBURGVA20176
A37: Row Labels | B37: Sum of contribution_receipt_amount | D37: D | E37: R
A38: CAPITAL ONE FINANCIAL CORP. ASSOC. POLITICAL FUND | B38: 5961.49 | D38: 0.5281 | E38: 0.4719
A39: Grand Total | B39: 5961.49

Sheet Karin Kimbrough
A1: committee_id | B1: committee_name | C1: report_year | D1: report_type | E1: image_number | F1: line_number | G1: transaction_id | H1: file_number | I1: committee_name | J1: entity_type | K1: entity_type_desc | L1: unused_contbr_id | M1: contributor_prefix | N1: contributor_name | O1: recipient_committee_type | P1: recipient_committee_org_type | Q1: recipient_committee_designation | R1: contributor_first_name | S1: contributor_middle_name | T1: contributor_last_name | U1: contributor_suffix | V1: contributor_street_1 | W1: contributor_street_2 | X1: contributor_city | Y1: contributor_state | Z1: contributor_zip | AA1: contributor_employer | AB1: contributor_occupation | AC1: contributor_id | AD1: receipt_type | AE1: receipt_type_desc | AF1: receipt_type_full | AG1: memo_code | AH1: memo_code_full | AI1: contribution_receipt_date | AJ1: contribution_receipt_amount | AK1: contributor_aggregate_ytd | AL1: candidate_id | AM1: candidate_name | AN1: candidate_first_name | AO1: candidate_last_name | AP1: candidate_middle_name | AQ1: candidate_prefix | AR1: candidate_suffix | AS1: candidate_office | AT1: candidate_office_full | AU1: candidate_office_state | AV1: candidate_office_state_full | AW1: candidate_office_district | AX1: conduit_committee_id | AY1: conduit_committee_name | AZ1: conduit_committee_street1 | BA1: conduit_committee_street2 | BB1: conduit_committee_city | BC1: conduit_committee_state | BD1: conduit_committee_zip | BE1: donor_committee_name | BF1: national_committee_nonfederal_account | BG1: election_type | BH1: election_type_full | BI1: fec_election_type_desc | BJ1: fec_election_year | BK1: amendment_indicator | BL1: amendment_indicator_desc | BM1: schedule_type_full | BN1: load_date | BO1: original_sub_id | BP1: back_reference_transaction_id | BQ1: back_reference_schedule_name | BR1: filing_form | BS1: link_id | BT1: is_individual | BU1: memo_text | BV1: two_year_transaction_period | BW1: schedule_type | BX1: increased_limit | BY1: sub_id | BZ1: pdf_url | CA1: line_number_label
A2: C00718866 | B2: JON OSSOFF FOR SENATE | C2: 2020 | D2: 12R | E2: 2.0210603e+17 | F2: 11AI | G2: 5518895 | H2: 1518550 | J2: IND | K2: INDIVIDUAL | N2: KIMBROUGH, KARIN | O2: S | Q2: P | R2: KARIN | T2: KIMBROUGH | V2: 420 RIVERSIDE DR | X2: NEW YORK | Y2: NY | Z2: 100257755 | AA2: LINKEDIN | AB2: ECONOMIST | AD2: 15E | AE2: EARMARKED CONTRIBUTION | AI2: 44177 | AJ2: 250 | AK2: 250 | BG2: O2020 | BH2: RUN-OFF GENERAL | BJ2: 2020 | BK2: A | BL2: ADD | BM2: ITEMIZED RECEIPTS | BN2: 44358.157 | BP2: 5518895E | BQ2: SA11AI | BR2: F3 | BS2: 4.0604202e+18 | BT2: t | BU2: * EARMARKED CONTRIBUTION: SEE BELOW | BV2: 2020 | BW2: SA | BY2: 4.0611202e+18 | BZ2: https://docquery.fec.gov/cgi-bin/fecimg/?202106029448611499 | CA2: Contributions From Individuals/Persons Other Than Political Committees
A3: C00736876 | B3: WARNOCK FOR GEORGIA | C3: 2020 | D3: 12S | E3: 2.0201225e+17 | F3: 11AI | G3: 11438160 | H3: 1484293 | J3: IND | K3: INDIVIDUAL | L3: C00401224 | N3: KIMBROUGH, KARIN | O3: S | Q3: P | R3: KARIN | T3: KIMBROUGH | V3: 420 RIVERSIDE DR | W3: APT 2E | X3: NEW YORK | Y3: NY | Z3: 100257755 | AA3: LINKEDIN | AB3: ECONOMIST | AC3: C00401224 | AD3: 15E | AE3: EARMARKED CONTRIBUTION | AI3: 44177 | AJ3: 500 | AK3: 500 | BG3: G2020 | BH3: RUN-OFF SPECIAL | BI3: GENERAL | BJ3: 2020 | BK3: A | BL3: ADD | BM3: ITEMIZED RECEIPTS | BN3: 44219.477 | BP3: 11438160E | BQ3: SA11AI | BR3: F3 | BS3: 4.1226202e+18 | BT3: t | BU3: * EARMARKED CONTRIBUTION: SEE BELOW | BV3: 2020 | BW3: SA | BY3: 4.0123202e+18 | BZ3: https://docquery.fec.gov/cgi-bin/fecimg/?202012249394094609 | CA3: Contributions From Individuals/Persons Other Than Political Committees
V5: =+V3&X3&Y3&Z3 -> 420 RIVERSIDE DRNEW YORKNY100257755 | AJ5: =SUM(AJ2:AJ4) -> 750

Sheet Michael Heid
A1: committee_id | B1: committee_name | C1: report_year | D1: report_type | E1: image_number | F1: line_number | G1: transaction_id | H1: file_number | I1: committee_name | J1: entity_type | K1: entity_type_desc | L1: unused_contbr_id | M1: contributor_prefix | N1: contributor_name | O1: recipient_committee_type | P1: recipient_committee_org_type | Q1: recipient_committee_designation | R1: contributor_first_name | S1: contributor_middle_name | T1: contributor_last_name | U1: contributor_suffix | V1: contributor_street_1 | W1: contributor_street_2 | X1: contributor_city | Y1: contributor_state | Z1: contributor_zip | AA1: contributor_employer | AB1: contributor_occupation | AC1: contributor_id | AD1: receipt_type | AE1: receipt_type_desc | AF1: receipt_type_full | AG1: memo_code | AH1: memo_code_full | AI1: contribution_receipt_date | AJ1: contribution_receipt_amount | AK1: contributor_aggregate_ytd | AL1: candidate_id | AM1: candidate_name | AN1: candidate_first_name | AO1: candidate_last_name | AP1: candidate_middle_name | AQ1: candidate_prefix | AR1: candidate_suffix | AS1: candidate_office | AT1: candidate_office_full | AU1: candidate_office_state | AV1: candidate_office_state_full | AW1: candidate_office_district | AX1: conduit_committee_id | AY1: conduit_committee_name | AZ1: conduit_committee_street1 | BA1: conduit_committee_street2 | BB1: conduit_committee_city | BC1: conduit_committee_state | BD1: conduit_committee_zip | BE1: donor_committee_name | BF1: national_committee_nonfederal_account | BG1: election_type | BH1: election_type_full | BI1: fec_election_type_desc | BJ1: fec_election_year | BK1: amendment_indicator | BL1: amendment_indicator_desc | BM1: schedule_type_full | BN1: load_date | BO1: original_sub_id | BP1: back_reference_transaction_id | BQ1: back_reference_schedule_name | BR1: filing_form | BS1: link_id | BT1: is_individual | BU1: memo_text | BV1: two_year_transaction_period | BW1: schedule_type | BX1: increased_limit | BY1: sub_id | BZ1: pdf_url | CA1: line_number_label
A2: C00401224 | B2: ACTBLUE | C2: 2019 | D2: YE | E2: 2.020013e+17 | F2: 11AI | G2: SA11AI_193740683 | H2: 1378435 | J2: IND | K2: INDIVIDUAL | N2: HEID, MICHAEL | O2: V | Q2: U | R2: MICHAEL | T2: HEID | V2: 117 LEE ROAD | X2: PITTSBURGH | Y2: PA | Z2: 15237 | AA2: NOT EMPLOYED | AB2: NOT EMPLOYED | AF2: EARMARK | AI2: 43815 | AJ2: 100 | AK2: 100 | BF2: _x000D_ | BK2: A | BL2: ADD | BM2: ITEMIZED RECEIPTS | BN2: 43894.298 | BR2: F3X | BS2: 4.0201202e+18 | BT2: t | BU2: EARMARKED FOR AMY FOR AMERICA (C00696419) | BV2: 2020 | BW2: SA | BY2: 4.0302202e+18 | BZ2: http://docquery.fec.gov/cgi-bin/fecimg/?202001299170592378 | CA2: Contributions From Individuals/Persons Other Than Political Committees
A3: C00401224 | B3: ACTBLUE | C3: 2020 | D3: M2 | E3: 2.0200222e+17 | F3: 11AI | G3: SA11AI_197813221 | H3: 1385527 | J3: IND | K3: INDIVIDUAL | N3: HEID, MICHAEL | O3: V | Q3: U | R3: MICHAEL | T3: HEID | V3: 117 LEE ROAD | X3: PITTSBURGH | Y3: PA | Z3: 15237 | AA3: NOT EMPLOYED | AB3: NOT EMPLOYED | AF3: EARMARK | AI3: 43832 | AJ3: 100 | AK3: 100 | BK3: A | BL3: ADD | BM3: ITEMIZED RECEIPTS | BN3: 43915.263 | BR3: F3X | BS3: 4.0221202e+18 | BT3: t | BU3: EARMARKED FOR AMY FOR AMERICA (C00696419) | BV3: 2020 | BW3: SA | BY3: 4.0324202e+18 | BZ3: http://docquery.fec.gov/cgi-bin/fecimg/?202002219200710831 | CA3: Contributions From Individuals/Persons Other Than Political Committees
A4: C00401224 | B4: ACTBLUE | C4: 2020 | D4: M3 | E4: 2.0200321e+17 | F4: 11AI | G4: SA11AI_204921141 | H4: 1391686 | J4: IND | K4: INDIVIDUAL | N4: HEID, MICHAEL | O4: V | Q4: U | R4: MICHAEL | T4: HEID | V4: 117 LEE ROAD | X4: PITTSBURGH | Y4: PA | Z4: 15237 | AA4: NOT EMPLOYED | AB4: NOT EMPLOYED | AF4: EARMARK | AI4: 43863 | AJ4: 25 | AK4: 125 | BK4: A | BL4: ADD | BM4: ITEMIZED RECEIPTS | BN4: 43924.473 | BR4: F3X | BS4: 4.0323202e+18 | BT4: t | BU4: EARMARKED FOR AMY FOR AMERICA (C00696419) | BV4: 2020 | BW4: SA | BY4: 4.0402202e+18 | BZ4: http://docquery.fec.gov/cgi-bin/fecimg/?202003209211349729 | CA4: Contributions From Individuals/Persons Other Than Political Committees
A5: C00401224 | B5: ACTBLUE | C5: 2020 | D5: M4 | E5: 2.0200422e+17 | F5: 11AI | G5: SA11AI_215550876 | H5: 1402724 | J5: IND | K5: INDIVIDUAL | N5: HEID, MICHAEL | O5: V | Q5: U | R5: MICHAEL | T5: HEID | V5: 117 LEE ROAD | X5: PITTSBURGH | Y5: PA | Z5: 15237 | AA5: NOT EMPLOYED | AB5: NOT EMPLOYED | AF5: EARMARK | AI5: 43892 | AJ5: 25 | AK5: 150 | BK5: A | BL5: ADD | BM5: ITEMIZED RECEIPTS | BN5: 43966.323 | BR5: F3X | BS5: 4.0420202e+18 | BT5: t | BU5: EARMARKED FOR AMY FOR AMERICA (C00696419) | BV5: 2020 | BW5: SA | BY5: 4.0514202e+18 | BZ5: http://docquery.fec.gov/cgi-bin/fecimg/?202004219229138920 | CA5: Contributions From Individuals/Persons Other Than Political Committees
A6: C00696419 | B6: AMY FOR AMERICA | C6: 2020 | D6: M4 | E6: 2.0200716e+17 | F6: 17A | G6: 1611598 | H6: 1424519 | J6: IND | K6: INDIVIDUAL | L6: C00401224 | N6: HEID, MICHAEL | O6: P | Q6: P | R6: MICHAEL | T6: HEID | V6: 117 LEE RD | X6: PITTSBURGH | Y6: PA | Z6: 152373908 | AA6: NOT EMPLOYED | AB6: NOT EMPLOYED | AC6: C00401224 | AD6: 15E | AE6: EARMARKED CONTRIBUTION | AI6: 43892 | AJ6: 25 | AK6: 250 | BG6: P2020 | BI6: PRIMARY | BJ6: 2020 | BK6: N | BL6: NO CHANGE | BM6: ITEMIZED RECEIPTS | BN6: 44029.117 | BP6: 1611598E | BQ6: SA17A | BR6: F3P | BS6: 4.0716202e+18 | BT6: t | BU6: * EARMARKED CONTRIBUTION: SEE BELOW | BV6: 2020 | BW6: SA | BY6: 4.0716202e+18 | BZ6: http://docquery.fec.gov/cgi-bin/fecimg/?202007159249971242 | CA6: Contributions From Individuals/Persons Other Than Political Committees
A7: C00696419 | B7: AMY FOR AMERICA | C7: 2020 | D7: M3 | E7: 2.0200716e+17 | F7: 17A | G7: 1250568 | H7: 1424472 | J7: IND | K7: INDIVIDUAL | N7: HEID, MICHAEL | O7: P | Q7: P | R7: MICHAEL | T7: HEID | V7: 117 LEE RD | X7: PITTSBURGH | Y7: PA | Z7: 152373908 | AA7: NOT EMPLOYED | AB7: NOT EMPLOYED | AD7: 15E | AE7: EARMARKED CONTRIBUTION | AI7: 43863 | AJ7: 25 | AK7: 225 | BG7: P2020 | BI7: PRIMARY | BJ7: 2020 | BK7: A | BL7: ADD | BM7: ITEMIZED RECEIPTS | BN7: 44033.137 | BP7: 1250568E | BQ7: SA17A | BR7: F3P | BS7: 4.0716202e+18 | BT7: t | BU7: * EARMARKED CONTRIBUTION: SEE BELOW | BV7: 2020 | BW7: SA | BY7: 4.0720202e+18 | BZ7: http://docquery.fec.gov/cgi-bin/fecimg/?202007159249951823 | CA7: Contributions From Individuals/Persons Other Than Political Committees
V9: =+V5&X5&Y5&Z5 -> 117 LEE ROADPITTSBURGHPA15237
A10: Row Labels | B10: Sum of contribution_receipt_amount
A11: ACTBLUE | B11: 250
A12: AMY FOR AMERICA | B12: 50
A13: Grand Total | B13: 300

Sheet Renee Glover
A1: committee_id | B1: committee_name | C1: report_year | D1: report_type | E1: image_number | F1: line_number | G1: transaction_id | H1: file_number | I1: committee_name | J1: entity_type | K1: entity_type_desc | L1: unused_contbr_id | M1: contributor_prefix | N1: contributor_name | O1: recipient_committee_type | P1: recipient_committee_org_type | Q1: recipient_committee_designation | R1: contributor_first_name | S1: contributor_middle_name | T1: contributor_last_name | U1: contributor_suffix | V1: contributor_street_1 | W1: contributor_street_2 | X1: contributor_city | Y1: contributor_state | Z1: contributor_zip | AA1: contributor_employer | AB1: contributor_occupation | AC1: contributor_id | AD1: receipt_type | AE1: receipt_type_desc | AF1: receipt_type_full | AG1: memo_code | AH1: memo_code_full | AI1: contribution_receipt_date | AJ1: contribution_receipt_amount | AK1: contributor_aggregate_ytd | AL1: candidate_id | AM1: candidate_name | AN1: candidate_first_name | AO1: candidate_last_name | AP1: candidate_middle_name | AQ1: candidate_prefix | AR1: candidate_suffix | AS1: candidate_office | AT1: candidate_office_full | AU1: candidate_office_state | AV1: candidate_office_state_full | AW1: candidate_office_district | AX1: conduit_committee_id | AY1: conduit_committee_name | AZ1: conduit_committee_street1 | BA1: conduit_committee_street2 | BB1: conduit_committee_city | BC1: conduit_committee_state | BD1: conduit_committee_zip | BE1: donor_committee_name | BF1: national_committee_nonfederal_account | BG1: election_type | BH1: election_type_full | BI1: fec_election_type_desc | BJ1: fec_election_year | BK1: amendment_indicator | BL1: amendment_indicator_desc | BM1: schedule_type_full | BN1: load_date | BO1: original_sub_id | BP1: back_reference_transaction_id | BQ1: back_reference_schedule_name | BR1: filing_form | BS1: link_id | BT1: is_individual | BU1: memo_text | BV1: two_year_transaction_period | BW1: schedule_type | BX1: increased_limit | BY1: sub_id | BZ1: pdf_url | CA1: line_number_label
A2: C00147512 | B2: CONGRESSIONAL BLACK CAUCUS PAC | C2: 2020 | D2: M9 | E2: 2.020092e+17 | F2: 11AI | G2: VNW66J06GJ1 | H2: 1439904 | J2: IND | K2: INDIVIDUAL | N2: GLOVER, RENEE | O2: Q | Q2: U | R2: RENEE | T2: GLOVER | V2: 553 AUBURN AVE NE | X2: ATLANTA | Y2: GA | Z2: 303121941 | AA2: THE CATALYST GROUP LLC | AB2: BUSINESS CONSULTANT | AD2: 15 | AE2: CONTRIBUTION | AI2: 44053 | AJ2: 25 | AK2: 450 | BG2: P | BI2: PRIMARY | BK2: A | BL2: ADD | BM2: ITEMIZED RECEIPTS | BN2: 44106.151 | BR2: F3X | BS2: 4.0920202e+18 | BT2: t | BV2: 2020 | BW2: SA | BY2: 4.1002202e+18 | BZ2: http://docquery.fec.gov/cgi-bin/fecimg/?202009199275282561 | CA2: Contributions From Individuals/Persons Other Than Political Committees
A3: C00147512 | B3: CONGRESSIONAL BLACK CAUCUS PAC | C3: 2020 | D3: M9 | E3: 2.020092e+17 | F3: 11AI | G3: VNW66J1QCZ1 | H3: 1439904 | J3: IND | K3: INDIVIDUAL | N3: GLOVER, RENEE | O3: Q | Q3: U | R3: RENEE | T3: GLOVER | V3: 553 AUBURN AVE NE | X3: ATLANTA | Y3: GA | Z3: 303121941 | AA3: THE CATALYST GROUP LLC | AB3: BUSINESS CONSULTANT | AD3: 15 | AE3: CONTRIBUTION | AI3: 44074 | AJ3: 25 | AK3: 450 | BG3: P | BI3: PRIMARY | BK3: A | BL3: ADD | BM3: ITEMIZED RECEIPTS | BN3: 44106.151 | BR3: F3X | BS3: 4.0920202e+18 | BT3: t | BV3: 2020 | BW3: SA | BY3: 4.1002202e+18 | BZ3: http://docquery.fec.gov/cgi-bin/fecimg/?202009199275282561 | CA3: Contributions From Individuals/Persons Other Than Political Committees
A4: C00147512 | B4: CONGRESSIONAL BLACK CAUCUS PAC | C4: 2020 | D4: YE | E4: 2.021013e+17 | F4: 11AI | G4: VNW66JYTNE1 | H4: 1492994 | J4: IND | K4: INDIVIDUAL | N4: GLOVER, RENEE | O4: Q | Q4: U | R4: RENEE | T4: GLOVER | V4: 553 AUBURN AVE NE | X4: ATLANTA | Y4: GA | Z4: 303121941 | AA4: THE CATALYST GROUP LLC | AB4: BUSINESS CONSULTANT | AD4: 15 | AE4: CONTRIBUTION | AI4: 44165 | AJ4: 50 | AK4: 750 | BG4: P | BI4: PRIMARY | BK4: A | BL4: ADD | BM4: ITEMIZED RECEIPTS | BN4: 44229.151 | BR4: F3X | BS4: 4.0130202e+18 | BT4: t | BV4: 2020 | BW4: SA | BY4: 4.0202202e+18 | BZ4: https://docquery.fec.gov/cgi-bin/fecimg/?202101299413841311 | CA4: Contributions From Individuals/Persons Other Than Political Committees
A5: C00147512 | B5: CONGRESSIONAL BLACK CAUCUS PAC | C5: 2020 | D5: 12G | E5: 2.0201023e+17 | F5: 11AI | G5: VNW66JEQW66 | H5: 1462303 | J5: IND | K5: INDIVIDUAL | N5: GLOVER, RENEE | O5: Q | Q5: U | R5: RENEE | T5: GLOVER | V5: 553 AUBURN AVE NE | X5: ATLANTA | Y5: GA | Z5: 303121941 | AA5: THE CATALYST GROUP LLC | AB5: BUSINESS CONSULTANT | AD5: 15 | AE5: CONTRIBUTION | AI5: 44105 | AJ5: 50 | AK5: 700 | BG5: P | BI5: PRIMARY | BK5: A | BL5: ADD | BM5: ITEMIZED RECEIPTS | BN5: 44169.19 | BR5: F3X | BS5: 4.1023202e+18 | BT5: t | BV5: 2020 | BW5: SA | BY5: 4.1204202e+18 | BZ5: http://docquery.fec.gov/cgi-bin/fecimg/?202010229332830242 | CA5: Contributions From Individuals/Persons Other Than Political Committees
A6: C00147512 | B6: CONGRESSIONAL BLACK CAUCUS PAC | C6: 2020 | D6: M9 | E6: 2.020092e+17 | F6: 11AI | G6: VNW66HZB528 | H6: 1439904 | J6: IND | K6: INDIVIDUAL | N6: GLOVER, RENEE | O6: Q | Q6: U | R6: RENEE | T6: GLOVER | V6: 553 AUBURN AVE NE | X6: ATLANTA | Y6: GA | Z6: 303121941 | AA6: THE CATALYST GROUP LLC | AB6: BUSINESS CONSULTANT | AD6: 15 | AE6: CONTRIBUTION | AI6: 44046 | AJ6: 100 | AK6: 450 | BG6: P | BI6: PRIMARY | BK6: A | BL6: ADD | BM6: ITEMIZED RECEIPTS | BN6: 44106.151 | BR6: F3X | BS6: 4.0920202e+18 | BT6: t | BV6: 2020 | BW6: SA | BY6: 4.1002202e+18 | BZ6: http://docquery.fec.gov/cgi-bin/fecimg/?202009199275282560 | CA6: Contributions From Individuals/Persons Other Than Political Committees
A7: C00147512 | B7: CONGRESSIONAL BLACK CAUCUS PAC | C7: 2020 | D7: M9 | E7: 2.020092e+17 | F7: 11AI | G7: VNW66HZW9N1 | H7: 1439904 | J7: IND | K7: INDIVIDUAL | N7: GLOVER, RENEE | O7: Q | Q7: U | R7: RENEE | T7: GLOVER | V7: 553 AUBURN AVE NE | X7: ATLANTA | Y7: GA | Z7: 303121941 | AA7: THE CATALYST GROUP LLC | AB7: BUSINESS CONSULTANT | AD7: 15 | AE7: CONTRIBUTION | AI7: 44053 | AJ7: 100 | AK7: 450 | BG7: P | BI7: PRIMARY | BK7: A | BL7: ADD | BM7: ITEMIZED RECEIPTS | BN7: 44106.151 | BR7: F3X | BS7: 4.0920202e+18 | BT7: t | BV7: 2020 | BW7: SA | BY7: 4.1002202e+18 | BZ7: http://docquery.fec.gov/cgi-bin/fecimg/?202009199275282560 | CA7: Contributions From Individuals/Persons Other Than Political Committees
A8: C00147512 | B8: CONGRESSIONAL BLACK CAUCUS PAC | C8: 2020 | D8: M9 | E8: 2.020092e+17 | F8: 11AI | G8: VNW66J1BHC9 | H8: 1439904 | J8: IND | K8: INDIVIDUAL | N8: GLOVER, RENEE | O8: Q | Q8: U | R8: RENEE | T8: GLOVER | V8: 553 AUBURN AVE NE | X8: ATLANTA | Y8: GA | Z8: 303121941 | AA8: THE CATALYST GROUP LLC | AB8: BUSINESS CONSULTANT | AD8: 15 | AE8: CONTRIBUTION | AI8: 44067 | AJ8: 100 | AK8: 450 | BG8: P | BI8: PRIMARY | BK8: A | BL8: ADD | BM8: ITEMIZED RECEIPTS | BN8: 44106.151 | BR8: F3X | BS8: 4.0920202e+18 | BT8: t | BV8: 2020 | BW8: SA | BY8: 4.1002202e+18 | BZ8: http://docquery.fec.gov/cgi-bin/fecimg/?202009199275282561 | CA8: Contributions From Individuals/Persons Other Than Political Committees
A9: C00147512 | B9: CONGRESSIONAL BLACK CAUCUS PAC | C9: 2020 | D9: M10 | E9: 2.0201021e+17 | F9: 11AI | G9: VNW66J6JRY7 | H9: 1458645 | J9: IND | K9: INDIVIDUAL | N9: GLOVER, RENEE | O9: Q | Q9: U | R9: RENEE | T9: GLOVER | V9: 553 AUBURN AVE NE | X9: ATLANTA | Y9: GA | Z9: 303121941 | AA9: THE CATALYST GROUP LLC | AB9: BUSINESS CONSULTANT | AD9: 15 | AE9: CONTRIBUTION | AI9: 44095 | AJ9: 100 | AK9: 650 | BG9: P | BI9: PRIMARY | BK9: A | BL9: ADD | BM9: ITEMIZED RECEIPTS | BN9: 44170.162 | BR9: F3X | BS9: 4.1022202e+18 | BT9: t | BV9: 2020 | BW9: SA | BY9: 4.1205202e+18 | BZ9: http://docquery.fec.gov/cgi-bin/fecimg/?202010209298294278 | CA9: Contributions From Individuals/Persons Other Than Political Committees
A10: C00147512 | B10: CONGRESSIONAL BLACK CAUCUS PAC | C10: 2020 | D10: M10 | E10: 2.0201021e+17 | F10: 11AI | G10: VNW66J6JS53 | H10: 1458645 | J10: IND | K10: INDIVIDUAL | N10: GLOVER, RENEE | O10: Q | Q10: U | R10: RENEE | T10: GLOVER | V10: 553 AUBURN AVE NE | X10: ATLANTA | Y10: GA | Z10: 303121941 | AA10: THE CATALYST GROUP LLC | AB10: BUSINESS CONSULTANT | AD10: 15 | AE10: CONTRIBUTION | AI10: 44095 | AJ10: 100 | AK10: 650 | BG10: P | BI10: PRIMARY | BK10: A | BL10: ADD | BM10: ITEMIZED RECEIPTS | BN10: 44170.162 | BR10: F3X | BS10: 4.1022202e+18 | BT10: t | BV10: 2020 | BW10: SA | BY10: 4.1205202e+18 | BZ10: http://docquery.fec.gov/cgi-bin/fecimg/?202010209298294278 | CA10: Contributions From Individuals/Persons Other Than Political Committees
A11: C00042366 | B11: DSCC | C11: 2019 | D11: YE | E11: 2.0200132e+17 | F11: 11AI | G11: 13548096 | H11: 1376980 | J11: IND | K11: INDIVIDUAL | L11: C00401224 | N11: GLOVER, RENEE | O11: Y | Q11: U | R11: RENEE | T11: GLOVER | V11: 553 AUBURN AVE NE | X11: ATLANTA | Y11: GA | Z11: 303121941 | AA11: THE CATALYST GROUP LLC | AB11: BUSINESS CONSULTANT | AC11: C00401224 | AD11: 15E | AE11: EARMARKED CONTRIBUTION | AI11: 43830 | AJ11: 100 | AK11: 300 | BG11: P | BI11: PRIMARY | BK11: A | BL11: ADD | BM11: ITEMIZED RECEIPTS | BN11: 43869.071 | BP11: 13548096E | BQ11: SA11AI | BR11: F3X | BS11: 4.0131202e+18 | BT11: t | BU11: * EARMARKED CONTRIBUTION: SEE BELOW | BV11: 2020 | BW11: SA | BY11: 4.0207202e+18 | BZ11: http://docquery.fec.gov/cgi-bin/fecimg/?202001319184184886 | CA11: Contributions From Individuals/Persons Other Than Political Committees
A12: C00000935 | B12: DCCC | C12: 2020 | D12: M10 | E12: 2.0210331e+17 | F12: 11AI | G12: 31827833 | H12: 1506705 | J12: IND | K12: INDIVIDUAL | N12: GLOVER, RENEE | O12: Y | Q12: U | R12: RENEE | T12: GLOVER | V12: 553 AUBURN AVE NE | X12: ATLANTA | Y12: GA | Z12: 303121941 | AA12: THE CATALYST GROUP LLC | AB12: BUSINESS CONSULTANT | AD12: 15E | AE12: EARMARKED CONTRIBUTION | AI12: 44103 | AJ12: 125 | AK12: 1479 | BG12: P | BI12: PRIMARY | BK12: A | BL12: ADD | BM12: ITEMIZED RECEIPTS | BN12: 44292.177 | BP12: 31827833E | BQ12: SA11AI | BR12: F3X | BS12: 4.0331202e+18 | BT12: t | BU12: * EARMARKED CONTRIBUTION: SEE BELOW EARMARKED THROUGH ACTBLUE | BV12: 2020 | BW12: SA | BY12: 4.0406202e+18 | BZ12: https://docquery.fec.gov/cgi-bin/fecimg/?202103309442644757 | CA12: Contributions From Individuals/Persons Other Than Political Committees
A13: C00401224 | B13: ACTBLUE | C13: 2020 | D13: M10 | E13: 2.0201215e+17 | F13: 11AI | G13: SA11AI_302862221 | H13: 1482832 | J13: IND | K13: INDIVIDUAL | L13: C00147512 | N13: GLOVER, RENEE | O13: V | Q13: U | R13: RENEE | T13: GLOVER | V13: 553 AUBURN AVENUE NE | X13: ATLANTA | Y13: GA | Z13: 30312 | AA13: THE CATALYST GROUP, LLC | AB13: BUSINESS CONSULTANT | AC13: C00147512 | AD13: 24T | AE13: EARMARKED INTERMEDIARY TREASURY OUT | AF13: EARMARK | AI13: 44094 | AJ13: 100 | AK13: 700 | BF13: _x000D_ | BK13: A | BL13: ADD | BM13: ITEMIZED RECEIPTS | BN13: 44218.646 | BR13: F3X | BS13: 4.1216202e+18 | BT13: t | BU13: EARMARKED FOR CONGRESSIONAL BLACK CAUCUS PAC (C00147512) | BV13: 2020 | BW13: SA | BY13: 4.0121202e+18 | BZ13: https://docquery.fec.gov/cgi-bin/fecimg/?202012149376634937 | CA13: Contributions From Individuals/Persons Other Than Political Committees
A14: C00401224 | B14: ACTBLUE | C14: 2020 | D14: M10 | E14: 2.0201215e+17 | F14: 11AI | G14: SA11AI_302862367 | H14: 1482832 | J14: IND | K14: INDIVIDUAL | N14: GLOVER, RENEE | O14: V | Q14: U | R14: RENEE | T14: GLOVER | V14: 553 AUBURN AVENUE NE | X14: ATLANTA | Y14: GA | Z14: 30312 | AA14: THE CATALYST GROUP, LLC | AB14: BUSINESS CONSULTANT | AD14: 15 | AE14: CONTRIBUTION | AF14: CONTRIBUTION TO ACT BLUE | AI14: 44094 | AJ14: 10 | AK14: 1172.9 | BF14: _x000D_ | BK14: A | BL14: ADD | BM14: ITEMIZED RECEIPTS | BN14: 44218.646 | BR14: F3X | BS14: 4.1216202e+18 | BT14: t | BU14: CONTRIBUTION TO ACTBLUE | BV14: 2020 | BW14: SA | BY14: 4.0121202e+18 | BZ14: https://docquery.fec.gov/cgi-bin/fecimg/?202012149376634936 | CA14: Contributions From Individuals/Persons Other Than Political Committees
A15: C00401224 | B15: ACTBLUE | C15: 2020 | D15: M10 | E15: 2.0201215e+17 | F15: 11AI | G15: SA11AI_302861527 | H15: 1482832 | J15: IND | K15: INDIVIDUAL | N15: GLOVER, RENEE | O15: V | Q15: U | R15: RENEE | T15: GLOVER | V15: 553 AUBURN AVENUE NE | X15: ATLANTA | Y15: GA | Z15: 30312 | AA15: THE CATALYST GROUP, LLC | AB15: BUSINESS CONSULTANT | AD15: 15 | AE15: CONTRIBUTION | AF15: CONTRIBUTION TO ACT BLUE | AI15: 44094 | AJ15: 10 | AK15: 1172.9 | BF15: _x000D_ | BK15: A | BL15: ADD | BM15: ITEMIZED RECEIPTS | BN15: 44218.646 | BR15: F3X | BS15: 4.1216202e+18 | BT15: t | BU15: CONTRIBUTION TO ACTBLUE | BV15: 2020 | BW15: SA | BY15: 4.0121202e+18 | BZ15: https://docquery.fec.gov/cgi-bin/fecimg/?202012149376634936 | CA15: Contributions From Individuals/Persons Other Than Political Committees
A16: C00401224 | B16: ACTBLUE | C16: 2020 | D16: M10 | E16: 2.0201215e+17 | F16: 11AI | G16: SA11AI_298099587 | H16: 1482832 | J16: IND | K16: INDIVIDUAL | L16: C00633404 | N16: GLOVER, RENEE | O16: V | Q16: U | R16: RENEE | T16: GLOVER | V16: 553 AUBURN AVENUE NE | X16: ATLANTA | Y16: GA | Z16: 30312 | AA16: THE CATALYST GROUP, LLC | AB16: BUSINESS CONSULTANT | AC16: C00633404 | AD16: 24T | AE16: EARMARKED INTERMEDIARY TREASURY OUT | AF16: EARMARK | AI16: 44092 | AJ16: 100 | AK16: 1400 | BF16: _x000D_ | BK16: A | BL16: ADD | BM16: ITEMIZED RECEIPTS | BN16: 44218.646 | BR16: F3X | BS16: 4.1216202e+18 | BT16: t | BU16: EARMARKED FOR STOP REPUBLICANS (C00633404) | BV16: 2020 | BW16: SA | BY16: 4.0121202e+18 | BZ16: https://docquery.fec.gov/cgi-bin/fecimg/?202012149376634935 | CA16: Contributions From Individuals/Persons Other Than Political Committees
A17: C00401224 | B17: ACTBLUE | C17: 2020 | D17: M10 | E17: 2.0201215e+17 | F17: 11AI | G17: SA11AI_298100311 | H17: 1482832 | J17: IND | K17: INDIVIDUAL | N17: GLOVER, RENEE | O17: V | Q17: U | R17: RENEE | T17: GLOVER | V17: 553 AUBURN AVENUE NE | X17: ATLANTA | Y17: GA | Z17: 30312 | AA17: THE CATALYST GROUP, LLC | AB17: BUSINESS CONSULTANT | AD17: 15 | AE17: CONTRIBUTION | AF17: CONTRIBUTION TO ACT BLUE | AI17: 44092 | AJ17: 10 | AK17: 1172.9 | BF17: _x000D_ | BK17: A | BL17: ADD | BM17: ITEMIZED RECEIPTS | BN17: 44218.646 | BR17: F3X | BS17: 4.1216202e+18 | BT17: t | BU17: CONTRIBUTION TO ACTBLUE | BV17: 2020 | BW17: SA | BY17: 4.0121202e+18 | BZ17: https://docquery.fec.gov/cgi-bin/fecimg/?202012149376634934 | CA17: Contributions From Individuals/Persons Other Than Political Committees
A18: C00401224 | B18: ACTBLUE | C18: 2020 | D18: M10 | E18: 2.0201215e+17 | F18: 11AI | G18: SA11AI_298096693 | H18: 1482832 | J18: IND | K18: INDIVIDUAL | N18: GLOVER, RENEE | O18: V | Q18: U | R18: RENEE | T18: GLOVER | V18: 553 AUBURN AVENUE NE | X18: ATLANTA | Y18: GA | Z18: 30312 | AA18: THE CATALYST GROUP, LLC | AB18: BUSINESS CONSULTANT | AD18: 15 | AE18: CONTRIBUTION | AF18: CONTRIBUTION TO ACT BLUE | AI18: 44092 | AJ18: 10 | AK18: 1172.9 | BF18: _x000D_ | BK18: A | BL18: ADD | BM18: ITEMIZED RECEIPTS | BN18: 44218.646 | BR18: F3X | BS18: 4.1216202e+18 | BT18: t | BU18: CONTRIBUTION TO ACTBLUE | BV18: 2020 | BW18: SA | BY18: 4.0121202e+18 | BZ18: https://docquery.fec.gov/cgi-bin/fecimg/?202012149376634935 | CA18: Contributions From Individuals/Persons Other Than Political Committees
A19: C00401224 | B19: ACTBLUE | C19: 2020 | D19: M10 | E19: 2.0201215e+17 | F19: 11AI | G19: SA11AI_298095941 | H19: 1482832 | J19: IND | K19: INDIVIDUAL | L19: C00633404 | N19: GLOVER, RENEE | O19: V | Q19: U | R19: RENEE | T19: GLOVER | V19: 553 AUBURN AVENUE NE | X19: ATLANTA | Y19: GA | Z19: 30312 | AA19: THE CATALYST GROUP, LLC | AB19: BUSINESS CONSULTANT | AC19: C00633404 | AD19: 24T | AE19: EARMARKED INTERMEDIARY TREASURY OUT | AF19: EARMARK | AI19: 44092 | AJ19: 100 | AK19: 1400 | BF19: _x000D_ | BK19: A | BL19: ADD | BM19: ITEMIZED RECEIPTS | BN19: 44218.646 | BR19: F3X | BS19: 4.1216202e+18 | BT19: t | BU19: EARMARKED FOR STOP REPUBLICANS (C00633404) | BV19: 2020 | BW19: SA | BY19: 4.0121202e+18 | BZ19: https://docquery.fec.gov/cgi-bin/fecimg/?202012149376634934 | CA19: Contributions From Individuals/Persons Other Than Political Committees
A20: C00401224 | B20: ACTBLUE | C20: 2019 | D20: YE | E20: 2.020013e+17 | F20: 11AI | G20: SA11AI_185291281 | H20: 1378435 | J20: IND | K20: INDIVIDUAL | N20: GLOVER, RENEE | O20: V | Q20: U | R20: RENEE | T20: GLOVER | V20: 553 AUBURN AVENUE NORTHEAST | X20: ATLANTA | Y20: GA | Z20: 30312 | AA20: THE CATALYST GROUP, LLC | AB20: BUSINESS CONSULTANT | AF20: CONTRIBUTION TO ACT BLUE | AI20: 43767 | AJ20: 10 | AK20: 106.3 | BF20: _x000D_ | BK20: A | BL20: ADD | BM20: ITEMIZED RECEIPTS | BN20: 43894.297 | BR20: F3X | BS20: 4.0201202e+18 | BT20: t | BU20: CONTRIBUTION TO ACTBLUE | BV20: 2020 | BW20: SA | BY20: 4.0302202e+18 | BZ20: http://docquery.fec.gov/cgi-bin/fecimg/?202001299170114951 | CA20: Contributions From Individuals/Persons Other Than Political Committees
A21: C00401224 | B21: ACTBLUE | C21: 2019 | D21: YE | E21: 2.020013e+17 | F21: 11AI | G21: SA11AI_191886470 | H21: 1378435 | J21: IND | K21: INDIVIDUAL | N21: GLOVER, RENEE | O21: V | Q21: U | R21: RENEE | T21: GLOVER | V21: 553 AUBURN AVENUE NORTHEAST | X21: ATLANTA | Y21: GA | Z21: 30312 | AA21: THE CATALYST GROUP, LLC | AB21: BUSINESS CONSULTANT | AF21: CONTRIBUTION TO ACT BLUE | AI21: 43804 | AJ21: 12.5 | AK21: 106.3 | BF21: _x000D_ | BK21: A | BL21: ADD | BM21: ITEMIZED RECEIPTS | BN21: 43894.317 | BR21: F3X | BS21: 4.0201202e+18 | BT21: t | BU21: CONTRIBUTION TO ACTBLUE | BV21: 2020 | BW21: SA | BY21: 4.0302202e+18 | BZ21: http://docquery.fec.gov/cgi-bin/fecimg/?202001299170114952 | CA21: Contributions From Individuals/Persons Other Than Political Committees
A22: C00401224 | B22: ACTBLUE | C22: 2019 | D22: YE | E22: 2.020013e+17 | F22: 11AI | G22: SA11AI_191005101 | H22: 1378435 | J22: IND | K22: INDIVIDUAL | L22: C00000935 | N22: GLOVER, RENEE | O22: V | Q22: U | R22: RENEE | T22: GLOVER | V22: 553 AUBURN AVENUE NORTHEAST | X22: ATLANTA | Y22: GA | Z22: 30312 | AA22: THE CATALYST GROUP, LLC | AB22: BUSINESS CONSULTANT | AC22: C00000935 | AD22: 24T | AE22: EARMARKED INTERMEDIARY TREASURY OUT | AF22: EARMARK | AI22: 43799 | AJ22: 94 | AK22: 838 | BF22: _x000D_ | BK22: A | BL22: ADD | BM22: ITEMIZED RECEIPTS | BN22: 43894.354 | BR22: F3X | BS22: 4.0201202e+18 | BT22: t | BU22: EARMARKED FOR DCCC (C00000935) | BV22: 2020 | BW22: SA | BY22: 4.0302202e+18 | BZ22: http://docquery.fec.gov/cgi-bin/fecimg/?202001299170114952 | CA22: Contributions From Individuals/Persons Other Than Political Committees
A23: C00401224 | B23: ACTBLUE | C23: 2019 | D23: YE | E23: 2.020013e+17 | F23: 11AI | G23: SA11AI_185291183 | H23: 1378435 | J23: IND | K23: INDIVIDUAL | L23: C00000935 | N23: GLOVER, RENEE | O23: V | Q23: U | R23: RENEE | T23: GLOVER | V23: 553 AUBURN AVENUE NORTHEAST | X23: ATLANTA | Y23: GA | Z23: 30312 | AA23: THE CATALYST GROUP, LLC | AB23: BUSINESS CONSULTANT | AC23: C00000935 | AD23: 24T | AE23: EARMARKED INTERMEDIARY TREASURY OUT | AF23: EARMARK | AI23: 43767 | AJ23: 100 | AK23: 838 | BF23: _x000D_ | BK23: A | BL23: ADD | BM23: ITEMIZED RECEIPTS | BN23: 43894.401 | BR23: F3X | BS23: 4.0201202e+18 | BT23: t | BU23: EARMARKED FOR DCCC (C00000935) | BV23: 2020 | BW23: SA | BY23: 4.0302202e+18 | BZ23: http://docquery.fec.gov/cgi-bin/fecimg/?202001299170114951 | CA23: Contributions From Individuals/Persons Other Than Political Committees
A24: C00401224 | B24: ACTBLUE | C24: 2019 | D24: YE | E24: 2.020013e+17 | F24: 11AI | G24: SA11AI_197247381 | H24: 1378435 | J24: IND | K24: INDIVIDUAL | L24: C00042366 | N24: GLOVER, RENEE | O24: V | Q24: U | R24: RENEE | T24: GLOVER | V24: 553 AUBURN AVENUE NORTHEAST | X24: ATLANTA | Y24: GA | Z24: 30312 | AA24: THE CATALYST GROUP, LLC | AB24: BUSINESS CONSULTANT | AC24: C00042366 | AD24: 24T | AE24: EARMARKED INTERMEDIARY TREASURY OUT | AF24: EARMARK | AI24: 43830 | AJ24: 100 | AK24: 300 | BF24: _x000D_ | BK24: A | BL24: ADD | BM24: ITEMIZED RECEIPTS | BN24: 43894.425 | BR24: F3X | BS24: 4.0201202e+18 | BT24: t | BU24: EARMARKED FOR DSCC (C00042366) | BV24: 2020 | BW24: SA | BY24: 4.0302202e+18 | BZ24: http://docquery.fec.gov/cgi-bin/fecimg/?202001299170114954 | CA24: Contributions From Individuals/Persons Other Than Political Committees
A25: C00401224 | B25: ACTBLUE | C25: 2019 | D25: YE | E25: 2.020013e+17 | F25: 11AI | G25: SA11AI_191005150 | H25: 1378435 | J25: IND | K25: INDIVIDUAL | N25: GLOVER, RENEE | O25: V | Q25: U | R25: RENEE | T25: GLOVER | V25: 553 AUBURN AVENUE NORTHEAST | X25: ATLANTA | Y25: GA | Z25: 30312 | AA25: THE CATALYST GROUP, LLC | AB25: BUSINESS CONSULTANT | AF25: CONTRIBUTION TO ACT BLUE | AI25: 43799 | AJ25: 9.4 | AK25: 106.3 | BF25: _x000D_ | BK25: A | BL25: ADD | BM25: ITEMIZED RECEIPTS | BN25: 43894.428 | BR25: F3X | BS25: 4.0201202e+18 | BT25: t | BU25: CONTRIBUTION TO ACTBLUE | BV25: 2020 | BW25: SA | BY25: 4.0302202e+18 | BZ25: http://docquery.fec.gov/cgi-bin/fecimg/?202001299170114951 | CA25: Contributions From Individuals/Persons Other Than Political Committees
A26: C00401224 | B26: ACTBLUE | C26: 2019 | D26: YE | E26: 2.020013e+17 | F26: 11AI | G26: SA11AI_197247511 | H26: 1378435 | J26: IND | K26: INDIVIDUAL | N26: GLOVER, RENEE | O26: V | Q26: U | R26: RENEE | T26: GLOVER | V26: 553 AUBURN AVENUE NORTHEAST | X26: ATLANTA | Y26: GA | Z26: 30312 | AA26: THE CATALYST GROUP, LLC | AB26: BUSINESS CONSULTANT | AF26: CONTRIBUTION TO ACT BLUE | AI26: 43830 | AJ26: 10 | AK26: 106.3 | BF26: _x000D_ | BK26: A | BL26: ADD | BM26: ITEMIZED RECEIPTS | BN26: 43894.467 | BR26: F3X | BS26: 4.0201202e+18 | BT26: t | BU26: CONTRIBUTION TO ACTBLUE | BV26: 2020 | BW26: SA | BY26: 4.0302202e+18 | BZ26: http://docquery.fec.gov/cgi-bin/fecimg/?202001299170114953 | CA26: Contributions From Individuals/Persons Other Than Political Committees
A27: C00401224 | B27: ACTBLUE | C27: 2019 | D27: YE | E27: 2.020013e+17 | F27: 11AI | G27: SA11AI_193005992 | H27: 1378435 | J27: IND | K27: INDIVIDUAL | N27: GLOVER, RENEE | O27: V | Q27: U | R27: RENEE | T27: GLOVER | V27: 553 AUBURN AVENUE NORTHEAST | X27: ATLANTA | Y27: GA | Z27: 30312 | AA27: THE CATALYST GROUP, LLC | AB27: BUSINESS CONSULTANT | AF27: CONTRIBUTION TO ACT BLUE | AI27: 43811 | AJ27: 9.4 | AK27: 106.3 | BF27: _x000D_ | BK27: A | BL27: ADD | BM27: ITEMIZED RECEIPTS | BN27: 43894.49 | BR27: F3X | BS27: 4.0201202e+18 | BT27: t | BU27: CONTRIBUTION TO ACTBLUE | BV27: 2020 | BW27: SA | BY27: 4.0302202e+18 | BZ27: http://docquery.fec.gov/cgi-bin/fecimg/?202001299170114953 | CA27: Contributions From Individuals/Persons Other Than Political Committees
A28: C00401224 | B28: ACTBLUE | C28: 2019 | D28: YE | E28: 2.020013e+17 | F28: 11AI | G28: SA11AI_191886450 | H28: 1378435 | J28: IND | K28: INDIVIDUAL | L28: C00000935 | N28: GLOVER, RENEE | O28: V | Q28: U | R28: RENEE | T28: GLOVER | V28: 553 AUBURN AVENUE NORTHEAST | X28: ATLANTA | Y28: GA | Z28: 30312 | AA28: THE CATALYST GROUP, LLC | AB28: BUSINESS CONSULTANT | AC28: C00000935 | AD28: 24T | AE28: EARMARKED INTERMEDIARY TREASURY OUT | AF28: EARMARK | AI28: 43804 | AJ28: 125 | AK28: 838 | BF28: _x000D_ | BK28: A | BL28: ADD | BM28: ITEMIZED RECEIPTS | BN28: 43894.506 | BR28: F3X | BS28: 4.0201202e+18 | BT28: t | BU28: EARMARKED FOR DCCC (C00000935) | BV28: 2020 | BW28: SA | BY28: 4.0302202e+18 | BZ28: http://docquery.fec.gov/cgi-bin/fecimg/?202001299170114952 | CA28: Contributions From Individuals/Persons Other Than Political Committees
A29: C00401224 | B29: ACTBLUE | C29: 2019 | D29: YE | E29: 2.020013e+17 | F29: 11AI | G29: SA11AI_193005969 | H29: 1378435 | J29: IND | K29: INDIVIDUAL | L29: C00000935 | N29: GLOVER, RENEE | O29: V | Q29: U | R29: RENEE | T29: GLOVER | V29: 553 AUBURN AVENUE NORTHEAST | X29: ATLANTA | Y29: GA | Z29: 30312 | AA29: THE CATALYST GROUP, LLC | AB29: BUSINESS CONSULTANT | AC29: C00000935 | AD29: 24T | AE29: EARMARKED INTERMEDIARY TREASURY OUT | AF29: EARMARK | AI29: 43811 | AJ29: 94 | AK29: 838 | BF29: _x000D_ | BK29: A | BL29: ADD | BM29: ITEMIZED RECEIPTS | BN29: 43894.579 | BR29: F3X | BS29: 4.0201202e+18 | BT29: t | BU29: EARMARKED FOR DCCC (C00000935) | BV29: 2020 | BW29: SA | BY29: 4.0302202e+18 | BZ29: http://docquery.fec.gov/cgi-bin/fecimg/?202001299170114953 | CA29: Contributions From Individuals/Persons Other Than Political Committees
A30: C00000935 | B30: DCCC | C30: 2019 | D30: M12 | E30: 2.0200303e+17 | F30: 11AI | G30: 27978234 | H30: 1387464 | J30: IND | K30: INDIVIDUAL | N30: GLOVER, RENEE L. | O30: Y | Q30: U | R30: RENEE | S30: L. | T30: GLOVER | V30: 553 AUBURN AVE NE | X30: ATLANTA | Y30: GA | Z30: 303121941 | AA30: THE CATALYST GROUP LLC | AB30: BUSINESS CONSULTANT | AI30: 43799 | AJ30: 94 | AK30: 619 | BK30: A | BL30: ADD | BM30: ITEMIZED RECEIPTS | BN30: 43895.508 | BP30: 27978234E | BQ30: SA11AI | BR30: F3X | BS30: 4.0304202e+18 | BT30: t | BU30: * EARMARKED CONTRIBUTION: SEE BELOW EARMARKED THROUGH ACTBLUE | BV30: 2020 | BW30: SA | BY30: 4.0304202e+18 | BZ30: http://docquery.fec.gov/cgi-bin/fecimg/?202003029203611611 | CA30: Contributions From Individuals/Persons Other Than Political Committees
A31: C00000935 | B31: DCCC | C31: 2019 | D31: YE | E31: 2.0200304e+17 | F31: 11AI | G31: 28209176 | H31: 1387576 | J31: IND | K31: INDIVIDUAL | N31: GLOVER, RENEE L. | O31: Y | Q31: U | R31: RENEE | S31: L. | T31: GLOVER | V31: 553 AUBURN AVE NE | X31: ATLANTA | Y31: GA | Z31: 303121941 | AA31: THE CATALYST GROUP LLC | AB31: BUSINESS CONSULTANT | AI31: 43804 | AJ31: 125 | AK31: 744 | BK31: A | BL31: ADD | BM31: ITEMIZED RECEIPTS | BN31: 43897.103 | BP31: 28209176E | BQ31: SA11AI | BR31: F3X | BS31: 4.0304202e+18 | BT31: t | BU31: * EARMARKED CONTRIBUTION: SEE BELOW EARMARKED THROUGH ACTBLUE | BV31: 2020 | BW31: SA | BY31: 4.0306202e+18 | BZ31: http://docquery.fec.gov/cgi-bin/fecimg/?202003039203705747 | CA31: Contributions From Individuals/Persons Other Than Political Committees
A32: C00000935 | B32: DCCC | C32: 2019 | D32: YE | E32: 2.0200304e+17 | F32: 11AI | G32: 28232437 | H32: 1387576 | J32: IND | K32: INDIVIDUAL | N32: GLOVER, RENEE L. | O32: Y | Q32: U | R32: RENEE | S32: L. | T32: GLOVER | V32: 553 AUBURN AVE NE | X32: ATLANTA | Y32: GA | Z32: 303121941 | AA32: THE CATALYST GROUP LLC | AB32: BUSINESS CONSULTANT | AI32: 43811 | AJ32: 94 | AK32: 838 | BK32: A | BL32: ADD | BM32: ITEMIZED RECEIPTS | BN32: 43897.103 | BP32: 28232437E | BQ32: SA11AI | BR32: F3X | BS32: 4.0304202e+18 | BT32: t | BU32: * EARMARKED CONTRIBUTION: SEE BELOW EARMARKED THROUGH ACTBLUE | BV32: 2020 | BW32: SA | BY32: 4.0306202e+18 | BZ32: http://docquery.fec.gov/cgi-bin/fecimg/?202003039203705748 | CA32: Contributions From Individuals/Persons Other Than Political Committees
A33: C00401224 | B33: ACTBLUE | C33: 2020 | D33: M2 | E33: 2.0200222e+17 | F33: 11AI | G33: SA11AI_204143161 | H33: 1385527 | J33: IND | K33: INDIVIDUAL | N33: GLOVER, RENEE | O33: V | Q33: U | R33: RENEE | T33: GLOVER | V33: 553 AUBURN AVENUE NE | X33: ATLANTA | Y33: GA | Z33: 30312 | AA33: THE CATALYST GROUP, LLC | AB33: BUSINESS CONSULTANT | AF33: CONTRIBUTION TO ACT BLUE | AI33: 43861 | AJ33: 10 | AK33: 30 | BK33: A | BL33: ADD | BM33: ITEMIZED RECEIPTS | BN33: 43915.285 | BR33: F3X | BS33: 4.0221202e+18 | BT33: t | BU33: CONTRIBUTION TO ACTBLUE | BV33: 2020 | BW33: SA | BY33: 4.0324202e+18 | BZ33: http://docquery.fec.gov/cgi-bin/fecimg/?202002219200603947 | CA33: Contributions From Individuals/Persons Other Than Political Committees
A34: C00401224 | B34: ACTBLUE | C34: 2020 | D34: M2 | E34: 2.0200222e+17 | F34: 11AI | G34: SA11AI_204368485 | H34: 1385527 | J34: IND | K34: INDIVIDUAL | N34: GLOVER, RENEE | O34: V | Q34: U | R34: RENEE | T34: GLOVER | V34: 553 AUBURN AVENUE NE | X34: ATLANTA | Y34: GA | Z34: 30312 | AA34: THE CATALYST GROUP, LLC | AB34: BUSINESS CONSULTANT | AF34: CONTRIBUTION TO ACT BLUE | AI34: 43861 | AJ34: 10 | AK34: 30 | BK34: A | BL34: ADD | BM34: ITEMIZED RECEIPTS | BN34: 43915.293 | BR34: F3X | BS34: 4.0221202e+18 | BT34: t | BU34: CONTRIBUTION TO ACTBLUE | BV34: 2020 | BW34: SA | BY34: 4.0324202e+18 | BZ34: http://docquery.fec.gov/cgi-bin/fecimg/?202002219200603947 | CA34: Contributions From Individuals/Persons Other Than Political Committees
A35: C00401224 | B35: ACTBLUE | C35: 2020 | D35: M2 | E35: 2.0200222e+17 | F35: 11AI | G35: SA11AI_204176446 | H35: 1385527 | J35: IND | K35: INDIVIDUAL | N35: GLOVER, RENEE | O35: V | Q35: U | R35: RENEE | T35: GLOVER | V35: 553 AUBURN AVENUE NE | X35: ATLANTA | Y35: GA | Z35: 30312 | AA35: THE CATALYST GROUP, LLC | AB35: BUSINESS CONSULTANT | AF35: CONTRIBUTION TO ACT BLUE | AI35: 43861 | AJ35: 10 | AK35: 30 | BK35: A | BL35: ADD | BM35: ITEMIZED RECEIPTS | BN35: 43915.305 | BR35: F3X | BS35: 4.0221202e+18 | BT35: t | BU35: CONTRIBUTION TO ACTBLUE | BV35: 2020 | BW35: SA | BY35: 4.0324202e+18 | BZ35: http://docquery.fec.gov/cgi-bin/fecimg/?202002219200603948 | CA35: Contributions From Individuals/Persons Other Than Political Committees
A36: C00401224 | B36: ACTBLUE | C36: 2020 | D36: M2 | E36: 2.0200222e+17 | F36: 11AI | G36: SA11AI_204368369 | H36: 1385527 | J36: IND | K36: INDIVIDUAL | N36: GLOVER, RENEE | O36: V | Q36: U | R36: RENEE | T36: GLOVER | V36: 553 AUBURN AVENUE NE | X36: ATLANTA | Y36: GA | Z36: 30312 | AA36: THE CATALYST GROUP, LLC | AB36: BUSINESS CONSULTANT | AF36: EARMARK | AI36: 43861 | AJ36: 100 | AK36: 100 | BK36: A | BL36: ADD | BM36: ITEMIZED RECEIPTS | BN36: 43915.323 | BR36: F3X | BS36: 4.0221202e+18 | BT36: t | BU36: EARMARKED FOR FRIENDS OF LUCY MCBATH (C00672295) | BV36: 2020 | BW36: SA | BY36: 4.0324202e+18 | BZ36: http://docquery.fec.gov/cgi-bin/fecimg/?202002219200603946 | CA36: Contributions From Individuals/Persons Other Than Political Committees
A37: C00401224 | B37: ACTBLUE | C37: 2020 | D37: M2 | E37: 2.0200222e+17 | F37: 11AI | G37: SA11AI_204176338 | H37: 1385527 | J37: IND | K37: INDIVIDUAL | N37: GLOVER, RENEE | O37: V | Q37: U | R37: RENEE | T37: GLOVER | V37: 553 AUBURN AVENUE NE | X37: ATLANTA | Y37: GA | Z37: 30312 | AA37: THE CATALYST GROUP, LLC | AB37: BUSINESS CONSULTANT | AF37: EARMARK | AI37: 43861 | AJ37: 100 | AK37: 100 | BK37: A | BL37: ADD | BM37: ITEMIZED RECEIPTS | BN37: 43915.323 | BR37: F3X | BS37: 4.0221202e+18 | BT37: t | BU37: EARMARKED FOR DSCC (C00042366) | BV37: 2020 | BW37: SA | BY37: 4.0324202e+18 | BZ37: http://docquery.fec.gov/cgi-bin/fecimg/?202002219200603947 | CA37: Contributions From Individuals/Persons Other Than Political Committees
A38: C00401224 | B38: ACTBLUE | C38: 2020 | D38: M2 | E38: 2.0200222e+17 | F38: 11AI | G38: SA11AI_204143058 | H38: 1385527 | J38: IND | K38: INDIVIDUAL | N38: GLOVER, RENEE | O38: V | Q38: U | R38: RENEE | T38: GLOVER | V38: 553 AUBURN AVENUE NE | X38: ATLANTA | Y38: GA | Z38: 30312 | AA38: THE CATALYST GROUP, LLC | AB38: BUSINESS CONSULTANT | AF38: EARMARK | AI38: 43861 | AJ38: 100 | AK38: 100 | BK38: A | BL38: ADD | BM38: ITEMIZED RECEIPTS | BN38: 43915.328 | BR38: F3X | BS38: 4.0221202e+18 | BT38: t | BU38: EARMARKED FOR WARNOCK FOR GEORGIA (C00736876) | BV38: 2020 | BW38: SA | BY38: 4.0324202e+18 | BZ38: http://docquery.fec.gov/cgi-bin/fecimg/?202002219200603948 | CA38: Contributions From Individuals/Persons Other Than Political Committees
A39: C00401224 | B39: ACTBLUE | C39: 2020 | D39: M3 | E39: 2.0200321e+17 | F39: 11AI | G39: SA11AI_206626764 | H39: 1391686 | J39: IND | K39: INDIVIDUAL | N39: GLOVER, RENEE | O39: V | Q39: U | R39: RENEE | T39: GLOVER | V39: 553 AUBURN AVENUE NE | X39: ATLANTA | Y39: GA | Z39: 30312 | AA39: THE CATALYST GROUP, LLC | AB39: BUSINESS CONSULTANT | AF39: CONTRIBUTION TO ACT BLUE | AI39: 43868 | AJ39: 10 | AK39: 154.4 | BK39: A | BL39: ADD | BM39: ITEMIZED RECEIPTS | BN39: 43924.425 | BR39: F3X | BS39: 4.0323202e+18 | BT39: t | BU39: CONTRIBUTION TO ACTBLUE | BV39: 2020 | BW39: SA | BY39: 4.0402202e+18 | BZ39: http://docquery.fec.gov/cgi-bin/fecimg/?202003209211179326 | CA39: Contributions From Individuals/Persons Other Than Political Committees
A40: C00401224 | B40: ACTBLUE | C40: 2020 | D40: M3 | E40: 2.0200321e+17 | F40: 11AI | G40: SA11AI_206626657 | H40: 1391686 | J40: IND | K40: INDIVIDUAL | N40: GLOVER, RENEE | O40: V | Q40: U | R40: RENEE | T40: GLOVER | V40: 553 AUBURN AVENUE NE | X40: ATLANTA | Y40: GA | Z40: 30312 | AA40: THE CATALYST GROUP, LLC | AB40: BUSINESS CONSULTANT | AF40: EARMARK | AI40: 43868 | AJ40: 100 | AK40: 200 | BK40: A | BL40: ADD | BM40: ITEMIZED RECEIPTS | BN40: 43924.438 | BR40: F3X | BS40: 4.0323202e+18 | BT40: t | BU40: EARMARKED FOR DSCC (C00042366) | BV40: 2020 | BW40: SA | BY40: 4.0402202e+18 | BZ40: http://docquery.fec.gov/cgi-bin/fecimg/?202003209211179327 | CA40: Contributions From Individuals/Persons Other Than Political Committees
A41: C00401224 | B41: ACTBLUE | C41: 2020 | D41: M3 | E41: 2.0200321e+17 | F41: 11AI | G41: SA11AI_214639668 | H41: 1391686 | J41: IND | K41: INDIVIDUAL | N41: GLOVER, RENEE | O41: V | Q41: U | R41: RENEE | T41: GLOVER | V41: 553 AUBURN AVENUE NE | X41: ATLANTA | Y41: GA | Z41: 30312 | AA41: THE CATALYST GROUP, LLC | AB41: BUSINESS CONSULTANT | AF41: CONTRIBUTION TO ACT BLUE | AI41: 43890 | AJ41: 40 | AK41: 154.4 | BK41: A | BL41: ADD | BM41: ITEMIZED RECEIPTS | BN41: 43924.438 | BR41: F3X | BS41: 4.0323202e+18 | BT41: t | BU41: CONTRIBUTION TO ACTBLUE | BV41: 2020 | BW41: SA | BY41: 4.0402202e+18 | BZ41: http://docquery.fec.gov/cgi-bin/fecimg/?202003209211179330 | CA41: Contributions From Individuals/Persons Other Than Political Committees
A42: C00401224 | B42: ACTBLUE | C42: 2020 | D42: M3 | E42: 2.0200321e+17 | F42: 11AI | G42: SA11AI_214747462 | H42: 1391686 | J42: IND | K42: INDIVIDUAL | N42: GLOVER, RENEE | O42: V | Q42: U | R42: RENEE | T42: GLOVER | V42: 553 AUBURN AVENUE NE | X42: ATLANTA | Y42: GA | Z42: 30312 | AA42: THE CATALYST GROUP, LLC | AB42: BUSINESS CONSULTANT | AF42: EARMARK | AI42: 43890 | AJ42: 94 | AK42: 194 | BK42: A | BL42: ADD | BM42: ITEMIZED RECEIPTS | BN42: 43924.454 | BR42: F3X | BS42: 4.0323202e+18 | BT42: t | BU42: EARMARKED FOR DCCC (C00000935) | BV42: 2020 | BW42: SA | BY42: 4.0402202e+18 | BZ42: http://docquery.fec.gov/cgi-bin/fecimg/?202003209211179330 | CA42: Contributions From Individuals/Persons Other Than Political Committees
A43: C00401224 | B43: ACTBLUE | C43: 2020 | D43: M3 | E43: 2.0200321e+17 | F43: 11AI | G43: SA11AI_207999046 | H43: 1391686 | J43: IND | K43: INDIVIDUAL | N43: GLOVER, RENEE | O43: V | Q43: U | R43: RENEE | T43: GLOVER | V43: 553 AUBURN AVENUE NE | X43: ATLANTA | Y43: GA | Z43: 30312 | AA43: THE CATALYST GROUP, LLC | AB43: BUSINESS CONSULTANT | AF43: CONTRIBUTION TO ACT BLUE | AI43: 43872 | AJ43: 10 | AK43: 154.4 | BK43: A | BL43: ADD | BM43: ITEMIZED RECEIPTS | BN43: 43924.473 | BR43: F3X | BS43: 4.0323202e+18 | BT43: t | BU43: CONTRIBUTION TO ACTBLUE | BV43: 2020 | BW43: SA | BY43: 4.0402202e+18 | BZ43: http://docquery.fec.gov/cgi-bin/fecimg/?202003209211179327 | CA43: Contributions From Individuals/Persons Other Than Political Committees
A44: C00401224 | B44: ACTBLUE | C44: 2020 | D44: M3 | E44: 2.0200321e+17 | F44: 11AI | G44: SA11AI_209914296 | H44: 1391686 | J44: IND | K44: INDIVIDUAL | N44: GLOVER, RENEE | O44: V | Q44: U | R44: RENEE | T44: GLOVER | V44: 553 AUBURN AVENUE NE | X44: ATLANTA | Y44: GA | Z44: 30312 | AA44: THE CATALYST GROUP, LLC | AB44: BUSINESS CONSULTANT | AF44: CONTRIBUTION TO ACT BLUE | AI44: 43878 | AJ44: 20 | AK44: 154.4 | BK44: A | BL44: ADD | BM44: ITEMIZED RECEIPTS | BN44: 43924.473 | BR44: F3X | BS44: 4.0323202e+18 | BT44: t | BU44: CONTRIBUTION TO ACTBLUE | BV44: 2020 | BW44: SA | BY44: 4.0402202e+18 | BZ44: http://docquery.fec.gov/cgi-bin/fecimg/?202003209211179328 | CA44: Contributions From Individuals/Persons Other Than Political Committees
... A49: C00401224 | B49: ACTBLUE | C49: 2020 | D49: M3 | E49: 2.0200321e+17 | F49: 11AI | G49: SA11AI_206858020 | H49: 1391686 | J49: IND | K49: INDIVIDUAL | N49: GLOVER, RENEE | O49: V | Q49: U | R49: RENEE | T49: GLOVER | V49: 553 AUBURN AVENUE NE | X49: ATLANTA | Y49: GA | Z49: 30312 | AA49: THE CATALYST GROUP, LLC | AB49: BUSINESS CONSULTANT | AF49: CONTRIBUTION TO ACT BLUE | AI49: 43868 | AJ49: 10 | AK49: 154.4 | BK49: A | BL49: ADD | BM49: ITEMIZED RECEIPTS | BN49: 43924.506 | BR49: F3X | BS49: 4.0323202e+18 | BT49: t | BU49: CONTRIBUTION TO ACTBLUE | BV49: 2020 | BW49: SA | BY49: 4.0402202e+18 | BZ49: http://docquery.fec.gov/cgi-bin/fecimg/?202003209211179326 | CA49: Contributions From Individuals/Persons Other Than Political Committees
A50: C00401224 | B50: ACTBLUE | C50: 2020 | D50: M3 | E50: 2.0200321e+17 | F50: 11AI | G50: SA11AI_206857877 | H50: 1391686 | J50: IND | K50: INDIVIDUAL | L50: C00736876 | N50: GLOVER, RENEE | O50: V | Q50: U | R50: RENEE | T50: GLOVER | V50: 553 AUBURN AVENUE NE | X50: ATLANTA | Y50: GA | Z50: 30312 | AA50: THE CATALYST GROUP, LLC | AB50: BUSINESS CONSULTANT | AC50: C00736876 | AD50: 24T | AE50: EARMARKED INTERMEDIARY TREASURY OUT | AF50: EARMARK | AI50: 43868 | AJ50: 100 | AK50: 1000 | AL50: S0GA00559 | BG50: P | BI50: PRIMARY | BK50: A | BL50: ADD | BM50: ITEMIZED RECEIPTS | BN50: 43924.514 | BR50: F3X | BS50: 4.0323202e+18 | BT50: t | BU50: EARMARKED FOR WARNOCK FOR GEORGIA (C00736876) | BV50: 2020 | BW50: SA | BY50: 4.0402202e+18 | BZ50: http://docquery.fec.gov/cgi-bin/fecimg/?202003209211179326 | CA50: Contributions From Individuals/Persons Other Than Political Committees
A51: C00401224 | B51: ACTBLUE | C51: 2020 | D51: M3 | E51: 2.0200321e+17 | F51: 11AI | G51: SA11AI_211232635 | H51: 1391686 | J51: IND | K51: INDIVIDUAL | N51: GLOVER, RENEE | O51: V | Q51: U | R51: RENEE | T51: GLOVER | V51: 553 AUBURN AVENUE NE | X51: ATLANTA | Y51: GA | Z51: 30312 | AA51: THE CATALYST GROUP, LLC | AB51: BUSINESS CONSULTANT | AF51: EARMARK | AI51: 43881 | AJ51: 50 | AK51: 50 | BK51: A | BL51: ADD | BM51: ITEMIZED RECEIPTS | BN51: 43924.514 | BR51: F3X | BS51: 4.0323202e+18 | BT51: t | BU51: EARMARKED FOR GEORGIA FEDERAL ELECTIONS COMMITTEE - FEDERAL ACCOUNT (C00041269) | BV51: 2020 | BW51: SA | BY51: 4.0402202e+18 | BZ51: http://docquery.fec.gov/cgi-bin/fecimg/?202003209211179329 | CA51: Contributions From Individuals/Persons Other Than Political Committees
A52: C00703975 | B52: BIDEN FOR PRESIDENT | C52: 2020 | D52: M4 | E52: 2.0200421e+17 | F52: 17A | G52: 2825331 | H52: 1402986 | J52: IND | K52: INDIVIDUAL | L52: C00401224 | N52: GLOVER, RENEE | O52: P | Q52: P | R52: RENEE | T52: GLOVER | V52: 553 AUBURN AVE NE | X52: ATLANTA | Y52: GA | Z52: 303121941 | AA52: THE CATALYST GROUP LLC | AB52: BUSINESS CONSULTANT | AC52: C00401224 | AD52: 15E | AE52: EARMARKED CONTRIBUTION | AI52: 43892 | AJ52: 25 | AK52: 275 | BG52: P2020 | BI52: PRIMARY | BJ52: 2020 | BK52: A | BL52: ADD | BM52: ITEMIZED RECEIPTS | BN52: 43945.114 | BP52: 2825331E | BQ52: SA17A | BR52: F3P | BS52: 4.0421202e+18 | BT52: t | BU52: * EARMARKED CONTRIBUTION: SEE BELOW | BV52: 2020 | BW52: SA | BY52: 4.0423202e+18 | BZ52: http://docquery.fec.gov/cgi-bin/fecimg/?202004209224203248 | CA52: Contributions From Individuals/Persons Other Than Political Committees
A53: C00703975 | B53: BIDEN FOR PRESIDENT | C53: 2020 | D53: M4 | E53: 2.0200421e+17 | F53: 17A | G53: 2825441 | H53: 1402986 | J53: IND | K53: INDIVIDUAL | L53: C00401224 | N53: GLOVER, RENEE | O53: P | Q53: P | R53: RENEE | T53: GLOVER | V53: 553 AUBURN AVE NE | X53: ATLANTA | Y53: GA | Z53: 303121941 | AA53: THE CATALYST GROUP LLC | AB53: BUSINESS CONSULTANT | AC53: C00401224 | AD53: 15E | AE53: EARMARKED CONTRIBUTION | AI53: 43892 | AJ53: 250 | AK53: 275 | BG53: P2020 | BI53: PRIMARY | BJ53: 2020 | BK53: A | BL53: ADD | BM53: ITEMIZED RECEIPTS | BN53: 43945.114 | BP53: 2825441E | BQ53: SA17A | BR53: F3P | BS53: 4.0421202e+18 | BT53: t | BU53: * EARMARKED CONTRIBUTION: SEE BELOW | BV53: 2020 | BW53: SA | BY53: 4.0423202e+18 | BZ53: http://docquery.fec.gov/cgi-bin/fecimg/?202004209224203249 | CA53: Contributions From Individuals/Persons Other Than Political Committees
A54: C00703975 | B54: BIDEN FOR PRESIDENT | C54: 2020 | D54: M4 | E54: 2.0200421e+17 | F54: 17A | G54: 3060865 | H54: 1402986 | J54: IND | K54: INDIVIDUAL | L54: C00401224 | N54: GLOVER, RENEE | O54: P | Q54: P | R54: RENEE | T54: GLOVER | V54: 553 AUBURN AVE NE | X54: ATLANTA | Y54: GA | Z54: 303121941 | AA54: THE CATALYST GROUP LLC | AB54: BUSINESS CONSULTANT | AC54: C00401224 | AD54: 15E | AE54: EARMARKED CONTRIBUTION | AI54: 43895 | AJ54: 2484 | AK54: 2759 | BG54: P2020 | BI54: PRIMARY | BJ54: 2020 | BK54: A | BL54: ADD | BM54: ITEMIZED RECEIPTS | BN54: 43945.116 | BP54: 3060865E | BQ54: SA17A | BR54: F3P | BS54: 4.0421202e+18 | BT54: t | BU54: * EARMARKED CONTRIBUTION: SEE BELOW | BV54: 2020 | BW54: SA | BY54: 4.0423202e+18 | BZ54: http://docquery.fec.gov/cgi-bin/fecimg/?202004209224203250 | CA54: Contributions From Individuals/Persons Other Than Political Committees
A55: C00703975 | B55: BIDEN FOR PRESIDENT | C55: 2020 | D55: M4 | E55: 2.0200421e+17 | F55: 17A | G55: 3569698 | H55: 1402986 | J55: IND | K55: INDIVIDUAL | N55: GLOVER, RENEE | O55: P | Q55: P | R55: RENEE | T55: GLOVER | V55: 553 AUBURN AVE NE | X55: ATLANTA | Y55: GA | Z55: 303121941 | AA55: THE CATALYST GROUP LLC | AB55: BUSINESS CONSULTANT | AD55: 15 | AE55: CONTRIBUTION | AG55: X | AI55: 43898 | AJ55: -9 | AK55: 2809 | BG55: P2020 | BI55: PRIMARY | BJ55: 2020 | BK55: A | BL55: ADD | BM55: ITEMIZED RECEIPTS | BN55: 43945.128 | BR55: F3P | BS55: 4.0421202e+18 | BT55: t | BV55: 2020 | BW55: SA | BY55: 4.0423202e+18 | BZ55: http://docquery.fec.gov/cgi-bin/fecimg/?202004209224203251 | CA55: Contributions From Individuals/Persons Other Than Political Committees
A56: C00703975 | B56: BIDEN FOR PRESIDENT | C56: 2020 | D56: M4 | E56: 2.0200421e+17 | F56: 17A | G56: 3076999 | H56: 1402986 | J56: IND | K56: INDIVIDUAL | L56: C00401224 | N56: GLOVER, RENEE | O56: P | Q56: P | R56: RENEE | T56: GLOVER | V56: 553 AUBURN AVE NE | X56: ATLANTA | Y56: GA | Z56: 303121941 | AA56: THE CATALYST GROUP LLC | AB56: BUSINESS CONSULTANT | AC56: C00401224 | AD56: 15E | AE56: EARMARKED CONTRIBUTION | AI56: 43896 | AJ56: 50 | AK56: 2809 | BG56: P2020 | BI56: PRIMARY | BJ56: 2020 | BK56: A | BL56: ADD | BM56: ITEMIZED RECEIPTS | BN56: 43945.128 | BP56: 3076999E | BQ56: SA17A | BR56: F3P | BS56: 4.0421202e+18 | BT56: t | BU56: * EARMARKED CONTRIBUTION: SEE BELOW | BV56: 2020 | BW56: SA | BY56: 4.0423202e+18 | BZ56: http://docquery.fec.gov/cgi-bin/fecimg/?202004209224203250 | CA56: Contributions From Individuals/Persons Other Than Political Committees
A57: C00703975 | B57: BIDEN FOR PRESIDENT | C57: 2020 | D57: M4 | E57: 2.0200421e+17 | F57: 17A | G57: 3570233 | H57: 1402986 | J57: IND | K57: INDIVIDUAL | N57: GLOVER, RENEE | O57: P | Q57: P | R57: RENEE | T57: GLOVER | V57: 553 AUBURN AVE NE | X57: ATLANTA | Y57: GA | Z57: 303121941 | AA57: THE CATALYST GROUP LLC | AB57: BUSINESS CONSULTANT | AD57: 15 | AE57: CONTRIBUTION | AG57: X | AI57: 43898 | AJ57: 9 | AK57: 2809 | BG57: G2020 | BI57: GENERAL | BJ57: 2020 | BK57: A | BL57: ADD | BM57: ITEMIZED RECEIPTS | BN57: 43945.129 | BP57: 3569698 | BQ57: SA17A | BR57: F3P | BS57: 4.0421202e+18 | BT57: t | BV57: 2020 | BW57: SA | BY57: 4.0423202e+18 | BZ57: http://docquery.fec.gov/cgi-bin/fecimg/?202004209224203251 | CA57: Contributions From Individuals/Persons Other Than Political Committees
A58: C00672295 | B58: FRIENDS OF LUCY MCBATH | C58: 2020 | D58: Q1 | E58: 2.0200416e+17 | F58: 11AI | G58: VVBPDQMW128 | H58: 1399908 | J58: IND | K58: INDIVIDUAL | L58: C00401224 | N58: GLOVER, RENEE | O58: H | Q58: P | R58: RENEE | T58: GLOVER | V58: 553 AUBURN AVE NE | X58: ATLANTA | Y58: GA | Z58: 303121941 | AA58: THE CATALYST GROUP LLC | AB58: BUSINESS CONSULTANT | AC58: C00401224 | AD58: 15E | AE58: EARMARKED CONTRIBUTION | AI58: 43861 | AJ58: 100 | AK58: 450 | BG58: P2020 | BI58: PRIMARY | BJ58: 2020 | BK58: A | BL58: ADD | BM58: ITEMIZED RECEIPTS | BN58: 43958.061 | BP58: VVBPDQMW128E | BQ58: SA11AI | BR58: F3 | BS58: 4.0415202e+18 | BT58: t | BU58: * EARMARKED CONTRIBUTION: SEE BELOW | BV58: 2020 | BW58: SA | BY58: 4.0506202e+18 | BZ58: http://docquery.fec.gov/cgi-bin/fecimg/?202004159219277143 | CA58: Contributions From Individuals/Persons Other Than Political Committees
A59: C00736876 | B59: WARNOCK FOR GEORGIA | C59: 2020 | D59: Q1 | E59: 2.0200416e+17 | F59: 11AI | G59: 3613631 | H59: 1400431 | J59: IND | K59: INDIVIDUAL | L59: C00401224 | N59: GLOVER, RENEE | O59: S | Q59: P | R59: RENEE | T59: GLOVER | V59: 553 AUBURN AVE NE | X59: ATLANTA | Y59: GA | Z59: 303121941 | AA59: THE CATALYST GROUP, LLC | AB59: BUSINESS CONSULTANT | AC59: C00401224 | AD59: 15E | AE59: EARMARKED CONTRIBUTION | AI59: 43890 | AJ59: 400 | AK59: 1600 | BG59: P2020 | BH59: SPECIAL GENERAL | BI59: PRIMARY | BJ59: 2020 | BK59: A | BL59: ADD | BM59: ITEMIZED RECEIPTS | BN59: 43956.062 | BP59: 3613631E | BQ59: SA11AI | BR59: F3 | BS59: 4.0416202e+18 | BT59: t | BU59: * EARMARKED CONTRIBUTION: SEE BELOW | BV59: 2020 | BW59: SA | BY59: 4.0504202e+18 | BZ59: http://docquery.fec.gov/cgi-bin/fecimg/?202004159219483705 | CA59: Contributions From Individuals/Persons Other Than Political Committees
A60: C00736876 | B60: WARNOCK FOR GEORGIA | C60: 2020 | D60: Q1 | E60: 2.0200416e+17 | F60: 11AI | G60: 3874032 | H60: 1400431 | J60: IND | K60: INDIVIDUAL | L60: C00401224 | N60: GLOVER, RENEE | O60: S | Q60: P | R60: RENEE | T60: GLOVER | V60: 553 AUBURN AVE NE | X60: ATLANTA | Y60: GA | Z60: 303121941 | AA60: THE CATALYST GROUP, LLC | AB60: BUSINESS CONSULTANT | AC60: C00401224 | AD60: 15E | AE60: EARMARKED CONTRIBUTION | AI60: 43909 | AJ60: 100 | AK60: 1600 | BG60: P2020 | BH60: SPECIAL GENERAL | BI60: PRIMARY | BJ60: 2020 | BK60: A | BL60: ADD | BM60: ITEMIZED RECEIPTS | BN60: 43956.062 | BP60: 3874032E | BQ60: SA11AI | BR60: F3 | BS60: 4.0416202e+18 | BT60: t | BU60: * EARMARKED CONTRIBUTION: SEE BELOW | BV60: 2020 | BW60: SA | BY60: 4.0504202e+18 | BZ60: http://docquery.fec.gov/cgi-bin/fecimg/?202004159219483790 | CA60: Contributions From Individuals/Persons Other Than Political Committees
A61: C00736876 | B61: WARNOCK FOR GEORGIA | C61: 2020 | D61: Q1 | E61: 2.0200416e+17 | F61: 11AI | G61: 3810453 | H61: 1400431 | J61: IND | K61: INDIVIDUAL | L61: C00401224 | N61: GLOVER, RENEE | O61: S | Q61: P | R61: RENEE | T61: GLOVER | V61: 553 AUBURN AVE NE | X61: ATLANTA | Y61: GA | Z61: 303121941 | AA61: THE CATALYST GROUP, LLC | AB61: BUSINESS CONSULTANT | AC61: C00401224 | AD61: 15E | AE61: EARMARKED CONTRIBUTION | AI61: 43895 | AJ61: 250 | AK61: 1600 | BG61: P2020 | BH61: SPECIAL GENERAL | BI61: PRIMARY | BJ61: 2020 | BK61: A | BL61: ADD | BM61: ITEMIZED RECEIPTS | BN61: 43956.062 | BP61: 3810453E | BQ61: SA11AI | BR61: F3 | BS61: 4.0416202e+18 | BT61: t | BU61: * EARMARKED CONTRIBUTION: SEE BELOW | BV61: 2020 | BW61: SA | BY61: 4.0504202e+18 | BZ61: http://docquery.fec.gov/cgi-bin/fecimg/?202004159219483896 | CA61: Contributions From Individuals/Persons Other Than Political Committees
A62: C00736876 | B62: WARNOCK FOR GEORGIA | C62: 2020 | D62: Q1 | E62: 2.0200416e+17 | F62: 11AI | G62: 3965924 | H62: 1400431 | J62: IND | K62: INDIVIDUAL | L62: C00401224 | N62: GLOVER, RENEE | O62: S | Q62: P | R62: RENEE | T62: GLOVER | V62: 553 AUBURN AVE NE | X62: ATLANTA | Y62: GA | Z62: 303121941 | AA62: THE CATALYST GROUP, LLC | AB62: BUSINESS CONSULTANT | AC62: C00401224 | AD62: 15E | AE62: EARMARKED CONTRIBUTION | AI62: 43915 | AJ62: 250 | AK62: 1600 | BG62: P2020 | BH62: SPECIAL GENERAL | BI62: PRIMARY | BJ62: 2020 | BK62: A | BL62: ADD | BM62: ITEMIZED RECEIPTS | BN62: 43956.062 | BP62: 3965924E | BQ62: SA11AI | BR62: F3 | BS62: 4.0416202e+18 | BT62: t | BU62: * EARMARKED CONTRIBUTION: SEE BELOW | BV62: 2020 | BW62: SA | BY62: 4.0504202e+18 | BZ62: http://docquery.fec.gov/cgi-bin/fecimg/?202004159219483953 | CA62: Contributions From Individuals/Persons Other Than Political Committees
A63: C00736876 | B63: WARNOCK FOR GEORGIA | C63: 2020 | D63: Q1 | E63: 2.0200416e+17 | F63: 11AI | G63: 3195625 | H63: 1400431 | J63: IND | K63: INDIVIDUAL | L63: C00401224 | N63: GLOVER, RENEE | O63: S | Q63: P | R63: RENEE | T63: GLOVER | V63: 553 AUBURN AVE NE | X63: ATLANTA | Y63: GA | Z63: 303121941 | AA63: THE CATALYST GROUP, LLC | AB63: BUSINESS CONSULTANT | AC63: C00401224 | AD63: 15E | AE63: EARMARKED CONTRIBUTION | AI63: 43861 | AJ63: 100 | AK63: 1600 | BG63: P2020 | BH63: SPECIAL GENERAL | BI63: PRIMARY | BJ63: 2020 | BK63: A | BL63: ADD | BM63: ITEMIZED RECEIPTS | BN63: 43956.062 | BP63: 3195625E | BQ63: SA11AI | BR63: F3 | BS63: 4.0416202e+18 | BT63: t | BU63: * EARMARKED CONTRIBUTION: SEE BELOW | BV63: 2020 | BW63: SA | BY63: 4.0504202e+18 | BZ63: http://docquery.fec.gov/cgi-bin/fecimg/?202004159219484042 | CA63: Contributions From Individuals/Persons Other Than Political Committees
A64: C00736876 | B64: WARNOCK FOR GEORGIA | C64: 2020 | D64: Q1 | E64: 2.0200416e+17 | F64: 11AI | G64: 3202028 | H64: 1400431 | J64: IND | K64: INDIVIDUAL | L64: C00401224 | N64: GLOVER, RENEE | O64: S | Q64: P | R64: RENEE | T64: GLOVER | V64: 553 AUBURN AVE NE | X64: ATLANTA | Y64: GA | Z64: 303121941 | AA64: THE CATALYST GROUP, LLC | AB64: BUSINESS CONSULTANT | AC64: C00401224 | AD64: 15E | AE64: EARMARKED CONTRIBUTION | AI64: 43868 | AJ64: 100 | AK64: 1600 | BG64: P2020 | BH64: SPECIAL GENERAL | BI64: PRIMARY | BJ64: 2020 | BK64: A | BL64: ADD | BM64: ITEMIZED RECEIPTS | BN64: 43956.062 | BP64: 3202028E | BQ64: SA11AI | BR64: F3 | BS64: 4.0416202e+18 | BT64: t | BU64: * EARMARKED CONTRIBUTION: SEE BELOW | BV64: 2020 | BW64: SA | BY64: 4.0504202e+18 | BZ64: http://docquery.fec.gov/cgi-bin/fecimg/?202004159219484304 | CA64: Contributions From Individuals/Persons Other Than Political Committees
A65: C00736876 | B65: WARNOCK FOR GEORGIA | C65: 2020 | D65: Q1 | E65: 2.0200416e+17 | F65: 11AI | G65: 3611128 | H65: 1400431 | J65: IND | K65: INDIVIDUAL | L65: C00401224 | N65: GLOVER, RENEE | O65: S | Q65: P | R65: RENEE | T65: GLOVER | V65: 553 AUBURN AVE NE | X65: ATLANTA | Y65: GA | Z65: 303121941 | AA65: THE CATALYST GROUP, LLC | AB65: BUSINESS CONSULTANT | AC65: C00401224 | AD65: 15E | AE65: EARMARKED CONTRIBUTION | AI65: 43878 | AJ65: 200 | AK65: 1600 | BG65: P2020 | BH65: SPECIAL GENERAL | BI65: PRIMARY | BJ65: 2020 | BK65: A | BL65: ADD | BM65: ITEMIZED RECEIPTS | BN65: 43956.062 | BP65: 3611128E | BQ65: SA11AI | BR65: F3 | BS65: 4.0416202e+18 | BT65: t | BU65: * EARMARKED CONTRIBUTION: SEE BELOW | BV65: 2020 | BW65: SA | BY65: 4.0504202e+18 | BZ65: http://docquery.fec.gov/cgi-bin/fecimg/?202004159219484312 | CA65: Contributions From Individuals/Persons Other Than Political Committees
A66: C00736876 | B66: WARNOCK FOR GEORGIA | C66: 2020 | D66: Q1 | E66: 2.0200416e+17 | F66: 11AI | G66: 3611129 | H66: 1400431 | J66: IND | K66: INDIVIDUAL | L66: C00401224 | N66: GLOVER, RENEE | O66: S | Q66: P | R66: RENEE | T66: GLOVER | V66: 553 AUBURN AVE NE | X66: ATLANTA | Y66: GA | Z66: 303121941 | AA66: THE CATALYST GROUP, LLC | AB66: BUSINESS CONSULTANT | AC66: C00401224 | AD66: 15E | AE66: EARMARKED CONTRIBUTION | AI66: 43884 | AJ66: 200 | AK66: 1600 | BG66: P2020 | BH66: SPECIAL GENERAL | BI66: PRIMARY | BJ66: 2020 | BK66: A | BL66: ADD | BM66: ITEMIZED RECEIPTS | BN66: 43956.062 | BP66: 3611129E | BQ66: SA11AI | BR66: F3 | BS66: 4.0416202e+18 | BT66: t | BU66: * EARMARKED CONTRIBUTION: SEE BELOW | BV66: 2020 | BW66: SA | BY66: 4.0504202e+18 | BZ66: http://docquery.fec.gov/cgi-bin/fecimg/?202004159219484404 | CA66: Contributions From Individuals/Persons Other Than Political Committees
A67: C00401224 | B67: ACTBLUE | C67: 2020 | D67: M4 | E67: 2.0200422e+17 | F67: 11AI | G67: SA11AI_220719778 | H67: 1402724 | J67: IND | K67: INDIVIDUAL | L67: C00736876 | N67: GLOVER, RENEE | O67: V | Q67: U | R67: RENEE | T67: GLOVER | V67: 553 AUBURN AVENUE NE | X67: ATLANTA | Y67: GA | Z67: 30312 | AA67: THE CATALYST GROUP, LLC | AB67: BUSINESS CONSULTANT | AC67: C00736876 | AD67: 24T | AE67: EARMARKED INTERMEDIARY TREASURY OUT | AF67: EARMARK | AI67: 43909 | AJ67: 100 | AK67: 1600 | AL67: S0GA00559 | BG67: P | BI67: PRIMARY | BK67: A | BL67: ADD | BM67: ITEMIZED RECEIPTS | BN67: 43966.287 | BR67: F3X | BS67: 4.0420202e+18 | BT67: t | BU67: EARMARKED FOR WARNOCK FOR GEORGIA (C00736876) | BV67: 2020 | BW67: SA | BY67: 4.0514202e+18 | BZ67: http://docquery.fec.gov/cgi-bin/fecimg/?202004219229015406 | CA67: Contributions From Individuals/Persons Other Than Political Committees
A68: C00401224 | B68: ACTBLUE | C68: 2020 | D68: M4 | E68: 2.0200422e+17 | F68: 11AI | G68: SA11AI_215717881 | H68: 1402724 | J68: IND | K68: INDIVIDUAL | L68: C00703975 | N68: GLOVER, RENEE | O68: V | Q68: U | R68: RENEE | T68: GLOVER | V68: 553 AUBURN AVENUE NE | X68: ATLANTA | Y68: GA | Z68: 30312 | AA68: THE CATALYST GROUP, LLC | AB68: BUSINESS CONSULTANT | AC68: C00703975 | AD68: 24T | AE68: EARMARKED INTERMEDIARY TREASURY OUT | AF68: EARMARK | AI68: 43892 | AJ68: 25 | AK68: 2809 | AL68: P80000722 | BG68: P | BI68: PRIMARY | BK68: A | BL68: ADD | BM68: ITEMIZED RECEIPTS | BN68: 43966.289 | BR68: F3X | BS68: 4.0420202e+18 | BT68: t | BU68: EARMARKED FOR BIDEN FOR PRESIDENT (C00703975) | BV68: 2020 | BW68: SA | BY68: 4.0514202e+18 | BZ68: http://docquery.fec.gov/cgi-bin/fecimg/?202004219229015403 | CA68: Contributions From Individuals/Persons Other Than Political Committees
A69: C00401224 | B69: ACTBLUE | C69: 2020 | D69: M4 | E69: 2.0200422e+17 | F69: 11AI | G69: SA11AI_215717196 | H69: 1402724 | J69: IND | K69: INDIVIDUAL | N69: GLOVER, RENEE | O69: V | Q69: U | R69: RENEE | T69: GLOVER | V69: 553 AUBURN AVENUE NE | X69: ATLANTA | Y69: GA | Z69: 30312 | AA69: THE CATALYST GROUP, LLC | AB69: BUSINESS CONSULTANT | AD69: 15 | AE69: CONTRIBUTION | AF69: CONTRIBUTION TO ACT BLUE | AI69: 43892 | AJ69: 25 | AK69: 256.9 | BG69: P | BI69: PRIMARY | BK69: A | BL69: ADD | BM69: ITEMIZED RECEIPTS | BN69: 43966.289 | BR69: F3X | BS69: 4.0420202e+18 | BT69: t | BU69: CONTRIBUTION TO ACTBLUE | BV69: 2020 | BW69: SA | BY69: 4.0514202e+18 | BZ69: http://docquery.fec.gov/cgi-bin/fecimg/?202004219229015404 | CA69: Contributions From Individuals/Persons Other Than Political Committees
A70: C00401224 | B70: ACTBLUE | C70: 2020 | D70: M4 | E70: 2.0200422e+17 | F70: 11AI | G70: SA11AI_217365387 | H70: 1402724 | J70: IND | K70: INDIVIDUAL | L70: C00703975 | N70: GLOVER, RENEE | O70: V | Q70: U | R70: RENEE | T70: GLOVER | V70: 553 AUBURN AVENUE NE | X70: ATLANTA | Y70: GA | Z70: 30312 | AA70: THE CATALYST GROUP, LLC | AB70: BUSINESS CONSULTANT | AC70: C00703975 | AD70: 24T | AE70: EARMARKED INTERMEDIARY TREASURY OUT | AF70: EARMARK | AI70: 43896 | AJ70: 50 | AK70: 2809 | AL70: P80000722 | BG70: P | BI70: PRIMARY | BK70: A | BL70: ADD | BM70: ITEMIZED RECEIPTS | BN70: 43966.303 | BR70: F3X | BS70: 4.0420202e+18 | BT70: t | BU70: EARMARKED FOR BIDEN FOR PRESIDENT (C00703975) | BV70: 2020 | BW70: SA | BY70: 4.0514202e+18 | BZ70: http://docquery.fec.gov/cgi-bin/fecimg/?202004219229015405 | CA70: Contributions From Individuals/Persons Other Than Political Committees
A71: C00401224 | B71: ACTBLUE | C71: 2020 | D71: M4 | E71: 2.0200422e+17 | F71: 11AI | G71: SA11AI_222356447 | H71: 1402724 | J71: IND | K71: INDIVIDUAL | N71: GLOVER, RENEE | O71: V | Q71: U | R71: RENEE | T71: GLOVER | V71: 553 AUBURN AVENUE NE | X71: ATLANTA | Y71: GA | Z71: 30312 | AA71: THE CATALYST GROUP, LLC | AB71: BUSINESS CONSULTANT | AD71: 15 | AE71: CONTRIBUTION | AF71: CONTRIBUTION TO ACT BLUE | AI71: 43915 | AJ71: 25 | AK71: 256.9 | BG71: P | BI71: PRIMARY | BK71: A | BL71: ADD | BM71: ITEMIZED RECEIPTS | BN71: 43966.303 | BR71: F3X | BS71: 4.0420202e+18 | BT71: t | BU71: CONTRIBUTION TO ACTBLUE | BV71: 2020 | BW71: SA | BY71: 4.0514202e+18 | BZ71: http://docquery.fec.gov/cgi-bin/fecimg/?202004219229015406 | CA71: Contributions From Individuals/Persons Other Than Political Committees
A72: C00401224 | B72: ACTBLUE | C72: 2020 | D72: M4 | E72: 2.0200422e+17 | F72: 11AI | G72: SA11AI_220719808 | H72: 1402724 | J72: IND | K72: INDIVIDUAL | N72: GLOVER, RENEE | O72: V | Q72: U | R72: RENEE | T72: GLOVER | V72: 553 AUBURN AVENUE NE | X72: ATLANTA | Y72: GA | Z72: 30312 | AA72: THE CATALYST GROUP, LLC | AB72: BUSINESS CONSULTANT | AD72: 15 | AE72: CONTRIBUTION | AF72: CONTRIBUTION TO ACT BLUE | AI72: 43909 | AJ72: 10 | AK72: 256.9 | BG72: P | BI72: PRIMARY | BK72: A | BL72: ADD | BM72: ITEMIZED RECEIPTS | BN72: 43966.316 | BR72: F3X | BS72: 4.0420202e+18 | BT72: t | BU72: CONTRIBUTION TO ACTBLUE | BV72: 2020 | BW72: SA | BY72: 4.0514202e+18 | BZ72: http://docquery.fec.gov/cgi-bin/fecimg/?202004219229015406 | CA72: Contributions From Individuals/Persons Other Than Political Committees
A73: C00401224 | B73: ACTBLUE | C73: 2020 | D73: M4 | E73: 2.0200422e+17 | F73: 11AI | G73: SA11AI_223581241 | H73: 1402724 | J73: IND | K73: INDIVIDUAL | N73: GLOVER, RENEE | O73: V | Q73: U | R73: RENEE | T73: GLOVER | V73: 553 AUBURN AVENUE NE | X73: ATLANTA | Y73: GA | Z73: 30312 | AA73: THE CATALYST GROUP, LLC | AB73: BUSINESS CONSULTANT | AD73: 15 | AE73: CONTRIBUTION | AF73: CONTRIBUTION TO ACT BLUE | AI73: 43920 | AJ73: 12.5 | AK73: 256.9 | BG73: P | BI73: PRIMARY | BK73: A | BL73: ADD | BM73: ITEMIZED RECEIPTS | BN73: 43966.316 | BR73: F3X | BS73: 4.0420202e+18 | BT73: t | BU73: CONTRIBUTION TO ACTBLUE | BV73: 2020 | BW73: SA | BY73: 4.0514202e+18 | BZ73: http://docquery.fec.gov/cgi-bin/fecimg/?202004219229015407 | CA73: Contributions From Individuals/Persons Other Than Political Committees
A74: C00401224 | B74: ACTBLUE | C74: 2020 | D74: M4 | E74: 2.0200422e+17 | F74: 11AI | G74: SA11AI_223581202 | H74: 1402724 | J74: IND | K74: INDIVIDUAL | L74: C00000935 | N74: GLOVER, RENEE | O74: V | Q74: U | R74: RENEE | T74: GLOVER | V74: 553 AUBURN AVENUE NE | X74: ATLANTA | Y74: GA | Z74: 30312 | AA74: THE CATALYST GROUP, LLC | AB74: BUSINESS CONSULTANT | AC74: C00000935 | AD74: 24T | AE74: EARMARKED INTERMEDIARY TREASURY OUT | AF74: EARMARK | AI74: 43920 | AJ74: 125 | AK74: 319 | BG74: P | BI74: PRIMARY | BK74: A | BL74: ADD | BM74: ITEMIZED RECEIPTS | BN74: 43966.32 | BR74: F3X | BS74: 4.0420202e+18 | BT74: t | BU74: EARMARKED FOR DCCC (C00000935) | BV74: 2020 | BW74: SA | BY74: 4.0514202e+18 | BZ74: http://docquery.fec.gov/cgi-bin/fecimg/?202004219229015407 | CA74: Contributions From Individuals/Persons Other Than Political Committees
A75: C00401224 | B75: ACTBLUE | C75: 2020 | D75: M4 | E75: 2.0200422e+17 | F75: 11AI | G75: SA11AI_217365595 | H75: 1402724 | J75: IND | K75: INDIVIDUAL | N75: GLOVER, RENEE | O75: V | Q75: U | R75: RENEE | T75: GLOVER | V75: 553 AUBURN AVENUE NE | X75: ATLANTA | Y75: GA | Z75: 30312 | AA75: THE CATALYST GROUP, LLC | AB75: BUSINESS CONSULTANT | AD75: 15 | AE75: CONTRIBUTION | AF75: CONTRIBUTION TO ACT BLUE | AI75: 43896 | AJ75: 5 | AK75: 256.9 | BG75: P | BI75: PRIMARY | BK75: A | BL75: ADD | BM75: ITEMIZED RECEIPTS | BN75: 43966.333 | BR75: F3X | BS75: 4.0420202e+18 | BT75: t | BU75: CONTRIBUTION TO ACTBLUE | BV75: 2020 | BW75: SA | BY75: 4.0514202e+18 | BZ75: http://docquery.fec.gov/cgi-bin/fecimg/?202004219229015405 | CA75: Contributions From Individuals/Persons Other Than Political Committees
A76: C00401224 | B76: ACTBLUE | C76: 2020 | D76: M4 | E76: 2.0200422e+17 | F76: 11AI | G76: SA11AI_217115152 | H76: 1402724 | J76: IND | K76: INDIVIDUAL | N76: GLOVER, RENEE | O76: V | Q76: U | R76: RENEE | T76: GLOVER | V76: 553 AUBURN AVENUE NE | X76: ATLANTA | Y76: GA | Z76: 30312 | AA76: THE CATALYST GROUP, LLC | AB76: BUSINESS CONSULTANT | AD76: 15 | AE76: CONTRIBUTION | AF76: CONTRIBUTION TO ACT BLUE | AI76: 43895 | AJ76: 25 | AK76: 256.9 | BG76: P | BI76: PRIMARY | BK76: A | BL76: ADD | BM76: ITEMIZED RECEIPTS | BN76: 43966.349 | BR76: F3X | BS76: 4.0420202e+18 | BT76: t | BU76: CONTRIBUTION TO ACTBLUE | BV76: 2020 | BW76: SA | BY76: 4.0514202e+18 | BZ76: http://docquery.fec.gov/cgi-bin/fecimg/?202004219229015404 | CA76: Contributions From Individuals/Persons Other Than Political Committees
A77: C00562983 | B77: DEMOCRATIC ACTION | C77: 2020 | D77: M5 | E77: 2.0200521e+17 | F77: 11AI | G77: VN8EQMT7ZB1 | H77: 1407252 | J77: IND | K77: INDIVIDUAL | L77: C00401224 | N77: GLOVER, RENEE | O77: N | Q77: U | R77: RENEE | T77: GLOVER | V77: 553 AUBURN AVE NE | X77: ATLANTA | Y77: GA | Z77: 303121941 | AA77: THE CATALYST GROUP LLC | AB77: BUSINESS CONSULTANT | AC77: C00401224 | AD77: 15E | AE77: EARMARKED CONTRIBUTION | AI77: 43940 | AJ77: 200 | AK77: 400 | BG77: P | BI77: PRIMARY | BK77: A | BL77: ADD | BM77: ITEMIZED RECEIPTS | BN77: 43972.073 | BP77: VN8EQMT7ZB1E | BQ77: SA11AI | BR77: F3X | BS77: 4.0520202e+18 | BT77: t | BU77: * EARMARKED CONTRIBUTION: SEE BELOW | BV77: 2020 | BW77: SA | BY77: 4.0520202e+18 | BZ77: http://docquery.fec.gov/cgi-bin/fecimg/?202005209232889037 | CA77: Contributions From Individuals/Persons Other Than Political Committees
A78: C00562983 | B78: DEMOCRATIC ACTION | C78: 2020 | D78: M5 | E78: 2.0200521e+17 | F78: 11AI | G78: VN8EQMWT2R6 | H78: 1407252 | J78: IND | K78: INDIVIDUAL | L78: C00401224 | N78: GLOVER, RENEE | O78: N | Q78: U | R78: RENEE | T78: GLOVER | V78: 553 AUBURN AVE NE | X78: ATLANTA | Y78: GA | Z78: 303121941 | AA78: THE CATALYST GROUP LLC | AB78: BUSINESS CONSULTANT | AC78: C00401224 | AD78: 15E | AE78: EARMARKED CONTRIBUTION | AI78: 43951 | AJ78: 200 | AK78: 400 | BG78: P | BI78: PRIMARY | BK78: A | BL78: ADD | BM78: ITEMIZED RECEIPTS | BN78: 43972.073 | BP78: VN8EQMWT2R6E | BQ78: SA11AI | BR78: F3X | BS78: 4.0520202e+18 | BT78: t | BU78: * EARMARKED CONTRIBUTION: SEE BELOW | BV78: 2020 | BW78: SA | BY78: 4.0520202e+18 | BZ78: http://docquery.fec.gov/cgi-bin/fecimg/?202005209232889037 | CA78: Contributions From Individuals/Persons Other Than Political Committees
A79: C00401224 | B79: ACTBLUE | C79: 2020 | D79: M5 | E79: 2.0200521e+17 | F79: 11AI | G79: SA11AI_226397004 | H79: 1407307 | J79: IND | K79: INDIVIDUAL | L79: C00042366 | N79: GLOVER, RENEE | O79: V | Q79: U | R79: RENEE | T79: GLOVER | V79: 553 AUBURN AVENUE NE | X79: ATLANTA | Y79: GA | Z79: 30312 | AA79: THE CATALYST GROUP, LLC | AB79: BUSINESS CONSULTANT | AC79: C00042366 | AD79: 24T | AE79: EARMARKED INTERMEDIARY TREASURY OUT | AF79: EARMARK | AI79: 43932 | AJ79: 100 | AK79: 600 | BG79: P | BI79: PRIMARY | BK79: A | BL79: ADD | BM79: ITEMIZED RECEIPTS | BN79: 43979.286 | BR79: F3X | BS79: 4.0521202e+18 | BT79: t | BU79: EARMARKED FOR DSCC (C00042366) | BV79: 2020 | BW79: SA | BY79: 4.0527202e+18 | BZ79: http://docquery.fec.gov/cgi-bin/fecimg/?202005209236529318 | CA79: Contributions From Individuals/Persons Other Than Political Committees
A80: C00401224 | B80: ACTBLUE | C80: 2020 | D80: M5 | E80: 2.0200521e+17 | F80: 11AI | G80: SA11AI_226999801 | H80: 1407307 | J80: IND | K80: INDIVIDUAL | L80: C00042366 | N80: GLOVER, RENEE | O80: V | Q80: U | R80: RENEE | T80: GLOVER | V80: 553 AUBURN AVENUE NE | X80: ATLANTA | Y80: GA | Z80: 30312 | AA80: THE CATALYST GROUP, LLC | AB80: BUSINESS CONSULTANT | AC80: C00042366 | AD80: 24T | AE80: EARMARKED INTERMEDIARY TREASURY OUT | AF80: EARMARK | AI80: 43935 | AJ80: 100 | AK80: 600 | BG80: P | BI80: PRIMARY | BK80: A | BL80: ADD | BM80: ITEMIZED RECEIPTS | BN80: 43979.286 | BR80: F3X | BS80: 4.0521202e+18 | BT80: t | BU80: EARMARKED FOR DSCC (C00042366) | BV80: 2020 | BW80: SA | BY80: 4.0527202e+18 | BZ80: http://docquery.fec.gov/cgi-bin/fecimg/?202005209236529319 | CA80: Contributions From Individuals/Persons Other Than Political Committees
A81: C00401224 | B81: ACTBLUE | C81: 2020 | D81: M5 | E81: 2.0200521e+17 | F81: 11AI | G81: SA11AI_226996960 | H81: 1407307 | J81: IND | K81: INDIVIDUAL | L81: C00042366 | N81: GLOVER, RENEE | O81: V | Q81: U | R81: RENEE | T81: GLOVER | V81: 553 AUBURN AVENUE NE | X81: ATLANTA | Y81: GA | Z81: 30312 | AA81: THE CATALYST GROUP, LLC | AB81: BUSINESS CONSULTANT | AC81: C00042366 | AD81: 24T | AE81: EARMARKED INTERMEDIARY TREASURY OUT | AF81: EARMARK | AI81: 43935 | AJ81: 100 | AK81: 600 | BG81: P | BI81: PRIMARY | BK81: A | BL81: ADD | BM81: ITEMIZED RECEIPTS | BN81: 43979.286 | BR81: F3X | BS81: 4.0521202e+18 | BT81: t | BU81: EARMARKED FOR DSCC (C00042366) | BV81: 2020 | BW81: SA | BY81: 4.0527202e+18 | BZ81: http://docquery.fec.gov/cgi-bin/fecimg/?202005209236529320 | CA81: Contributions From Individuals/Persons Other Than Political Committees
A82: C00401224 | B82: ACTBLUE | C82: 2020 | D82: M5 | E82: 2.0200521e+17 | F82: 11AI | G82: SA11AI_228238816 | H82: 1407307 | J82: IND | K82: INDIVIDUAL | N82: GLOVER, RENEE | O82: V | Q82: U | R82: RENEE | T82: GLOVER | V82: 553 AUBURN AVENUE NE | X82: ATLANTA | Y82: GA | Z82: 30312 | AA82: THE CATALYST GROUP, LLC | AB82: BUSINESS CONSULTANT | AD82: 15 | AE82: CONTRIBUTION | AF82: CONTRIBUTION TO ACT BLUE | AI82: 43940 | AJ82: 20 | AK82: 386.9 | BG82: P | BI82: PRIMARY | BK82: A | BL82: ADD | BM82: ITEMIZED RECEIPTS | BN82: 43979.286 | BR82: F3X | BS82: 4.0521202e+18 | BT82: t | BU82: CONTRIBUTION TO ACTBLUE | BV82: 2020 | BW82: SA | BY82: 4.0527202e+18 | BZ82: http://docquery.fec.gov/cgi-bin/fecimg/?202005209236529321 | CA82: Contributions From Individuals/Persons Other Than Political Committees
A83: C00401224 | B83: ACTBLUE | C83: 2020 | D83: M5 | E83: 2.0200521e+17 | F83: 11AI | G83: SA11AI_231217606 | H83: 1407307 | J83: IND | K83: INDIVIDUAL | L83: C00736876 | N83: GLOVER, RENEE | O83: V | Q83: U | R83: RENEE | T83: GLOVER | V83: 553 AUBURN AVENUE NE | X83: ATLANTA | Y83: GA | Z83: 30312 | AA83: THE CATALYST GROUP, LLC | AB83: BUSINESS CONSULTANT | AC83: C00736876 | AD83: 24T | AE83: EARMARKED INTERMEDIARY TREASURY OUT | AF83: EARMARK | AI83: 43951 | AJ83: 100 | AK83: 1700 | AL83: S0GA00559 | BG83: P | BI83: PRIMARY | BK83: A | BL83: ADD | BM83: ITEMIZED RECEIPTS | BN83: 43979.286 | BR83: F3X | BS83: 4.0521202e+18 | BT83: t | BU83: EARMARKED FOR WARNOCK FOR GEORGIA (C00736876) | BV83: 2020 | BW83: SA | BY83: 4.0527202e+18 | BZ83: http://docquery.fec.gov/cgi-bin/fecimg/?202005209236529322 | CA83: Contributions From Individuals/Persons Other Than Political Committees
A84: C00401224 | B84: ACTBLUE | C84: 2020 | D84: M5 | E84: 2.0200521e+17 | F84: 11AI | G84: SA11AI_226397016 | H84: 1407307 | J84: IND | K84: INDIVIDUAL | N84: GLOVER, RENEE | O84: V | Q84: U | R84: RENEE | T84: GLOVER | V84: 553 AUBURN AVENUE NE | X84: ATLANTA | Y84: GA | Z84: 30312 | AA84: THE CATALYST GROUP, LLC | AB84: BUSINESS CONSULTANT | AD84: 15 | AE84: CONTRIBUTION | AF84: CONTRIBUTION TO ACT BLUE | AI84: 43932 | AJ84: 10 | AK84: 386.9 | BG84: P | BI84: PRIMARY | BK84: A | BL84: ADD | BM84: ITEMIZED RECEIPTS | BN84: 43979.29 | BR84: F3X | BS84: 4.0521202e+18 | BT84: t | BU84: CONTRIBUTION TO ACTBLUE | BV84: 2020 | BW84: SA | BY84: 4.0527202e+18 | BZ84: http://docquery.fec.gov/cgi-bin/fecimg/?202005209236529318 | CA84: Contributions From Individuals/Persons Other Than Political Committees
A85: C00401224 | B85: ACTBLUE | C85: 2020 | D85: M5 | E85: 2.0200521e+17 | F85: 11AI | G85: SA11AI_226997014 | H85: 1407307 | J85: IND | K85: INDIVIDUAL | N85: GLOVER, RENEE | O85: V | Q85: U | R85: RENEE | T85: GLOVER | V85: 553 AUBURN AVENUE NE | X85: ATLANTA | Y85: GA | Z85: 30312 | AA85: THE CATALYST GROUP, LLC | AB85: BUSINESS CONSULTANT | AD85: 15 | AE85: CONTRIBUTION | AF85: CONTRIBUTION TO ACT BLUE | AI85: 43935 | AJ85: 10 | AK85: 386.9 | BG85: P | BI85: PRIMARY | BK85: A | BL85: ADD | BM85: ITEMIZED RECEIPTS | BN85: 43979.29 | BR85: F3X | BS85: 4.0521202e+18 | BT85: t | BU85: CONTRIBUTION TO ACTBLUE | BV85: 2020 | BW85: SA | BY85: 4.0527202e+18 | BZ85: http://docquery.fec.gov/cgi-bin/fecimg/?202005209236529319 | CA85: Contributions From Individuals/Persons Other Than Political Committees
A86: C00401224 | B86: ACTBLUE | C86: 2020 | D86: M5 | E86: 2.0200521e+17 | F86: 11AI | G86: SA11AI_226999841 | H86: 1407307 | J86: IND | K86: INDIVIDUAL | N86: GLOVER, RENEE | O86: V | Q86: U | R86: RENEE | T86: GLOVER | V86: 553 AUBURN AVENUE NE | X86: ATLANTA | Y86: GA | Z86: 30312 | AA86: THE CATALYST GROUP, LLC | AB86: BUSINESS CONSULTANT | AD86: 15 | AE86: CONTRIBUTION | AF86: CONTRIBUTION TO ACT BLUE | AI86: 43935 | AJ86: 10 | AK86: 386.9 | BG86: P | BI86: PRIMARY | BK86: A | BL86: ADD | BM86: ITEMIZED RECEIPTS | BN86: 43979.302 | BR86: F3X | BS86: 4.0521202e+18 | BT86: t | BU86: CONTRIBUTION TO ACTBLUE | BV86: 2020 | BW86: SA | BY86: 4.0527202e+18 | BZ86: http://docquery.fec.gov/cgi-bin/fecimg/?202005209236529319 | CA86: Contributions From Individuals/Persons Other Than Political Committees
A87: C00401224 | B87: ACTBLUE | C87: 2020 | D87: M5 | E87: 2.0200521e+17 | F87: 11AI | G87: SA11AI_231218299 | H87: 1407307 | J87: IND | K87: INDIVIDUAL | N87: GLOVER, RENEE | O87: V | Q87: U | R87: RENEE | T87: GLOVER | V87: 553 AUBURN AVENUE NE | X87: ATLANTA | Y87: GA | Z87: 30312 | AA87: THE CATALYST GROUP, LLC | AB87: BUSINESS CONSULTANT | AD87: 15 | AE87: CONTRIBUTION | AF87: CONTRIBUTION TO ACT BLUE | AI87: 43951 | AJ87: 15 | AK87: 386.9 | BG87: P | BI87: PRIMARY | BK87: A | BL87: ADD | BM87: ITEMIZED RECEIPTS | BN87: 43979.302 | BR87: F3X | BS87: 4.0521202e+18 | BT87: t | BU87: CONTRIBUTION TO ACTBLUE | BV87: 2020 | BW87: SA | BY87: 4.0527202e+18 | BZ87: http://docquery.fec.gov/cgi-bin/fecimg/?202005209236529323 | CA87: Contributions From Individuals/Persons Other Than Political Committees
A88: C00401224 | B88: ACTBLUE | C88: 2020 | D88: M5 | E88: 2.0200521e+17 | F88: 11AI | G88: SA11AI_231218135 | H88: 1407307 | J88: IND | K88: INDIVIDUAL | L88: C00703975 | N88: GLOVER, RENEE | O88: V | Q88: U | R88: RENEE | T88: GLOVER | V88: 553 AUBURN AVENUE NE | X88: ATLANTA | Y88: GA | Z88: 30312 | AA88: THE CATALYST GROUP, LLC | AB88: BUSINESS CONSULTANT | AC88: C00703975 | AD88: 24T | AE88: EARMARKED INTERMEDIARY TREASURY OUT | AF88: EARMARK | AI88: 43951 | AJ88: 150 | AK88: 5159 | AL88: P80000722 | BG88: P | BI88: PRIMARY | BK88: A | BL88: ADD | BM88: ITEMIZED RECEIPTS | BN88: 43979.304 | BR88: F3X | BS88: 4.0521202e+18 | BT88: t | BU88: EARMARKED FOR BIDEN FOR PRESIDENT (C00703975) | BV88: 2020 | BW88: SA | BY88: 4.0527202e+18 | BZ88: http://docquery.fec.gov/cgi-bin/fecimg/?202005209236529324 | CA88: Contributions From Individuals/Persons Other Than Political Committees
A89: C00401224 | B89: ACTBLUE | C89: 2020 | D89: M5 | E89: 2.0200521e+17 | F89: 11AI | G89: SA11AI_229968421 | H89: 1407307 | J89: IND | K89: INDIVIDUAL | N89: GLOVER, RENEE | O89: V | Q89: U | R89: RENEE | T89: GLOVER | V89: 553 AUBURN AVENUE NE | X89: ATLANTA | Y89: GA | Z89: 30312 | AA89: THE CATALYST GROUP, LLC | AB89: BUSINESS CONSULTANT | AD89: 15 | AE89: CONTRIBUTION | AF89: CONTRIBUTION TO ACT BLUE | AI89: 43947 | AJ89: 10 | AK89: 386.9 | BG89: P | BI89: PRIMARY | BK89: A | BL89: ADD | BM89: ITEMIZED RECEIPTS | BN89: 43979.32 | BR89: F3X | BS89: 4.0521202e+18 | BT89: t | BU89: CONTRIBUTION TO ACTBLUE | BV89: 2020 | BW89: SA | BY89: 4.0527202e+18 | BZ89: http://docquery.fec.gov/cgi-bin/fecimg/?202005209236529321 | CA89: Contributions From Individuals/Persons Other Than Political Committees
A90: C00401224 | B90: ACTBLUE | C90: 2020 | D90: M5 | E90: 2.0200521e+17 | F90: 11AI | G90: SA11AI_227678602 | H90: 1407307 | J90: IND | K90: INDIVIDUAL | N90: GLOVER, RENEE | O90: V | Q90: U | R90: RENEE | T90: GLOVER | V90: 553 AUBURN AVENUE NE | X90: ATLANTA | Y90: GA | Z90: 30312 | AA90: THE CATALYST GROUP, LLC | AB90: BUSINESS CONSULTANT | AD90: 15 | AE90: CONTRIBUTION | AF90: CONTRIBUTION TO ACT BLUE | AI90: 43938 | AJ90: 25 | AK90: 386.9 | BG90: P | BI90: PRIMARY | BK90: A | BL90: ADD | BM90: ITEMIZED RECEIPTS | BN90: 43979.329 | BR90: F3X | BS90: 4.0521202e+18 | BT90: t | BU90: CONTRIBUTION TO ACTBLUE | BV90: 2020 | BW90: SA | BY90: 4.0527202e+18 | BZ90: http://docquery.fec.gov/cgi-bin/fecimg/?202005209236529320 | CA90: Contributions From Individuals/Persons Other Than Political Committees
A91: C00401224 | B91: ACTBLUE | C91: 2020 | D91: M5 | E91: 2.0200521e+17 | F91: 11AI | G91: SA11AI_231158614 | H91: 1407307 | J91: IND | K91: INDIVIDUAL | N91: GLOVER, RENEE | O91: V | Q91: U | R91: RENEE | T91: GLOVER | V91: 553 AUBURN AVENUE NE | X91: ATLANTA | Y91: GA | Z91: 30312 | AA91: THE CATALYST GROUP, LLC | AB91: BUSINESS CONSULTANT | AD91: 15 | AE91: CONTRIBUTION | AF91: CONTRIBUTION TO ACT BLUE | AI91: 43951 | AJ91: 20 | AK91: 386.9 | BG91: P | BI91: PRIMARY | BK91: A | BL91: ADD | BM91: ITEMIZED RECEIPTS | BN91: 43979.329 | BR91: F3X | BS91: 4.0521202e+18 | BT91: t | BU91: CONTRIBUTION TO ACTBLUE | BV91: 2020 | BW91: SA | BY91: 4.0527202e+18 | BZ91: http://docquery.fec.gov/cgi-bin/fecimg/?202005209236529323 | CA91: Contributions From Individuals/Persons Other Than Political Committees
A92: C00401224 | B92: ACTBLUE | C92: 2020 | D92: M5 | E92: 2.0200521e+17 | F92: 11AI | G92: SA11AI_229968410 | H92: 1407307 | J92: IND | K92: INDIVIDUAL | L92: C00042366 | N92: GLOVER, RENEE | O92: V | Q92: U | R92: RENEE | T92: GLOVER | V92: 553 AUBURN AVENUE NE | X92: ATLANTA | Y92: GA | Z92: 30312 | AA92: THE CATALYST GROUP, LLC | AB92: BUSINESS CONSULTANT | AC92: C00042366 | AD92: 24T | AE92: EARMARKED INTERMEDIARY TREASURY OUT | AF92: EARMARK | AI92: 43947 | AJ92: 100 | AK92: 600 | BG92: P | BI92: PRIMARY | BK92: A | BL92: ADD | BM92: ITEMIZED RECEIPTS | BN92: 43979.333 | BR92: F3X | BS92: 4.0521202e+18 | BT92: t | BU92: EARMARKED FOR DSCC (C00042366) | BV92: 2020 | BW92: SA | BY92: 4.0527202e+18 | BZ92: http://docquery.fec.gov/cgi-bin/fecimg/?202005209236529322 | CA92: Contributions From Individuals/Persons Other Than Political Committees
A93: C00401224 | B93: ACTBLUE | C93: 2020 | D93: M5 | E93: 2.0200521e+17 | F93: 11AI | G93: SA11AI_231217695 | H93: 1407307 | J93: IND | K93: INDIVIDUAL | N93: GLOVER, RENEE | O93: V | Q93: U | R93: RENEE | T93: GLOVER | V93: 553 AUBURN AVENUE NE | X93: ATLANTA | Y93: GA | Z93: 30312 | AA93: THE CATALYST GROUP, LLC | AB93: BUSINESS CONSULTANT | AD93: 15 | AE93: CONTRIBUTION | AF93: CONTRIBUTION TO ACT BLUE | AI93: 43951 | AJ93: 10 | AK93: 386.9 | BG93: P | BI93: PRIMARY | BK93: A | BL93: ADD | BM93: ITEMIZED RECEIPTS | BN93: 43979.333 | BR93: F3X | BS93: 4.0521202e+18 | BT93: t | BU93: CONTRIBUTION TO ACTBLUE | BV93: 2020 | BW93: SA | BY93: 4.0527202e+18 | BZ93: http://docquery.fec.gov/cgi-bin/fecimg/?202005209236529322 | CA93: Contributions From Individuals/Persons Other Than Political Committees
A94: C00703975 | B94: BIDEN FOR PRESIDENT | C94: 2020 | D94: M5 | E94: 2.0200521e+17 | F94: 17A | G94: 4102359 | H94: 1407726 | J94: IND | K94: INDIVIDUAL | L94: C00401224 | N94: GLOVER, RENEE | O94: P | Q94: P | R94: RENEE | T94: GLOVER | V94: 553 AUBURN AVE NE | X94: ATLANTA | Y94: GA | Z94: 303121941 | AA94: THE CATALYST GROUP LLC | AB94: BUSINESS CONSULTANT | AC94: C00401224 | AD94: 15E | AE94: EARMARKED CONTRIBUTION | AI94: 43938 | AJ94: 250 | AK94: 3059 | BG94: G2020 | BI94: GENERAL | BJ94: 2020 | BK94: A | BL94: ADD | BM94: ITEMIZED RECEIPTS | BN94: 43981.115 | BP94: 4102359E | BQ94: SA17A | BR94: F3P | BS94: 4.0521202e+18 | BT94: t | BU94: * EARMARKED CONTRIBUTION: SEE BELOW | BV94: 2020 | BW94: SA | BY94: 4.0529202e+18 | BZ94: http://docquery.fec.gov/cgi-bin/fecimg/?202005209239386155 | CA94: Contributions From Individuals/Persons Other Than Political Committees
A95: C00703975 | B95: BIDEN FOR PRESIDENT | C95: 2020 | D95: M5 | E95: 2.0200521e+17 | F95: 17A | G95: 4502811 | H95: 1407726 | J95: IND | K95: INDIVIDUAL | L95: C00401224 | N95: GLOVER, RENEE | O95: P | Q95: P | R95: RENEE | T95: GLOVER | V95: 553 AUBURN AVE NE | X95: ATLANTA | Y95: GA | Z95: 303121941 | AA95: THE CATALYST GROUP LLC | AB95: BUSINESS CONSULTANT | AC95: C00401224 | AD95: 15E | AE95: EARMARKED CONTRIBUTION | AI95: 43951 | AJ95: 150 | AK95: 5159 | BG95: G2020 | BI95: GENERAL | BJ95: 2020 | BK95: A | BL95: ADD | BM95: ITEMIZED RECEIPTS | BN95: 43981.115 | BP95: 4502811E | BQ95: SA17A | BR95: F3P | BS95: 4.0521202e+18 | BT95: t | BU95: * EARMARKED CONTRIBUTION: SEE BELOW | BV95: 2020 | BW95: SA | BY95: 4.0529202e+18 | BZ95: http://docquery.fec.gov/cgi-bin/fecimg/?202005209239386155 | CA95: Contributions From Individuals/Persons Other Than Political Committees
A96: C00703975 | B96: BIDEN FOR PRESIDENT | C96: 2020 | D96: M5 | E96: 2.0200521e+17 | F96: 17A | G96: 4503011 | H96: 1407726 | J96: IND | K96: INDIVIDUAL | L96: C00401224 | N96: GLOVER, RENEE | O96: P | Q96: P | R96: RENEE | T96: GLOVER | V96: 553 AUBURN AVE NE | X96: ATLANTA | Y96: GA | Z96: 303121941 | AA96: THE CATALYST GROUP LLC | AB96: BUSINESS CONSULTANT | AC96: C00401224 | AD96: 15E | AE96: EARMARKED CONTRIBUTION | AI96: 43951 | AJ96: 1950 | AK96: 5159 | BG96: G2020 | BI96: GENERAL | BJ96: 2020 | BK96: A | BL96: ADD | BM96: ITEMIZED RECEIPTS | BN96: 43981.115 | BP96: 4503011E | BQ96: SA17A | BR96: F3P | BS96: 4.0521202e+18 | BT96: t | BU96: * EARMARKED CONTRIBUTION: SEE BELOW | BV96: 2020 | BW96: SA | BY96: 4.0529202e+18 | BZ96: http://docquery.fec.gov/cgi-bin/fecimg/?202005209239386156 | CA96: Contributions From Individuals/Persons Other Than Political Committees
A97: C00672295 | B97: FRIENDS OF LUCY MCBATH | C97: 2020 | D97: 12P | E97: 2.0200529e+17 | F97: 11AI | G97: VVBPDRKFHW0 | H97: 1408931 | J97: IND | K97: INDIVIDUAL | L97: C00401224 | N97: GLOVER, RENEE | O97: H | Q97: P | R97: RENEE | T97: GLOVER | V97: 553 AUBURN AVE NE | X97: ATLANTA | Y97: GA | Z97: 303121941 | AA97: THE CATALYST GROUP LLC | AB97: BUSINESS CONSULTANT | AC97: C00401224 | AD97: 15E | AE97: EARMARKED CONTRIBUTION | AI97: 43968 | AJ97: 100 | AK97: 550 | BG97: P2020 | BI97: PRIMARY | BJ97: 2020 | BK97: A | BL97: ADD | BM97: ITEMIZED RECEIPTS | BN97: 43981.117 | BP97: VVBPDRKFHW0E | BQ97: SA11AI | BR97: F3 | BS97: 4.0528202e+18 | BT97: t | BU97: * EARMARKED CONTRIBUTION: SEE BELOW | BV97: 2020 | BW97: SA | BY97: 4.0529202e+18 | BZ97: http://docquery.fec.gov/cgi-bin/fecimg/?202005289239511411 | CA97: Contributions From Individuals/Persons Other Than Political Committees
A98: C00703975 | B98: BIDEN FOR PRESIDENT | C98: 2020 | D98: M6 | E98: 2.0200621e+17 | F98: 17A | G98: 4979515 | H98: 1414186 | J98: IND | K98: INDIVIDUAL | L98: C00401224 | N98: GLOVER, RENEE | O98: P | Q98: P | R98: RENEE | T98: GLOVER | V98: 553 AUBURN AVE NE | X98: ATLANTA | Y98: GA | Z98: 303121941 | AA98: THE CATALYST GROUP LLC | AB98: BUSINESS CONSULTANT | AC98: C00401224 | AD98: 15E | AE98: EARMARKED CONTRIBUTION | AI98: 43968 | AJ98: 150 | AK98: 5334 | BG98: G2020 | BI98: GENERAL | BJ98: 2020 | BK98: A | BL98: ADD | BM98: ITEMIZED RECEIPTS | BN98: 44008.114 | BP98: 4979515E | BQ98: SA17A | BR98: F3P | BS98: 4.0620202e+18 | BT98: t | BU98: * EARMARKED CONTRIBUTION: SEE BELOW | BV98: 2020 | BW98: SA | BY98: 4.0625202e+18 | BZ98: http://docquery.fec.gov/cgi-bin/fecimg/?202006209243747140 | CA98: Contributions From Individuals/Persons Other Than Political Committees
A99: C00703975 | B99: BIDEN FOR PRESIDENT | C99: 2020 | D99: M6 | E99: 2.0200621e+17 | F99: 17A | G99: 5340769 | H99: 1414186 | J99: IND | K99: INDIVIDUAL | N99: GLOVER, RENEE | O99: P | Q99: P | R99: RENEE | T99: GLOVER | V99: 553 AUBURN AVE NE | X99: ATLANTA | Y99: GA | Z99: 303121941 | AA99: THE CATALYST GROUP LLC | AB99: BUSINESS CONSULTANT | AG99: X | AI99: 43977 | AJ99: -266 | AK99: 5634 | BG99: P2020 | BI99: PRIMARY | BJ99: 2020 | BK99: A | BL99: ADD | BM99: ITEMIZED RECEIPTS | BN99: 44008.114 | BR99: F3P | BS99: 4.0620202e+18 | BT99: t | BV99: 2020 | BW99: SA | BY99: 4.0625202e+18 | BZ99: http://docquery.fec.gov/cgi-bin/fecimg/?202006209243747141 | CA99: Contributions From Individuals/Persons Other Than Political Committees
A100: C00703975 | B100: BIDEN FOR PRESIDENT | C100: 2020 | D100: M6 | E100: 2.0200621e+17 | F100: 17A | G100: 4568516 | H100: 1414186 | J100: IND | K100: INDIVIDUAL | L100: C00401224 | N100: GLOVER, RENEE | O100: P | Q100: P | R100: RENEE | T100: GLOVER | V100: 553 AUBURN AVE NE | X100: ATLANTA | Y100: GA | Z100: 303121941 | AA100: THE CATALYST GROUP LLC | AB100: BUSINESS CONSULTANT | AC100: C00401224 | AD100: 15E | AE100: EARMARKED CONTRIBUTION | AI100: 43954 | AJ100: 25 | AK100: 5184 | BG100: G2020 | BI100: GENERAL | BJ100: 2020 | BK100: A | BL100: ADD | BM100: ITEMIZED RECEIPTS | BN100: 44008.115 | BP100: 4568516E | BQ100: SA17A | BR100: F3P | BS100: 4.0620202e+18 | BT100: t | BU100: * EARMARKED CONTRIBUTION: SEE BELOW | BV100: 2020 | BW100: SA | BY100: 4.0625202e+18 | BZ100: http://docquery.fec.gov/cgi-bin/fecimg/?202006209243747139 | CA100: Contributions From Individuals/Persons Other Than Political Committees
A101: C00703975 | B101: BIDEN FOR PRESIDENT | C101: 2020 | D101: M6 | E101: 2.0200621e+17 | F101: 17A | G101: 5264739 | H101: 1414186 | J101: IND | K101: INDIVIDUAL | L101: C00401224 | N101: GLOVER, RENEE | O101: P | Q101: P | R101: RENEE | T101: GLOVER | V101: 553 AUBURN AVE NE | X101: ATLANTA | Y101: GA | Z101: 303121941 | AA101: THE CATALYST GROUP LLC | AB101: BUSINESS CONSULTANT | AC101: C00401224 | AD101: 15E | AE101: EARMARKED CONTRIBUTION | AI101: 43977 | AJ101: 300 | AK101: 5634 | BG101: P2020 | BI101: PRIMARY | BJ101: 2020 | BK101: A | BL101: ADD | BM101: ITEMIZED RECEIPTS | BN101: 44008.115 | BP101: 5264739E | BQ101: SA17A | BR101: F3P | BS101: 4.0620202e+18 | BT101: t | BU101: * EARMARKED CONTRIBUTION: SEE BELOW | BV101: 2020 | BW101: SA | BY101: 4.0625202e+18 | BZ101: http://docquery.fec.gov/cgi-bin/fecimg/?202006209243747141 | CA101: Contributions From Individuals/Persons Other Than Political Committees
A102: C00042366 | B102: DSCC | C102: 2020 | D102: M8 | E102: 2.0201024e+17 | F102: 11AI | G102: 14848206 | H102: 1464425 | J102: IND | K102: INDIVIDUAL | N102: GLOVER, RENEE | O102: Y | Q102: U | R102: RENEE | T102: GLOVER | V102: 553 AUBURN AVE NE | X102: ATLANTA | Y102: GA | Z102: 303121941 | AA102: THE CATALYST GROUP LLC | AB102: BUSINESS CONSULTANT | AD102: 15E | AE102: EARMARKED CONTRIBUTION | AI102: 44024 | AJ102: 100 | AK102: 1000 | BG102: P | BI102: PRIMARY | BK102: A | BL102: ADD | BM102: ITEMIZED RECEIPTS | BN102: 44130.151 | BP102: 14848206E | BQ102: SA11AI | BR102: F3X | BS102: 4.1024202e+18 | BT102: t | BU102: * EARMARKED CONTRIBUTION: SEE BELOW | BV102: 2020 | BW102: SA | BY102: 4.1026202e+18 | BZ102: http://docquery.fec.gov/cgi-bin/fecimg/?202010239336483008 | CA102: Contributions From Individuals/Persons Other Than Political Committees
A103: C00042366 | B103: DSCC | C103: 2020 | D103: M8 | E103: 2.0201024e+17 | F103: 11AI | G103: 14856044 | H103: 1464425 | J103: IND | K103: INDIVIDUAL | N103: GLOVER, RENEE | O103: Y | Q103: U | R103: RENEE | T103: GLOVER | V103: 553 AUBURN AVE NE | X103: ATLANTA | Y103: GA | Z103: 303121941 | AA103: THE CATALYST GROUP LLC | AB103: BUSINESS CONSULTANT | AD103: 15E | AE103: EARMARKED CONTRIBUTION | AI103: 44038 | AJ103: 200 | AK103: 1400 | BG103: P | BI103: PRIMARY | BK103: A | BL103: ADD | BM103: ITEMIZED RECEIPTS | BN103: 44130.151 | BP103: 14856044E | BQ103: SA11AI | BR103: F3X | BS103: 4.1024202e+18 | BT103: t | BU103: * EARMARKED CONTRIBUTION: SEE BELOW | BV103: 2020 | BW103: SA | BY103: 4.1026202e+18 | BZ103: http://docquery.fec.gov/cgi-bin/fecimg/?202010239336483008 | CA103: Contributions From Individuals/Persons Other Than Political Committees
A104: C00042366 | B104: DSCC | C104: 2020 | D104: M8 | E104: 2.0201024e+17 | F104: 11AI | G104: 14923341 | H104: 1464425 | J104: IND | K104: INDIVIDUAL | N104: GLOVER, RENEE | O104: Y | Q104: U | R104: RENEE | T104: GLOVER | V104: 553 AUBURN AVE NE | X104: ATLANTA | Y104: GA | Z104: 303121941 | AA104: THE CATALYST GROUP LLC | AB104: BUSINESS CONSULTANT | AD104: 15E | AE104: EARMARKED CONTRIBUTION | AI104: 44030 | AJ104: 200 | AK104: 1200 | BG104: P | BI104: PRIMARY | BK104: A | BL104: ADD | BM104: ITEMIZED RECEIPTS | BN104: 44130.151 | BP104: 14923341E | BQ104: SA11AI | BR104: F3X | BS104: 4.1024202e+18 | BT104: t | BU104: * EARMARKED CONTRIBUTION: SEE BELOW | BV104: 2020 | BW104: SA | BY104: 4.1026202e+18 | BZ104: http://docquery.fec.gov/cgi-bin/fecimg/?202010239336483009 | CA104: Contributions From Individuals/Persons Other Than Political Committees
...

Sheet Robert Herz
A1: committee_id | B1: committee_name | C1: report_year | D1: report_type | E1: image_number | F1: line_number | G1: transaction_id | H1: file_number | I1: committee_name | J1: entity_type | K1: entity_type_desc | L1: unused_contbr_id | M1: contributor_prefix | N1: contributor_name | O1: recipient_committee_type | P1: recipient_committee_org_type | Q1: recipient_committee_designation | R1: contributor_first_name | S1: contributor_middle_name | T1: contributor_last_name | U1: contributor_suffix | V1: contributor_street_1 | W1: contributor_street_2 | X1: contributor_city | Y1: contributor_state | Z1: contributor_zip | AA1: contributor_employer | AB1: contributor_occupation | AC1: contributor_id | AD1: receipt_type | AE1: receipt_type_desc | AF1: receipt_type_full | AG1: memo_code | AH1: memo_code_full | AI1: contribution_receipt_date | AJ1: contribution_receipt_amount | AK1: contributor_aggregate_ytd | AL1: candidate_id | AM1: candidate_name | AN1: candidate_first_name | AO1: candidate_last_name | AP1: candidate_middle_name | AQ1: candidate_prefix | AR1: candidate_suffix | AS1: candidate_office | AT1: candidate_office_full | AU1: candidate_office_state | AV1: candidate_office_state_full | AW1: candidate_office_district | AX1: conduit_committee_id | AY1: conduit_committee_name | AZ1: conduit_committee_street1 | BA1: conduit_committee_street2 | BB1: conduit_committee_city | BC1: conduit_committee_state | BD1: conduit_committee_zip | BE1: donor_committee_name | BF1: national_committee_nonfederal_account | BG1: election_type | BH1: election_type_full | BI1: fec_election_type_desc | BJ1: fec_election_year | BK1: amendment_indicator | BL1: amendment_indicator_desc | BM1: schedule_type_full | BN1: load_date | BO1: original_sub_id | BP1: back_reference_transaction_id | BQ1: back_reference_schedule_name | BR1: filing_form | BS1: link_id | BT1: is_individual | BU1: memo_text | BV1: two_year_transaction_period | BW1: schedule_type | BX1: increased_limit | BY1: sub_id | BZ1: pdf_url | CA1: line_number_label
A2: C00703975 | B2: BIDEN FOR PRESIDENT | C2: 2019 | D2: YE | E2: 2.020032e+17 | F2: 17A | G2: 1833690 | H2: 1390990 | J2: IND | K2: INDIVIDUAL | N2: HERZ, ROBERT | O2: P | Q2: P | R2: ROBERT | T2: HERZ | V2: 186 NORTHWOODS DR | X2: SOUTH ORANGE | Y2: NJ | Z2: 70791123 | AA2: ROBERT H HERZ LLC | AB2: CONSULTANT | AD2: 15E | AE2: EARMARKED CONTRIBUTION | AI2: 43818 | AJ2: 1000 | AK2: 1000 | BG2: P2020 | BH2: PRIMARY | BI2: PRIMARY | BJ2: 2020 | BK2: A | BL2: ADD | BM2: ITEMIZED RECEIPTS | BN2: 43948.056 | BP2: 1833690E | BQ2: SA17A | BR2: F3P | BS2: 4.0320202e+18 | BT2: t | BU2: * EARMARKED CONTRIBUTION: SEE BELOW | BV2: 2020 | BW2: SA | BY2: 4.0322202e+18 | BZ2: http://docquery.fec.gov/cgi-bin/fecimg/?202003199203953982 | CA2: Contributions From Individuals/Persons Other Than Political Committees
V4: =+V2&X2&Y2&Z2 -> 186 NORTHWOODS DRSOUTH ORANGENJ70791123

Sheet Sheila Bair
A1: committee_id | B1: committee_name | C1: report_year | D1: report_type | E1: image_number | F1: line_number | G1: transaction_id | H1: file_number | I1: committee_name | J1: entity_type | K1: entity_type_desc | L1: unused_contbr_id | M1: contributor_prefix | N1: contributor_name | O1: recipient_committee_type | P1: recipient_committee_org_type | Q1: recipient_committee_designation | R1: contributor_first_name | S1: contributor_middle_name | T1: contributor_last_name | U1: contributor_suffix | V1: contributor_street_1 | W1: contributor_street_2 | X1: contributor_city | Y1: contributor_state | Z1: contributor_zip | AA1: contributor_employer | AB1: contributor_occupation | AC1: contributor_id | AD1: receipt_type | AE1: receipt_type_desc | AF1: receipt_type_full | AG1: memo_code | AH1: memo_code_full | AI1: contribution_receipt_date | AJ1: contribution_receipt_amount | AK1: contributor_aggregate_ytd | AL1: candidate_id | AM1: candidate_name | AN1: candidate_first_name | AO1: candidate_last_name | AP1: candidate_middle_name | AQ1: candidate_prefix | AR1: candidate_suffix | AS1: candidate_office | AT1: candidate_office_full | AU1: candidate_office_state | AV1: candidate_office_state_full | AW1: candidate_office_district | AX1: conduit_committee_id | AY1: conduit_committee_name | AZ1: conduit_committee_street1 | BA1: conduit_committee_street2 | BB1: conduit_committee_city | BC1: conduit_committee_state | BD1: conduit_committee_zip | BE1: donor_committee_name | BF1: national_committee_nonfederal_account | BG1: election_type | BH1: election_type_full | BI1: fec_election_type_desc | BJ1: fec_election_year | BK1: amendment_indicator | BL1: amendment_indicator_desc | BM1: schedule_type_full | BN1: load_date | BO1: original_sub_id | BP1: back_reference_transaction_id | BQ1: back_reference_schedule_name | BR1: filing_form | BS1: link_id | BT1: is_individual | BU1: memo_text | BV1: two_year_transaction_period | BW1: schedule_type | BX1: increased_limit | BY1: sub_id | BZ1: pdf_url | CA1: line_number_label
A2: C00314575 | B2: COLLINS FOR SENATOR | C2: 2020 | D2: 30G | E2: 2.0210703e+17 | F2: 11AI | G2: A3D58225CEB7E491796C | H2: 1522397 | J2: IND | K2: INDIVIDUAL | N2: BAIR, SHEILA | O2: S | Q2: P | R2: SHEILA | T2: BAIR | V2: 14145 SHALLCROSS WHARF RD | X2: KENNEDYVILLE | Y2: MD | Z2: 21645 | AA2: SELF-EMPLOYED | AB2: CORPORATE DIRECTOR/ADVISOR | AD2: 15E | AE2: EARMARKED CONTRIBUTION | AF2: EARMARKED (NON-DIRECTED) THROUGH WINRED | AI2: 44137 | AJ2: 2800 | AK2: 5600 | BG2: G2020 | BI2: GENERAL | BJ2: 2020 | BK2: A | BL2: ADD | BM2: ITEMIZED RECEIPTS | BN2: 44406.15 | BR2: F3 | BS2: 4.0703202e+18 | BT2: t | BV2: 2020 | BW2: SA | BY2: 4.0729202e+18 | BZ2: https://docquery.fec.gov/cgi-bin/fecimg/?202107029450959688 | CA2: Contributions From Individuals/Persons Other Than Political Committees
A3: C00314575 | B3: COLLINS FOR SENATOR | C3: 2020 | D3: 30G | E3: 2.0210703e+17 | F3: 11AI | G3: A9F9DF98DF03D4F3A97E | H3: 1522397 | J3: IND | K3: INDIVIDUAL | N3: BAIR, SHEILA | O3: S | Q3: P | R3: SHEILA | T3: BAIR | V3: 14145 SHALLCROSS WHARF RD | X3: KENNEDYVILLE | Y3: MD | Z3: 21645 | AA3: SELF-EMPLOYED | AB3: CORPORATE DIRECTOR/ADVISOR | AD3: 15E | AE3: EARMARKED CONTRIBUTION | AF3: EARMARKED (NON-DIRECTED) THROUGH WINRED | AI3: 44130 | AJ3: 2800 | AK3: 2800 | BG3: G2020 | BI3: GENERAL | BJ3: 2020 | BK3: A | BL3: ADD | BM3: ITEMIZED RECEIPTS | BN3: 44406.151 | BR3: F3 | BS3: 4.0703202e+18 | BT3: t | BV3: 2020 | BW3: SA | BY3: 4.0729202e+18 | BZ3: https://docquery.fec.gov/cgi-bin/fecimg/?202107029450968062 | CA3: Contributions From Individuals/Persons Other Than Political Committees
A4: C00694323 | B4: WINRED | C4: 2020 | D4: 30G | E4: 2.0210304e+17 | F4: 11AI | G4: AA944DEAA056345CA925 | H4: 1502683 | J4: IND | K4: INDIVIDUAL | L4: C00314575 | N4: BAIR, SHEILA | O4: V | Q4: U | R4: SHEILA | T4: BAIR | V4: 14145 SHALLCROSS WHARF RD | X4: KENNEDYVILLE | Y4: MD | Z4: 216453447 | AA4: SELF-EMPLOYED | AB4: CORPORATE DIRECTOR/ADVISOR | AC4: C00314575 | AD4: 15E | AE4: EARMARKED CONTRIBUTION | AF4: EARMARKED FOR COLLINS FOR SENATOR (C00314575) | AI4: 44130 | AJ4: 2800 | AK4: 2800 | BK4: A | BL4: ADD | BM4: ITEMIZED RECEIPTS | BN4: 44260.61 | BR4: F3X | BS4: 4.0304202e+18 | BT4: t | BV4: 2020 | BW4: SA | BY4: 4.0304202e+18 | BZ4: https://docquery.fec.gov/cgi-bin/fecimg/?202103039432628266 | CA4: Contributions From Individuals/Persons Other Than Political Committees
A5: C00694323 | B5: WINRED | C5: 2020 | D5: 30G | E5: 2.0210304e+17 | F5: 11AI | G5: A73CC33162A4F431F960 | H5: 1502683 | J5: IND | K5: INDIVIDUAL | L5: C00314575 | N5: BAIR, SHEILA | O5: V | Q5: U | R5: SHEILA | T5: BAIR | V5: 14145 SHALLCROSS WHARF RD | X5: KENNEDYVILLE | Y5: MD | Z5: 216453447 | AA5: SELF-EMPLOYED | AB5: CORPORATE DIRECTOR/ADVISOR | AC5: C00314575 | AD5: 15E | AE5: EARMARKED CONTRIBUTION | AF5: EARMARKED FOR COLLINS FOR SENATOR (C00314575) | AI5: 44137 | AJ5: 2800 | AK5: 5600 | BK5: A | BL5: ADD | BM5: ITEMIZED RECEIPTS | BN5: 44260.632 | BR5: F3X | BS5: 4.0304202e+18 | BT5: t | BV5: 2020 | BW5: SA | BY5: 4.0304202e+18 | BZ5: https://docquery.fec.gov/cgi-bin/fecimg/?202103039433544201 | CA5: Contributions From Individuals/Persons Other Than Political Committees
V8: =+V5&X5&Y5&Z5 -> 14145 SHALLCROSS WHARF RDKENNEDYVILLEMD216453447
A11: Row Labels | B11: Sum of contribution_receipt_amount
A12: COLLINS FOR SENATOR | B12: 5600
A13: WINRED | B13: 5600
A14: Grand Total | B14: 11200

Sheet Company PAC
A1: From Open Secrets.com | D1: 2020
A2: Company PAC Name | D2: Political Affiliation | E2: Republican | F2: Democratic | G2: Independent | H2: %Republican | I2: %Democrat

Sheet Amazon Example
A1: Company | B1: Board | C1: Exec | D1: Employer | E1: Fname | F1: MI | G1: Lname | H1: Gender | I1: State | J1: Age | K1: DOB | L1: Dem | M1: Rep | N1: Reg | O1: Address
A2: Amazon | B2: Y | C2: Y | D2: Amazon | E2: Jeffrey | F2: P | G2: Bezos | H2: M | I2: WA | J2: 57 | K2: 23388 | L2: 20000 | O2: Seattle
A3: Amazon | B3: Y | C3: Y | D3: Amazon | E3: Keith | F3: B | G3: Alexander | H3: M | I3: WA | J3: 69 | K3: 18964 | L3: 5000 | O3: Seattle 98109
A4: Amazon | B4: Y | C4: N | D4: Wilmer Cutler Pickering | E4: Jamie | F4: S | G4: Gorelick | H4: F | I4: DC | J4: 70 | K4: 18389 | L4: 34180 | O4: Cambridge 02138
A5: Amazon | B5: Y | C5: N | D5: MIT | E5: Daniel | F5: P | G5: Huttenlocher | H5: M | I5: MA | J5: 62 | K5: 21731 | L5: 1800
A6: Amazon | B6: Y | C6: N | D6: MTV | E6: Judith | F6: A | G6: McGrath | H6: F | I6: NY | J6: 68 | K6: 19177 | L6: 7509 | O6: 10024
A7: Amazon | B7: Y | C7: N | D7: Pepsico | E7: Indra | F7: K | G7: Nooyi | H7: F | I7: CT | J7: 65 | K7: 20390
A8: Amazon | B8: Y | C8: N | D8: . | E8: Jonathan | F8: J | G8: Rubinstein | H8: M | J8: 64 | K8: 20743
A9: Amazon | B9: Y | C9: N | D9: . | E9: Thomas | F9: O | G9: Ryder | H9: M | J9: 76 | K9: 16253
A10: Amazon | B10: Y | C10: N | D10: . | E10: Patricia | F10: Q | G10: Stonesifer | H10: F | I10: WA | J10: 64 | K10: 19905
A11: Amazon | B11: Y | C11: N | E11: Wendell | F11: P | G11: Weeks | H11: M | I11: NY | J11: 61 | K11: 21731
A12: Amazon | B12: N | C12: Y | D12: Amazon | E12: Brian | F12: T | G12: Olsavsky | H12: M | I12: WA | J12: . | K12: . | O12: Mercer Island, WA
A13: Amazon | B13: Y | C13: Y | D13: Amazon | E13: David | F13: H | G13: Clark | H13: M | I13: WA | J13: 48 | K13: 26845
A14: Amazon | B14: Y | C14: Y | D14: Amazon | E14: Andrew | F14: R | G14: Jassy | H14: M | I14: WA | J14: 53 | K14: 24850
A15: Amazon | B15: Y | C15: Y | D15: Amazon | E15: David | F15: A | G15: Zapolsky | H15: M | I15: WA | J15: . | K15: 23192
